1b8550bf-b976-4928-a451-711dce932f10;Oh, oh, baby you can walk, you can talk just like me. You can walk, you can talk just like me. You can look, tell me what you see. You can look, you won't see nothing like me. If you look around the world. Oh, baby you can walk, you can talk just like me. With a little practice you can walk like, talk just like me. If that's what you wanna do. Well you can look, you'll walk in circles around me. But first, I'll walk in circles around you. But first, I'll walk around the world. I'm walking 'round the world. I. you can. I'll walk in circles around you. But first, show me what you can do. 
00abcd0d-19ca-44dd-b3d5-e44e357b79d9;This and that, they must be the same. what is legal is just what's real. what I'm given to understand. is exactly what I steal. I wormed my way into the heart of the crowd. I wormed my way into the heart of the crowd. I was shocked to find what was allowed. I didn't lose myself in the crowd. Shot by both sides. on the run to the outside of everything. shot by both sides. they must have come to a secret understanding. New offences always in my nerves. they're taking my time by force. They all sound the same when they scream. they have to rewrite all the books again. as a matter of course. I wormed my way. Shot by both sides. 'Why are you so edgy, Kid?'. asks the man with the voice. one thing follows another. you live and learn, you have no choice. I wormed my way. Shot by both sides. I don't ask who's doing the shooting. shot by both sides. we must have come to a secret understanding. we must have come to a secret understanding. 
c83a2cda-3567-47cb-a15b-22eb4e87434a;NA
8baf5457-194a-4dc2-b96e-4c975785ae03;I just want a lover like any other, what do I get? I only want a friend who will stay to the end, what do I get? What do I get? Oh oh what do I get? What do I get? Oh oh what do I get? I'm in distress, I need a caress, what do I get? I'm not on the make I just need a break, what do I get? What do I get? Oh oh what do I get? What do I get? Oh oh what do I get? I only get sleepless nights. Alone here in my half-empty bed. For you things seem to turn out right. I wish they'd only happen to me instead. What do I get? Oh oh what do I get? What do I get? Oh oh what do I get? Oh. I only get sleepless nights. Alone here in my half-empty bed. For you things seem to turn out right. I wish they'd only happen to me instead. What do I get? Oh oh what do I get? What do I get? Oh oh what do I get? I just want a lover like any other, what do I get? I only want a friend who will love to the end, what do I get? What do I get? Oh oh what do I get? What do I get? Oh oh what do I get? Well let me tell you now. (What do I get?). (What do I get?). (What do I get?) I get no love. (What do I get?) I get no sleep at nights. (What do I get?) I get nothing that's nice. (What do I get?) I get nothing at all, at all, at all, at all, at all, at all, at all. 'Cause I don't get you. 
c177873c-122a-46af-9b19-bd5a8320ca43;I don't mind you comin' here. And wastin' all my time. 'Cause when you're standin' oh-so near. I kinda lose my mind. It's not the perfume that you wear. It's not the ribbons in your hair. And I don't mind you comin' here. And wastin' all my time. I don't mind you hangin' out. And talkin' in your sleep. It doesn't matter where you've been. As long as it was deep, yeah. You always knew to wear it well and. You look so fancy, I can tell. And I don't mind you hangin' out. And talkin' in your sleep. I guess you're just what I needed  (Just what I needed). I needed someone to feed. I guess you're just what I needed (Just what I needed). I needed someone to bleed. I don't mind you comin' here. And wastin' all my time, time. 'Cause when you're standin' oh-so near. I kinda lose my mind, yeah. It's not the perfume that you wear. It's not the ribbons in your hair. And I don't mind you comin' here. And wastin' all my time. I guess you're just what I needed (Just what I needed). I needed someone to feed. I guess you're just what I needed (Just what I needed). I needed someone to bleed. I guess you're just what I needed (Just what I needed). I needed someone to feed. I guess you're just what I needed (Just what I needed). I needed someone to bleed. Yeah, yeah, so bleed me. (You're just what I needed). (You're just what I needed). Yeah. (You're just what I needed). Yeah, yeah yeah. 
50d6e276-10eb-4e4e-9cc7-b9e87920f4d0;NA
03180e9d-0db1-4fbb-9de4-4fbc1a1c5e1d;In the summer that I was baptized. my father held me to his side. As they put me to the water. he said how on that day I cried. We were prisoners of love, a love in chains. He was standin' in the door I was standin' in the rain. With the same hot blood burning in our veins. Adam raised a Cain. All of the old faces. ask you why you're back. They fit you with position. and the keys to your daddy's Cadillac. In the darkness of your room. your mother calls you by your true name. You remember the faces, the places, the names. You know it's never over it's relentless as the rain. Adam raised a Cain. In the Bible Cain slew Abel. and East of Eden he was cast. You're born into this life paying. for the sins of somebody else's past. Daddy worked his whole life for nothing but the pain. Now he walks these empty rooms looking for something to blame. You inherit the sins, you inherit the flames. Adam raised a Cain. Lost but not forgotten, from the dark heart of a dream. Adam raised a Cain. 
6b783e20-5d2d-44e9-9762-dce8fc849ae5;I've come across the desert. To greet you with a smile. My camel looks so tired. It's hardly worth my while. To tell you of my travels. Across the golden East. I see your preparations. Invite me first to feast. Take me I'm yours. Because dreams are made of this. Forever there'll be a heaven in your kiss. Amusing belly dancers. Distract me from my wine. Across Tibetan mountains. Are memories of mine. I've stood some ghostly moments. With natives in the hills. Recorded here on paper. My chills and thrills and spills. Take me I'm yours. Because dreams are made of this. Forever there'll be a heaven in your kiss. It's really been some welcome. You never seem to change. A grape to tempt your leisure. Romantic gestures strange. My eagle flies tomorrow. It's a game I treasure dear. To seek the helpless future. My love at last I'm here. Take me I'm yours. Because dreams are made of this. Forever there'll be a heaven in your kiss. 
d50716ad-3472-4114-bf15-cd6c32af63bf;NA
9ba43ed4-edc3-4372-9e99-a06e90e7aff4;I've been holding out so long. I've been sleeping all alone. Lord I miss you. I've been hanging on the phone. I've been sleeping all alone. I want to kiss you. Oooh oooh oooh oooh. Oooh oooh oooh oooh. Oooh oooh oooh. Oooh oooh oooh oooh. Oooh oooh oooh oooh. Oooh oooh oooh. Well, I've been haunted in my sleep. You've been starring in my dreams. Lord I miss you, tonight. I've been waiting in the hall. Been waiting on your call. When the phone rings. It's just a friend of mine that say. "Hey, what's the matter, man? We're gonna come around at twelve. With some Puerto Rican girls that are just dyin' to meet you. We're gonna bring a case of wine. Hey, let's go mess and fool around. You know, like we used to". Aaah aaah aaah aaah. Aaah aaah aaah aaah. Aaah aaah aaah. Aaah aaah aaah aaah. Aaah aaah aaah aaah. Aaah aaah aaah. Ooh baby why you wait so long. Oh baby why you wait so long. Won't you come home, come home. I've been walking in Central Park. Singing after dark. People think I'm crazy. Stumbling on my feet. Shuffling through the street. Asking people, "What's the matter with you, boy?". Sometimes I want to say to, to myself. Sometimes I say. Oooh oooh oooh oooh. Oooh oooh oooh oooh. Oooh oooh oooh. I guess I'm lying to myself. It's just you and no one else. Lord I won't miss you child. Aaah aaah aaah aaah. Aaah aaah aaah aaah. Aaah aaah aaah. Aaah aaah aaah aaah. Aaah aaah aaah aaah. Aaah aaah aaah. Lord, I miss you child. Aaah aaah aaah aaah. Aaah aaah aaah aaah. Aaah aaah aaah. Yes, baby. 
e2bce253-22ca-425a-92cd-de3ed2f04a70;She's a model and she's looking good. I'd like to take her home that's understood. She plays hard to get, she smiles from time to time. It only takes a camera to change her mind. She's going out to nightclubs drinking just champagne. And she has been checking nearly all the men. She's playing her game and you can hear them say. She is looking good, for beauty we will pay. She's posing for consumer products now and then. For every camera she gives the best she can. I saw her on the cover of a magazine. Now she's a big success, I want to meet her again. 
0d869ba3-a3ed-4010-8fd2-de235e6db55d;I'm in the phone booth, it's the one across the hall. If you don't answer I'll just ring it off the wall. I know he's there but I just had to call. Don't leave me hanging on the telephone. Don't leave me hanging on the telephone. I heard your mother, now she's going out the door. Did she go to work or just go to the store? All those things she said I told you to ignore. Oh, why can't we talk again? Oh, why can't we talk again? Oh, why can't we talk again? Don't leave me hanging on the telephone. Don't leave me hanging on the telephone. It's good to hear your voice, you know it's been so long. If I don't get your calls then everything goes wrong. I want to tell you something you've known all along. Don't leave me hanging on the telephone. I had to interrupt and stop this conversation. Your voice across the line gives me a strange sensation. I'd like to talk when I can show you my affection. Oh, I can't control myself. Oh, I can't control myself. Oh, I can't control myself. Don't leave me hanging on the telephone. Hang up and run to me. (Oh). Hang up and run to me. (Oh). Hang up and run to me. (Oh). Hang up and run to me. (Oh-woah-woah-oh). Run to me, yeah. 
43234a0f-840c-4524-9869-2fe682c65324;Sailing under a false flag. We're crossing the IDL. Becalmed where no creature lives. Lost, forsaken, cursed. Holed below the water line. A shift in the plimsoll line. Pumps in the engine room. Women and children first. Hysterical, no humour. Sabotage, a rumour. Captain-less and captionless. Injury, hunger, thirst. Reptile, prehensile, servile, editorial, gentile, fatal. 
0684d60b-a7ad-4f40-8ed9-bc7d1fb1a702;Whoa-oh-oh. Whoa-oh-oh. Whoa-oh-oh. Sleep lay behind me like a broken ocean. Strange waking dreams before my eyes unfold. You lay there sleeping like an open doorway. I stepped outside myself and felt so cold. Take a look at my new toy. It'll blow your head in two, oh boy. Truth hits everybody. Truth hits everyone (Whoa-oh-oh). Truth hits everybody (Whoa-oh-oh). Truth hits everyone (Whoa-oh-oh). Truth hits everybody (Whoa-oh-oh). Truth hits everyone. I thought about it and my dream was broken. I clutch at images like dying breath. And I don't want to make a fuss about it. The only certain thing in life is death. Take a look at my new toy. It'll blow your head in two, oh boy. Truth hits everybody. Truth hits everyone (Whoa-oh-oh). Truth hits everybody (Whoa-oh-oh). Truth hits everyone (Whoa-oh-oh). Truth hits everybody (Whoa-oh-oh). Truth hits everyone. Where you want to be. Won't you ever see. Ooh. Truth hits everybody. Truth hits everyone (Whoa-oh-oh). Truth hits everybody (Whoa-oh-oh). Truth hits everyone (Whoa-oh-oh). Truth hits everybody (Whoa-oh-oh). Truth hits everyone (Whoa-oh-oh). Truth hits everybody (Whoa-oh-oh). Truth hits everyone (Whoa-oh-oh). Truth hits everybody (Whoa-oh-oh). Truth hits everyone, now! 
06ace930-49e4-4e0e-a679-faf948e77aa4;I take a step outside. And I breath the air. And I slam the door. And I'm on my way. I won't lay no blame. I won't call you names. 'Cause I've made my break. And I won't look back. I've turned my back. On those endless games. I'm all through with ties. I'm all tired of tears. I'm a happy man. Don't it look that way. Shakin' dust from my shoes. There's a road ahead. And there's no way back home (no way back home). Oh but I have to say. Leavin' home ain't easy. Oh I never thought it would be easy. Leavin' on your own. Oh is the main thing calling me back. Leavin' home ain't easy. On the one you're leavin' home. Stay my love my love please stay. Stray my love what's wrong my love? What's right my love? Oh leavin' home ain't easy. I thought how could I think of leavin'. Leavin' on your own. Still tryin' to persuade me that. Leavin' home ain't necessarily the only way. Leavin' home ain't easy. But may be the only way. 
c66a4821-6df2-4b3e-9ca0-1a59777533d5;Something about the way you taste. Makes me want to clear my throat. There's a method to your movements. That really gets my goat. I looked for silver linings. But you're rotten to the core. I've had just about all I can take. You know I can't take it no more. I've got a gut feeling. I've got a gut feeling. I've got a gut feeling, feeling. Centered 'round long time ago. On your ability to torment. Then you took your tongs of love. And stripped away my garment. I looked for silver linings. But you're rotten to the core. I've had just about all I can take. You know I can't take it no more. I've got a gut feeling. I've got a gut feeling. I've got a gut feeling, feeling. I've got a gut feeling. I've got a gut feeling, feeling. I've got a gut feeling. I've got a gut feeling, feeling. I've got a gut feeling. I've got a gut feeling, feeling. I've got a gut feeling. I've got a gut feeling, feeling. I've got a gut feeling. I've got a gut. woooo, hoo-hoo-hoo-hoo. OHHH. Slap your mammy down. Slap your pappy down again. Slap your mammy down. Slap your pappy down again. Slap your mammy down. Slap your pappy down again. Slap your mammy down. Slap your pappy down again. Slap your mammy down. Slap your pappy down again, oh move it up and down now. Slap your mammy down. Slap your pappy down again, oh move it all around now. Slap your mammy down. Slap your pappy down again, oh move it up and down now. Slap your mammy down. Slap your pappy down again, oh move it all around now. 
645d28bb-9d44-48fd-b9af-f9f3005266d2;Bet you didn't think I knew how to rock 'n' roll. Oh, I got the boogie-woogie right down in my very soul. There ain't no need for me to be a wallflower. 'Cause now I'm living on blues power. I knew all the time but now I'm gonna let you know:. I'm gonna keep on rocking, no matter if it's fast or slow. Ain't gonna stop until the twenty-fifth hour. 'Cause now I'm living on blues power. Bet you didn't think I knew how to rock 'n' roll. Oh, I got the boogie-woogie right down in my very soul. There ain't no need for me to be a wallflower. 'Cause now I'm living on blues power. I'm talking to you, now. The blue's are gonna pull me through. Keep on, keep on, keep on keeping on. Keep on keeping on, keep on keeping on. 
12da0980-a411-47eb-956d-f4c65e0737be;It's getting near dawn. When lights close their tired eyes. I'll soon be with you, my love. Give you my dawn surprise. I'll be with you, darling, soon. I'll be with you when the stars start falling. I've been waiting so long. To be where I'm going. In the sunshine of your love. I'm with you, my love. The light's shinin' through on you. Yes, I'm with you, my love. It's the morning and just we two. I'll stay with you, darling, now. I'll stay with you 'til my seas are all dried up. I've been waiting so long. To be where I'm going. In the sunshine of your love. I'm with you, my love. The light's shinin' through on you. Yes, I'm with you, my love. It's the morning and just we two. I'll stay with you, darling, now. I'll stay with you 'til my seas are all dried up. I've been waiting so long. I've been waiting so long. I've been waiting so long. To be where I'm going. In the sunshine of your love. 
1bd8320b-75c7-4f1e-8b73-c8bfe2158c19;I don't care if you never come home. I don't mind if you just. Keep on rowin' away on a distant sea. 'Cause I don't love you and you don't love me. You cause a commotion when you come to town. You give 'em a smile and they melt. Having lovers and friends is all good and fine. But I don't like yours and you don't like mine. La la, la la-la la la. La la, la la-la la la. I don't care what you do at night. Oh, and I don't care how you get your delights. I'm gonna leave you alone, I'll just let it be. I don't love you and you don't love me. I got a problem, can you relate? I got a woman callin' love hate. We made a vow we'd always be friends. How could we know that promises end? La la, la la-la la la. La la, la la-la la la. I tried to love you for years upon years. You refuse to take me for real. It's time you saw what I want you to see. And I'd still love you if you'd just love me. I got a problem, can you relate? I got a woman callin' love hate. We made a vow we'd always be friends. How could we know that promises end? La la, la la-la la la. La la, la la-la la la. La la, la la-la la la. La la, la la-la la la. 
16555dd6-3304-4dc1-b030-7461a00c86a6;There is nothing that is wrong. In wanting you to stay here with me. I know you've got somewhere to go. But won't you make yourself at home and stay with me? And don't you ever leave. Lay down, Sally, and rest here in my arms. Don't you think you want someone to talk to? Lay down, Sally, no need to leave so soon. I've been trying all night long just to talk to you. The sun ain't nearly on the rise. And we still got the moon and stars above. Underneath the velvet skies. Love is all that matters, won't you stay with me? And don't you ever leave. Lay down, Sally, and rest here in my arms. Don't you think you want someone to talk to? Lay down, Sally, no need to leave so soon. I've been trying all night long just to talk to you. I long to see the morning light. Colouring your face so dreamily. So don't you go and say goodbye. You can lay your worries down and stay with me. And don't you ever leave. Lay down, Sally, and rest here in my arms. Don't you think you want someone to talk to? Lay down, Sally, no need to leave so soon. I've been trying all night long just to talk to you. Lay down, Sally, and rest here in my arms. Don't you think you want someone to talk to? Lay down, Sally, there's no need to leave so soon. I've been trying all night long just to talk to you. 
4861777d-8160-4610-b054-ad325e66e5d4;You ain't nothing but a hound dog. Been snoopin' round my door. You ain't nothing but a hound dog. Been snoopin' round my door. You can wag your tail. But I ain't gonna feed you no more. You told me you was high class. I could see through that. You told me you was high class. I could see through that. And baby I know. You ain't no real cool cat. You ain't nothing but a hound dog. Been snoopin' round my door. You ain't nothing but a hound dog. Been snoopin' round my door. You can wag your tail. But I ain't gonna feed you no more. You made me feel so blue. You made me weep and moan. You made me feel so blue. You made me weep and moan. 'Cause I'm looking for a woman. All your lookin' for is a home. You ain't nothing but a hound dog. Been snoopin' round my door. You ain't nothing but a hound dog. Been snoopin' round my door. You can wag your tail. But I ain't gonna feed you no more. 
322f1aed-8b59-4b17-98fa-2ab6717d9212;In the white room with black curtains near the station. Black-roof country, no gold pavements, tired starlings. Silver horses, ran-down moonbeams, in your dark eyes. Dawn-light smiles on you leaving my contentment. I'll wait in this place. Where the sun never shines. Wait in this place. Where the shadows run from themselves. You said no strings could secure you at the station. Platform ticket, restless diesels, goodbye windows. I walked into such a sad time at the station. As I walked out, felt my own need just beginning. I'll wait in the queue. When the trains come back. Lie with you. Where the shadows run from themselves. At the party, she was kindness in the hard crowd. Consolation for the old wound now forgotten. Yellow tigers crouched in jungles in her dark eyes. She's just dressing, goodbye windows, tired starlings. I'll sleep in this place. With the lonely crowd. Lie in the dark. Where the shadows run from themselves. 
1457b5e2-88b9-4bfb-9fdf-6f381e1826b0;Thinkin' 'bout the times you drove in my car. Thinkin' that I might have drove you too far. And I'm thinkin' 'bout the love that you laid on my table. I told you not to wander 'round in the dark. I told you 'bout the swans that they live in the park. Then I told you 'bout our kid, now he's married to Mabel. Yes, I told you that the light goes up and down. Don't you notice how the wheel goes 'round? And you'd better pick yourself up from the ground. Before they bring the curtain down. Yes, before they bring the curtain down, woo-ooh. Get up, get up, get up. Yeah, yeah, yeah. Yeah, yeah, yeah. Talkin' 'bout a girl that looks quite like you. She didn't have the time to wait in the queue. She cried away her life since she fell off the cradle. 
2484e47b-7039-46ac-b96b-9612eeb5d116;It's in the way that you use it. It comes and it goes. It's in the way that you use it. Boy, don't you know? And if you lie you will lose it. Feelings will show. So don't you ever abuse it. Don't let it go. Nobody right till somebody wrong. Nobody weak till somebody strong. No one get lucky till luck comes along. Nobody lonely till somebody gone. It's in the way that you use it. It comes and it goes. It's in the way that you use it. Boy, don't you know, yeah. It's in the way that you use it. It comes and it goes. It's in the way that you use it. Boy, don't you know? And if you lie you will lose it. Feelings will show. So don't you ever abuse it. Don't let it go. I've seen dark skies, never like this. Walked on some thin ice, never like this. I've told you white lies, never like this. Looked into true eyes, never like this. It's in the way that you use it. Boy, don't you know? So don't you ever abuse it. Don't let it go, yeah. 
b3b0a7a9-5cc9-4c93-9c2c-a2dcd0376411;She's waiting for another love. She's waiting for another love. She's been waiting for another love,. Someone that she can show into her heart. And when she finally finds a stronger love,. Your whole world's gonna fall apart. She's waiting for another love. She's waiting for another love. You've been abusing her for far too long,. Think you're a king and she's your pawn. Get ready now, 'cause pretty soon. She'll be gone and you'll be on your own. She's waiting for another love. She's waiting for another love. I see the hunger burning in her eye,. Any fool could see there's something wrong. You keep pretending not to care,. But I will hear you sing a different song. She's waiting for another love. She's waiting for another love. Waiting for another lover,. Hoping for the time that she'll find another. 
00890bea-709a-49a9-a08d-d5843051845f;After midnight, we're gonna let it all hang down. After midnight, we're gonna chug-a-lug and shout. We're gonna stimulate some action. We're gonna get some satisfaction. We're gonna find out what it is all about. After midnight, we're gonna let it all hang down. After midnight, we're gonna shake your tambourine. After midnight, it's all gonna be peaches and cream. We're gonna cause talk and suspicion. We're gonna give an exhibition. We're gonna find out what it is all about. After midnight, we're gonna let it all hang down. After midnight, we're gonna let it all hang down. After midnight, we're gonna shake your tambourine. After midnight, it's all gonna be peaches and cream. Gonna cause talk and suspicion. We're gonna give an exhibition. We're gonna find out what it is all about. After midnight, we're gonna let it all hang down. After midnight, we're gonna let it all hang down. After midnight, we're gonna let it all hang down. After midnight, we're gonna let it all hang down. After midnight, we're gonna let it all hang down. 
4f724534-4241-4c73-b5da-999c0543ff6e;I went down to the crossroads. Fell down on my knees. Down to the crossroads. Fell down on my knees. Asked the Lord above for mercy. "Take me, if you please". I went down to the crossroads. Tried to flag a ride. Down to the crossroads. Tried to flag a ride. Nobody seemed to know me. Everybody passed me by. Well, I'm going down to Rosedale. Take my rider by my side. Going down to Rosedale. Take my rider by my side. You can still barrelhouse, baby. On the riverside. Going down to Rosedale. Take my rider by my side. Going down to Rosedale. Take my rider by my side. You can still barrelhouse, baby. On the riverside. You can run, you can run. Tell my friend boy Willie Brown. Run, you can run. Tell my friend boy Willie Brown. And I'm standing at the crossroads. Believe I'm sinking down. 
0fb17417-6bff-4abe-baaf-cf5298b7ea05;If you wanna hang out. You've got to take her out, cocaine. If you wanna get down. Down on the ground, cocaine. She don't lie. She don't lie. She don't lie. Cocaine. If you got bad news. You wanna kick them blues, cocaine. When your day is done. And you wanna run, cocaine. She don't lie. She don't lie. She don't lie. Cocaine. If your thing is gone. And you wanna ride on, cocaine. Don't forget this fact. You can't get it back, cocaine. She don't lie. She don't lie. She don't lie. Cocaine. She don't lie. She don't lie. She don't lie. Cocaine. 
61aecedb-014a-49e2-9aac-d140d427c885;What'll you do when you get lonely. But nobody's waiting by your side? You've been running and hiding much too long. You know it's just your foolish pride. Layla. You've got me on my knees. Layla. I'm begging, darling, please. Layla. Darling, won't you ease my worried mind? I tried to give you consolation. When your old man had let you down. Like a fool, I fell in love with you. You turned my whole world upside down. Layla. You've got me on my knees. Layla. I'm begging, darling, please. Layla. Darling, won't you ease my worried mind? Let's make the best of the situation. Before I finally go insane. Please don't say we'll never find a way. And tell me all my love's in vain. Layla. You've got me on my knees. Layla. I'm begging, darling, please. Layla. Darling, won't you ease my worried mind? Layla. You've got me on my knees. Layla. I'm begging, darling, please. Layla. Darling, won't you ease my worried mind? Whoo, whoo, whoo, whoo, whoo, whoo. Whoo, whoo, whoo. Whoo, whoo, whoo. 
19343a23-5d2f-4d65-b2b8-3367317e04e4;You've been told. So maybe it's time that you learned. You've been sold. Maybe it's time that you earned. I can't stand it. You're fooling around, I can't stand it. You're running around, I won't stand it. You're fooling around with my heart. I'll explain. I feel like I'm being used. Make it plain. So you don't get confused. I can't stand it. Fooling around, I won't stand it. You're running around, I can't stand it. Fooling around with my heart. I can't stand it. You're running around, I can't stand it. You're fooling around, I can't stand it. You're playing around with my heart. It's time. Time for me to let you know. Ain't no crime. No crime to let your feelings show. I can't stand it. You're running around, I can't stand it. You're playing around, I can't stand it. You're fooling around, I can't stand it. You're running around, I can't stand it. You're playing around, I can't stand it. Fooling around, I can't stand it. Running around, I can't stand it. Running around, I won't stand it. Running around, I won't stand it. You're fooling around, I won't stand it. You're fooling around with my heart. You're fooling around with my heart. My heart. Running around. Fooling around with my heart. Fooling around, I won't stand it. Running around, I won't stand it. Fooling around, I won't stand it. Fooling around, I won't stand it. Fooling around, I won't stand it. Running around, I can't stand it. Fooling around, I can't stand it. Running around. Running around. Running around. Running around. Running around. Run, run, run, runing. 
3630acee-90c6-456e-9ff1-d9b0b181bea6;How many times must I tell you, babe? How many bridges I've got to cross? How many times must I explain myself. Before I can talk to the boss? 'Fore I can talk to the boss? How many times must I say "I love you". Before you finally understand? Won't you be my forever woman? I'll try to be your forever man. Try to be your forever man. How many times must I say "I love you". Before you finally understand? Won't you be my forever woman? I'll try to be your forever man. Try to be your forever man. Forever man, forever man, forever man. Forever man, forever man, forever man. Try to be your forever man. Forever man, forever man, forever man. Forever man, forever man, forever man. Forever man, forever man, forever man. Try to be your forever man. 
5d7cf9a9-4861-4e58-83d6-485d676b6df3;I shot the sheriff. But I did not shoot the deputy. I shot the sheriff. But I didn't shoot the deputy. All around in my hometown. They're trying to track me down. They say they want to bring me in guilty. For the killing of the deputy. For the life of a deputy, but I said. I shot the sheriff. But I swear it was in self defense. I shot the sheriff. And they say it is a capital offense. Sheriff John Brown always hated me. For what? I don't know. But every time that I plant a seed. He said "Kill it before it grows". He said "Kill it before it grows". I said. I shot the sheriff. But I swear it was in self defense. I shot the sheriff. But I swear it was in self defense. Freedom came my way one day. And I started out of town, yeah. All of a sudden I see Sheriff John Brown. Aiming to shoot me down. So I shot, I shot him down, I said. I shot the sheriff. But I did not shoot the deputy. I shot the sheriff. But I didn't shoot the deputy. Reflexes got the better of me. And what is to be must be. Every day the bucket falls to the well. But one day the bottom will drop out. Yes, one day the bottom will drop out, I said. I shot the sheriff. But I didn't shoot the deputy. Oh no, oh no. I shot the sheriff. But I did not shoot no deputy. Oh no. 
08f3b99d-72d2-4207-a54b-b01a26b15c2d;Strange brew. Killin' what's inside of you. She's a witch of trouble in electric blue. In her own mad mind she's in love with you, with you. Now what you gonna do? Strange brew. Killin' what's inside of you. She's some kind of demon messing in the glue. If you don't watch out it'll stick to you, to you. What kind of fool are you? Strange brew. Killin' what's inside of you. On a boat in the middle of a raging sea. She would make a scene for it all to be ignored. And wouldn't you be bored? Strange brew. Killin' what's inside of you. Strange brew, strange brew. Strange brew, strange brew. Strange brew. Killin' what's inside of you. 
936ff3dd-034f-42c6-8c16-4528d93136bd;Well, she's walking through the clouds. With a circus mind that's running around. Butterflies and zebras and fairy tales. That's all she ever thinks about. And when I'm sad, she comes to me. A thousand smiles she gives to me free. Said it's all right, take anything you want from me. Well, she's walking through the clouds. With a circus mind that's running around. Butterflies and zebras and fairy tales. That's all she ever thinks about. And when I'm sad, she comes to me. With a thousand smiles she gives to me free. Said it's all right, take anything you want from me, baby. Whoo. Fly on little wing. Baby, baby. 
11e5fd83-42d3-4f08-aa7f-1cc59d032e7a;Oh, what a feeling I get when I'm with you. You take my heart into everything you do. And it makes me sad for the lonely people. I walked that road for so long. Now I know that I'm one of the lucky people. Your love is making me strong. I've had enough bad love. I need something I can be proud of. I've had enough bad love. No more bad love. And now I see that my life has been so blue. With all the heartaches I had till I met you. But I'm glad to say now that's all behind me. With you here by my side. And there's no more memories to remind me. Your love will keep me alive. I've had enough bad love. I need something I can be proud of. I've had enough bad love. No more bad love. I've had enough bad love. I need something I can be proud of. I've had enough bad love. No more bad love. I've had enough. I've had enough. No more bad love. I've had enough. I've had enough. No more bad love. 
07b5622d-b882-4e63-b4b7-1d8a604a399f;NA
20c8cb00-0a89-423c-96a1-f525f04d25c9;Night after day, day after night. White after black, black after white. Fight after peace, peace after fight. Life after death, death after life. Night after day, day after night. White after black, black after white. Fight after peace, peace after fight. Life after death, death after life. Night after day, day after night. White after black, black after white. Fight after peace, peace after fight. Life after death, death after life. 
4deae05f-9935-4ea9-98e4-fab0aae6ed8f;I don't want to lose you,. This good thing that I've got. If I do, I would surely, surely lose a lot,. 'Cause your love is better than any love I know. It's like thunder, lightning,. The way you love me is frightening. Think I'd better knock on wood, baby. I'm not superstitious about you, I can't take no chance. You got me spinning, baby. Baby, I'm in a trance,. 'Cause your love is better than any love I know. It's like thunder, lightning,. The way you love me is frightening. Think I'd better knock on wood, baby. Ain't no secret, that woman is my loving cup. She sees to it that I get it up. Just one touch from her, you know can do so much. It's like thunder, lightning,. The way you love me is frightening. Think I'd better knock on wood, baby. Think I better knock, knock, knock on wood. Think I better knock, knock, knock on wood. 
04db9c6a-99b7-48cd-87a1-21a73cc4b746;NA
1745ee3b-c1f9-4858-ab4a-2c1e61fb5b0f;Does he kiss your eyelids in the morning. When you start to raise your head? And does he sing to you, incessantly,. From the space between your bed and wall? Does he walk around all day at school,. With his feet inside your shoes? Looking down every few steps. To pretend he walks with you? Oh, Does he know that place below your neck. That's your favorite to be touched? And does he cry through broken sentences like,. "I love you far too much"? Does he lay awake listening to your breath? Worried you smoke too many cigarettes? Is he coughing now? On a bathroom floor? For every speck of tile. There's a thousand more. You won't ever see. But must hold inside yourself. Eternally. Well, I drug your ghost across the country. And we plotted out my death. In every city, memories would whisper,. "Here is where you rest. ". I was determined in Chicago. But I dug my teeth into my knees. And I settled for a telephone. Sang into your machine,. "You are my sunshine,. My only sunshine. You are my sunshine,. My only sunshine. ". And I kissed a girl with a broken jaw. That her father gave to her. She had eyes bright enough to burn me ,. They reminded me of yours. And in a story told, she was a little girl in a red-rouge, sun-bruised field. And there were rows of ripe tomatoes, where a secret was concealed. And it rose like thunder. Clapped under our hands. And it stretched for centuries. To a diary entry's end. Where I wrote,. "You make me happy,. Oh, when skies are gray. You make me happy. Oh, when skies are gray, and gray, and gray. ". Well the clock's heart it hangs inside its open chest. With its hands stretched towards the calendar hanging itself. But I will not weep. For those dying days. For all the ones who've left. There's a few that stayed. And they found me here. And pulled me from the grass. Where I was laid. 
17ca445d-9433-42db-ab79-d6b22e28e505;One of us. Won't last the night. Between you and me, it's no surprise. There's two of us,. Both can't be right. Neither will move till it's over. I'm the center of attention in the walls inside my head. And no one will ever know it if I keep my mouth shut tight. My own little world is what I deserve. 'Cause I am the only child there is. I'm king of it all, the belle of the ball. I promise I've always been like this. Forever the first, my bubble can't burst. It's almost like only I exist. Where everything's fine, if I can keep my mouth shut tight. tight. tight. All by myself, I'm so much better on my own. And way out there, it is the same old place that it always has been. I'm the center of attention in the walls inside my head. And no one will ever know it if I keep my mouth shut tight. tight. tight. My own little world is what I deserve. 'Cause I am the only child there is. I'm king of it all, the belle of the ball. I promise I've always been like this. Forever the first, my bubble can't burst. It's almost like only I exist. Where everything's fine, if I can keep my mouth shut tight. tight. tight. One of us. Won't last the night. Between you and me, it's no surprise. There's two of us,. Both can't be right. Neither will move till it's over. I'm the center of attention in the walls inside my head. And no one will ever know it if I keep my mouth shut tight. Yeah, no one will ever notice if I keep my mouth shut tight. tight. tight. My own little world is what I deserve. 'Cause I am the only child there is. I'm king of it all, the belle of the ball. I promise I've always been like this. Forever the first, my bubble can't burst. It's almost like only I exist. Where everything's fine, if I can keep my mouth shut tight. tight. tight. 
95513667-251d-418a-b5e5-1527692a65d4;I hang my head down on Hollywood. 'Cause either way you look down it's just stars. And I'm making my way down the Cherokee. To get drunk in a bar. And I know my friends, they worry about me. I can see it written on their face. Despite anything that I said before. The bar is a beautiful place. . sha na na na, sha la la la la. . I got a cold in my heart that the doctor can't feel. He said "go get you a beer". But they don't let the sunshine come in here. . Sha la. Sha la la la. Where the hookers and thieves and the junkies play. It's a circus round here for sure. And I worry about how I'm fitting in. If I only had her. And I know my friends they worry about me. I can see it written on their face. But despite anything I might have said before,. The bar is a beautiful place. . sha na na na, sha la la la la. . Ain't it strange, I see your face in the window of a store. Holding me back from throwing my bottles out at the cars. Sha la. Sha la la la. So hey there, Mrs. Samuels. Hey Laura, I'm thinking of you. Would you take an old drunk as-is. If he was sweet to you. And tomorrow, you'll probably give up on me. I won't blame you, hell I'll celebrate. 'Cause despite anything you may have said to me. 
b1bf2c0a-4250-4ec1-8e1b-8816f45631a7;In my place, in my place. Were lines that I couldn't change. I was lost. Oh yeah. I was lost, I was lost. Crossed lines I shouldn't have crossed. I was lost. Oh yeah. Yeah. How long must you wait for it? Yeah. How long must you pay for it? Yeah. How long must you wait for it?. Oh for it. I was scared, I was scared. Tired and under prepared. But I'll wait for it. If you go, if you go. Leave me down here on my own. Then I'll wait for you (yeah). Yeah. How long must you wait for it? Yeah. How long must you pay for it? Yeah. How long must you wait for it?. Oh for it. Singing please, please, please. Come back and sing to me. To me, me. Come on and sing it out. Now, now. Come on and sing it out. To me, me. Come back and sing. In my place, in my place. Were lines that I couldn't change. I was lost, oh yeah. Oh yeah. 
aeddb2e2-da88-42c8-ae38-ff5d68680254;What if I told you it was all meant to be? Would you believe me? Would you agree? It's almost that feeling we've met before. So tell me that you don't think I'm crazy. When I tell you love has come here and now. A moment like this. Some people wait a lifetime. For a moment like this. Some people search forever. For that one special kiss. Oh, I can't believe it's happening to me. Some people wait a lifetime. For a moment like this. Everything changes but beauty remains. Something so tender, I can't explain. Well, I may be dreaming, but till I awake. Can't we make this dream last forever? And I'll cherish all the love we share. A moment like this. Some people wait a lifetime. For a moment like this. Some people search forever. For that one special kiss. Oh, I can't believe it's happening to me. Some people wait a lifetime. For a moment like this. Could this be the greatest love of all? I wanna know that you will catch me when I fall. So let me tell you this. Some people wait a lifetime. For a moment like this. Some people wait a lifetime. For a moment like this. Some people search forever. For that one special kiss. Oh, I can't believe it's happening to me. Some people wait a lifetime. For a moment like this. Oh, like this. Oh, I can't believe it's happening to me. Some people wait a lifetime. For a moment like this. Oh, like this. 
379ff193-71be-4675-87cf-28ed354f70e9;Wednesday morning at five o'clock. As the day begins. Silently closing her bedroom door. Leaving the note that she hoped would say more. She goes downstairs to the kitchen. Clutching her handkerchief. Quietly turning the back door key. Stepping outside she is free. She (We gave her most of our lives). Is leaving (Sacrificed most of our lives). Home (We gave her everything money could buy). She's leaving home after living alone (Bye bye). For so many years. Father snores as his wife gets into her dressing gown. Picks up the letter that's lying there. Standing alone at the top of the stairs. She breaks down and cries to her husband. "Daddy, our baby's gone". Why would she treat us so thoughtlessly? How could she do this to me? She (We never thought of ourselves). Is leaving (Never a thought for ourselves). Home (We struggled hard all our lives to get by). She's leaving home after living alone (Bye bye). For so many years. Friday morning at nine o'clock. She is far away. Waiting to keep the appointment she made. Meeting a man from the motor trade. She (What did we do that was wrong?). Is having (We didn't know it was wrong). Fun (Fun is the one thing that money can't buy). Something inside that was always denied (Bye bye). For so many years. She's leaving home. Bye bye. 
ba2be835-f65e-4c2c-8429-f03357904a2b;I know she said it's alright. You can make it up next time. I know she knows it's not right. There ain't no use in lying. Maybe she thinks I know something. Maybe maybe she thinks it's fine. Maybe she knows something I don't. I'm so, I'm so tired, I'm so tired of trying. It seems to me that maybe. It pretty much always means no. So don't tell me you might just let it go. And often times we're lazy. It seems to stand in my way. 'Cause no one no not no one. Likes to be let down. I know she loves the sunrise. No longer sees it with her sleeping eyes and. I know that when she said she's gonna try. Well it might not work because of other ties and. I know she usually has some other ties and. I wouldn't wanna break 'em, nah, I wouldn't wanna break 'em. Maybe she'll help me to untie this but. Until then, well, I'm gonna have to lie to her. It seems to me that maybe. It pretty much always means no. So don't tell me you might just let it go. And often times we're lazy. It seems to stand in my way. 'Cause no one no not no one. Likes to be let down. It seems to me that maybe. It pretty much always means no. So don't tell me you might just let it go. The harder that you try baby, the further you'll fall. Even with all the money in the whole wide world. Please please please don't pass me. Please please please don't pass me. Please please please don't pass me by. Everything you know about me now baby you gonna have to change. You goin' to call it by a brand new name. Please please please don't drag me. Please please please don't drag me. Please please please don't drag me down. Just like your tree down by the water baby I shall not move. Even after all those silly things you do. Please please please don't drag me. Please please please don't drag me. Please please please don't drag me down. 
4a30c2b0-841f-4397-a344-5d4db9b5e03d;Everything is open. Nothing is set in stone. Rivers turn to ocean. Oceans tide you home. Home is where the heart is. But your heart had to roam. Drifting over bridges. Never to return. Watching bridges burn. You're driftwood, floating underwater. Breaking into pieces, pieces, pieces. Just driftwood, hollow and of no use. Waterfalls will find you, bind you, grind you. Nobody is an island. Everyone has to go. Pillars turn to butter. Butterflying low. Low is where your heart is. But your heart has to grow. Drifting under bridges. Never with the flow. And you really didn't think it would happen. But it really is the end of the line. So I'm sorry that you turned to driftwood. But you've been drifting for a long, long time. Everywhere there's trouble. Nowhere's safe to go. Pushes turn to shovels. Shoveling the snow. Frozen, you have chosen. The path you wish to go. Drifting now forever. And forever more. Until you reach your shore. You're driftwood, floating underwater. Breaking into pieces, pieces, pieces. Just driftwood, hollow and of no use. Waterfalls will find you, bind you, grind you. And you really didn't think it would happen. But it really is the end of the line. So I'm sorry that you turned to driftwood. But you've been drifting for a long, long time. You've been drifting for a long, long time. You've been drifting for a long, long. Drifting for a long, long time. 
69c54c05-a801-47cf-9af8-bada15fb6085;I can't let you be 'cause your beauty won't allow me. Wrapped in white sheets like an angel from a bedtime story. Shut out what they say 'cause your friends are fucked up anyway. And when they come around somehow they feel up and you feel down. When we were kids, we hated things our parents did. We listened low to Casey Kasem's radio show. That's when friends were nice. To think of them just makes you feel nice. The smell of grass in spring. And October leaves cover everything. Have you forgotten how to love yourself?. Have you forgotten how to love yourself?. I can't believe all the good things that you do for me. Sit back in the chair like the princess from a faraway place. Nobody's nice, when you're older your heart turns to ice. Shut out what they say, they're too dumb to mean it anyway. When we where kids, we hated things our sisters did. Backyard summer pools and Christmases were beautiful. And the sentiment of colored mirrored ornaments. And the open drapes look out on frozen farmhouse landscapes. Have you forgotten how to love yourself? Have you forgotten how to love yourself? 
3be5ece5-64ec-4b9d-8168-17624f8a7665;NA
000ac8c1-5471-4ff1-ba83-19d36ffef7ad;I dreamed about killing you again last night. And it felt alright to me. Dying on the banks of Embarcadero skies. I sat and watched you bleed. Buried you alive in a fireworks display. Raining down on me. Your cold, hot blood ran away from me. To the sea. I printed my name on the back of a leaf. And watched it float away. The hope I had in a notebook full of white dry pages. Was all I tried to save. But the wind blew me back via Chicago. In the middle of the night. And all without fight. At the crush of veils and starlight. I know I'll make it back. one of these days and turn on your TV. To watch a man with a face like mine. Being chased down a busy street. When he gets caught I won't get up. And I won't go to sleep. I'm coming home, I'm coming home. Via Chicago. Where the cups are cracked and hooked. Above the sink. They make me think. Crumbling ladder tears don't fall. They shine down your shoulders. Crawling is screw faster lash. I blow it with kisses. Rest my head on a pillowy star. And a cracked door moon. Says I haven't gone too far. I'm coming home. I'm coming home. I'm coming home. Via Chicago. I'm coming home. I'm coming home. I'm coming home. Searching for a home. Searching for a home. Searching for a home. Via Chicago. I'm coming home. I'm coming home. 
f86b1f04-e848-4844-a795-adb5ebd5d271;Nowhere's untouched by the shame. Who said we could get by with our childhood games. Days of innocence are all long gone. Avoid the shock honey and try to live on. Woke up all paralyzed. All dreams corrupted in front of our eyes. On every forehead of every little whore. There's a sign that says, 'baby don't come back no more'. Distasteful ugly and cheap. That is how you make me feel, I said. Capitalism stole my virginity. Capitalism stole, capitalism stole. Capitalism stole my virginity. Robbed out of our bleeding hearts. Smashed our illusions, tore them all apart. Now we are unsentimental, unafraid. To destroy this culture that we hate. So tired of being nothing. When, when we should be everything. On every forehead of every little whore. There's a sign that says, 'baby we're all born to die'. Distasteful ugly and cheap. That is how you make me feel, I said. Capitalism stole my virginity. Capitalism stole, capitalism stole. Capitalism stole - yeah. We are all sluts, cheap products. In someone else's notebook. We are all sluts, cheap products. In someone else's notebook. We are all sluts, cheap products. In someone else's notebook. We are all sluts, cheap products. In someone else's notebook. Distasteful ugly and cheap. That is how you make me feel, I said. Capitalism stole my virginity. Capitalism stole, capitalism stole. Capitalism stole my virginity, oh. Capitalism stole, capitalism stole. Capitalism stole my virginity, oh yeah. Capitalism stole, capitalism stole. Capitalism stole my virginity, oh. 
0c06bcce-acd7-4d41-befa-28561db2f62c;Runnin' through this business of life. Raisin' sand if I'm needed to. Ain't so funny when things ain't feelin' right. Then daddy's hand helps to see me through. Sweet as sugar, love won't wash away. Rain or shine, it's always here to stay. All these years you and I've spent together. All this, we just couldn't stand the weather. Like a train that stops at every station,. We all deal with trials and tribulations. Fear hangs the fellow that ties up his years. Entangled in yellow and cries all his tears. Changes come before we can grow. Learn to see them before we're too old. Don't just take me for tryin' to be heavy. Understand, it's time to get ready for the storm. 
be6c6aa2-893b-4206-baa7-dfe8dc65852b;We. Lay on our backs in the grass. Silently watching the rain clouds. Move by far too fast. You said it was a night where. Anything could happen. But nothing was gonna last. We're doing fine now. Yeah we do. We don't feel sad or bad or blue. And you know. We're never defeated. Or broken inside. All that is fine. All that is fine. We. We burn our boats each new year. Silently watching the flames. And an old life disappear. We're burning a new sunrise into. Yesterday's skies. An ashen fingerprint. Melts into the sea. We're doing fine now. Yeah we do. We don't feel sad or bad or blue. And you know. We're never defeated. Or broken inside. All that is fine. Yeah, all that is fine. We're doing fine now. Of course we do. We don't feel sad or bad or blue. And now you know. We're never defeated. Or broken inside. All that is fine. All that is fine. Anything to feel. Anything inside. Anything. 
51d83850-de36-4541-8d81-1f674717e558;Your hand on his arm, haystack charm around your neck. Strung out and thin, callin' some friend, tryin'a cash some check. He's acting dumb, that's what you've come to expect. Needle in the hay. Needle in the hay. Needle in the hay. Needle in the hay. He's wearing your clothes, head down to toes a reaction to you. You say you know what he did, but you idiot kid, you don't have a clue. Sometimes they just get caught in the eye you're pulling him through. Needle in the hay. Needle in the hay. Needle in the hay. Needle in the hay. Now on the bus, nearly touching this dirty retreat. Fallin' out, 6th and Powell, a dead sweat in my teeth. Gonna walk, walk, walk four more blocks plus the one in my brain. Down, downstairs to the man, he's gonna make it all okay. I can't beat myself, I can't beat myself and I don't want to talk. I'm taking the cure so I can be quiet wherever I want. So leave me alone, you ought to be proud that I'm getting good marks. Needle in the hay. Needle in the hay. Needle in the hay. Needle in the hay. Needle in the hay. Needle in the hay. Needle in the hay. Needle in the hay. 
e26ae593-c81b-4a6b-a621-5bf63dfa38a9;You get the car, I'll get the night off. You'll get the chance to take the world apart. And figure out how it works. Don't let me know what you find out. I need a car, you need a guide, who needs a map? If I don't die or worse, I'm gonna need a nap. At best I'll be asleep when you get back. I wanna see it when you find out what comets, stars, and moons are all about. I wanna see their faces turn to backs of heads and slowly get smaller. I wanna see it now. I wanna see it now. I want specifics on the general idea. I wanna think what I should know. Want you to do me what to show. I wanna see movies of my dreams. I wanna see movies of my dreams. I wanna see movies of my dreams. I wanna see movies of my dreams. I wanna see it when you get stoned on a cloudy breezy desert afternoon. I wanna see it untame itself and break its owner. I wanna see it now. I wanna see it now. 
7f36713f-4f9f-4a38-90c2-7b5a86c7a533;Louis is probably thirty years old but he looks like a solid 45. Louis says he's got a headache. I look in his eyes, and I believe him. The big L. K. 's and the gangster disciples. Louis can't think of who else could take over, but he just can't. Get up in the morning. A genuine face, braced for survival. . It's nice to be liked. But it's better by far to get paid. I know that most of the friends that I have don't really see it. That way. But if you could give 'em each one wish. How much do you wanna bet?. They'd wish success for themselves and their friends and. that would include lots of money. Don't know how many times you were stuck in the morning. You just couldn't move, though your mother was calling. You know what you need. Is a Lotto revival. A train flashes by and you're lost in a spiral. . Take the train on up to the zoo, don't look back. On what you've been through. Cause everyone's got a Monday. . It looks like shit and it must be America. It burns so quick, then it must be America. We all need a shitload of M-O-N-E-Y, money. 
75750f23-0a5c-414a-b76b-7e339a38ae0d;She eyes me like a Pisces when I am weak. I've been locked inside your heart-shaped box for weeks. I've been drawn into your magnet tar pit trap. I wish I could eat your cancer when you turn black. Hey! Wait! I've got a new complaint. Forever in debt to your priceless advice. Hey! Wait! I've got a new complaint. Forever in debt to your priceless advice. Hey! Wait! I've got a new complaint. Forever in debt to your priceless advice. Your advice. Meat-eating orchids forgive no one just yet. Cut myself on angel hair and baby's breath. Broken hymen of your highness, I'm left black. Throw down your umbilical noose so I can climb right back. Hey! Wait! I've got a new complaint. Forever in debt to your priceless advice. Hey! Wait! I've got a new complaint. Forever in debt to your priceless advice. Hey! Wait! I've got a new complaint. Forever in debt to your priceless advice. Your advice. She eyes me like a Pisces when I am weak. I've been locked inside your heart-shaped box for weeks. I've been drawn into your magnet tar pit trap. I wish I could eat your cancer when you turn black. Hey! Wait! I've got a new complaint. Forever in debt to your priceless advice. Hey! Wait! I've got a new complaint. Forever in debt to your priceless advice. Hey! Wait! I've got a new complaint. Forever in debt to your priceless advice. Your advice. Your advice. Your advice. 
14a7b25d-ec53-427c-8e08-f2ed01a4cba7;When I wake up early in the morning,. Lift my head, I'm still yawning. When I'm in the middle of a dream. Stay in bed, float up stream. Please don't wake me, no. Don't shake me. Leave me where I am. I'm only sleeping. Everybody seems to think I'm lazy. I don't mind, I think they're crazy. Running everywhere at such a speed. Till they find, there's no need. Please don't spoil my day. I'm miles away. And after all. I'm only sleeping. Keeping an eye on the world going by my window. Taking my time. Lying there and staring at the ceiling. Waiting for a sleepy feeling. Please don't spoil my day. I'm miles away. And after all. I'm only sleeping. Keeping an eye on the world going by my window. Taking my time. When I wake up early in the morning,. Lift my head, I'm still yawning. When I'm in the middle of a dream. Stay in bed, float up stream. Please don't wake me, no. Don't shake me. Leave me where I am. I'm only sleeping. 
e533bbd1-87da-4a06-9bc8-7741aa05083d;After all the jacks are in their boxes. and the clowns have all gone to bed. You can hear happiness staggering down the street. footprints dressed in red. and the wind it screams mary. A broom is drearily sweeping. up the broke pieces of yesterdays life. says Somewhere a queen is weeping. and Somewhere a king has no wife. And the wind it whispers  Mary. The traffic lights turn blue tomorrow. and shine emptiness down on my bed. The tiny island sags on down the stream. 'cause the life that lived is dead. And the wind it screams Mary. And the wind it cries Mary. Will the wind ever remember. the names it has blown in the past. with its crutch, its old age, and its wisdom. it whispers "no, this won't be the last". And the wind cries Mary. And the wind cries Mary. 
aebeb3cf-2086-4bdf-a6b1-440462e1d542;This is no time or place to wake up. but there are things to do and space to take up. I'm in love with something I dreamed about. I'm in love, but it's not really there. I'm in love with something I said in a prayer. Tomorrow is a harsh mistress. that I don't want to wake up to. which I force myself to do. I guess I'm a harsh mistress, too. I'm what you might call. the once and future nothing at all. I believe in something the cat dragged in. I believe but I think it's a crime. I believe in what tasted all right at the time. Tomorrow is a harsh mistress. but that won't matter anyhow. 'cause I stayed in bed all day. who's the harsh mistress now? Hey yeah, that's right. 'cause yesterday took all night. that's right, you bet. yesterday's not over yet. With each passing day, a world destroyed,. all the things I've worked so hard to avoid. the future's unwritten, so they say. and I'm just trying to keep it that way. OK? OK? Tomorrow is a harsh mistress. that I don't want to wake up to. which I force myself to do. I guess I'm a harsh mistress, too. I'm in love with something I dreamed about. I believe but it's not really there. I'm in love with something I dreamed about. I'm in love but it's not really there. 
069693d4-383c-4a3a-bd48-6ebb5f063ccd;Don't you wanna ride in my. Survival car. We can take the long way home. Through Central Park. Funny how the ground can find my wheels. I'm going where the road ain't there. And only riding on the path we made. to Union Square. Doing like the young folks do. In west coast towns. Plowing like a banshee through. The overground. Funny how the ground can find my wheels. I'm going where the road won't dare. And only riding on the path we made. to Union Square. Everybody hit the ground. I think I might have missed my calling. Everybody turn around. The light's about to change. You better stand aside. Why you wanna walk. Don't you want to ride ride ride ride. Don't you wanna ride in my. Survival car. We can take the long way home. Funny how the ground can find my wheels. I'm going where the road won't dare. And only riding on the path we made. to Union Square. 
0fc3bc05-30e2-4388-8733-2b75158a0e1d;I know a girl who thinks of ghosts,. She'll make you breakfast, she'll make you toast. But she don't use butter. And she don't use cheese. She don't use jelly, or any of these. She uses Vaseline. Vaseline. Vaseline. I know a guy who goes to shows,. When he's at home an' he blows his nose,. He don't use tissues,. Or his sleeves,. He don't use napkins, or any of these. He uses Magazines. Magazines. Magazines. Magazines. I know a girl who reminds me of Cher,. She's always changin' the color of her hair,. But she don't use nothin', That you buy at the store,. She likes her hair to, be real orange. She uses Tangerines. Tangerines. Tangerines. Tangerines. Tangerines. 
53310da1-2b9b-4e6a-a0f2-7dfd7287da92;Silent kid, no one to remind you. You've got no hip, no reels to remind you. Silent kid, don't take your pawnshop home on the road, goddamn you. Silent kid, don't lose your graceful tone. This is the city life. This is the city life. Oh come on, let's talk about leaving. Come on now, talk about your family. Your sister's cursed, your father's all but damned you. Silent kid, don't listen to your grandmother's advice about Ezra. Silent kid, don't listen to them. Hand me the drumstick, snare kick, blues call upon I knew myself in. Into the spotlight, ecstasy feels so warm inside. Until five hours later, I'm chewing. Screwing myself with my hand. 
16237b20-6702-415f-952c-8da862764251;I've sung the blues,. For every broken hearted lovesick dream for you. I've paid my dues,. Working hard-sweat, blood and tears for you. [Chorus:]. So far away, So far away, So far away! [x2]. I've had it all,. And lost it all in one blackout summer night. I want it back,. But I just can't seem to get it right. [Chorus]. I've sung the blues,. For every broken hearted lovesick dream for you. I've paid my dues,. Working hard-sweat, blood and tears for you. [Chorus]. 
b2733eed-d07c-4596-b638-dc85adcd8d8a;Sara spelled without an 'h' was getting bored. On a Peavey amp in 1984. While Zak without a 'c' tried out some new guitars. Playing Sara-with-no-h's favourite song. (La da da da, la da da, la da da). (La da da da, la da da, la da da). Zak and Sara. Often Sara would have spells where she lost time. She saw the future, she heard voices from inside. The kind of voices she would soon learn to deny. Because at home they got her smacked. (La da da da, la da da, la da da). (La da da da, la da da, la da da). Zak and Sara. Zak and Sara. Zak called his dad about layaway plans. And Sara told the friendly salesman that:. "You'll all die in your cars,. And why's it gotta be dark? And you're all working in a submarine". (Asshole). She saw the lights, she saw the pale English face. Some strange machines repeating beats and thumping bass. Visions of pills that put you in a loving trance. That make it possible for all white boys to dance. And when Zak finished Sara's song, Sara clapped. (La da da da, la da da, la da da). (La da da da, la da da, la da da). Zak and Sara. Zak and Sara. 
82391a09-d3fa-4314-a171-d3791850ee73;Think it over what you've just said. Think it over in your pretty little head. Are you sure that I'm not the one? Is your love real or only fun? Think it over. Yes, think it over. A lonely heart grows cold and old. Think it over and let me know. Think it over but don't be slow. Just remember all birds and bees. Go by twos through life's mysteries. Think it over. Yes, think it over. A lonely heart grows cold and old. Think it over and think of me. Think it over and you will see. A happy day when you and I. Think as one and kiss the blues goodbye. You think it over. Yes, think it over. A lonely heart grows cold and old. Think it over. Think it over. 
062143f0-b879-468d-94ef-0a31504c6bbb;When it's my moment in the sun. Oh, how beautiful i'll be. But in a normal sort of way. Like i am you, and you are me. 'cause i have a lot of things to say. And you'd be wise to listen good. I think that hunger, war, and death. Are bringin' everybody down. La la laaa la la laaa la laa la la. When it's my moment in the sun. I'll share my problems with the world. And psychosomatically i'll sing. To god and all his pretty girls. Laaa la laaa la la laaa la la laa la la laa la la laaa la laa la laaaaaa la la. When it's my moment in the sun. I won't forget that i am blessed. But every hero walks alone. Thinking of more things to confess. 
6025abcd-c56d-49d5-bbf0-3d04ea3ee89a;Spunky don't like her uniform. It never fit so good. Goin' back to the orphanage. And the place where her garage once stood. Well it's a free for all, free for all, free for all. It's a free for all, you and me. And if you don't like what they're telling you. You can't teach a blind man to see. Well I can see. Spunky looks good in her bright red wig. Eating chocolate-chip mint ice cream. A cat named Lola with a violent past. Is balled up asleep 'cross her knees. And it's a free for all, free for all, free for all. It's a free for all, you and me. One day the world will be ready for you. And wonder how they didn't see. Spunky knows she can save the world. In her own little way. Turning in her old uniform. 'Cause you know, it really didn't pay. 'Cause it's a free for all, free for all, free for all. It's a free for all, you and me. I walk through the world with your name on my tongue. And your picture etched on my screen. 
70a69ec1-c17f-4c1c-ad4e-e519518e827d;Wind is cold alright back in Dallas. When neon light from the building. Lets you know you're home. You'd go way back when. If you wanted to be my friend. Do you call me. I'll understand it's true. I don't feel like I'm falling. No I don't feel like I'm falling. No I don't feel like I'm falling down. Just say hello to the ground. Bah bah bah bah bah bah. Wait there, I'll be right back. Down in Times Square. It's a heart attack. All the feeling. That makes you feel so new. Hey, trees fall and so do men. Even the walls start caving in. And you feel like there's no pretend for you. I don't feel like I'm falling. No I don't feel like I'm falling. No I don't feel like I'm falling down. Just say hello to the ground. We could talk if days weren't so fast. And mistakes just leave it so unsure. Wanna hold you like never before. Cause we're falling and I love you more and more. Do you feel like you're falling down. Do you feel like you're falling down. I don't feel like I'm falling falling falling down. I don't feel like I'm falling. No I don't feel like I'm falling. No I don't feel like I'm falling down. Just say hello to the ground. Bah bah bah bah bah bah. I don't feel like I'm falling. No I don't feel like I'm falling. No I don't feel like I'm falling down. Do you feel like you're falling down. Do you feel like you're falling down. I don't feel like I'm falling falling falling. Just say hello to the ground. 
d2c8885c-2fba-4077-b44b-50f702aacdae;Let's hear it for heartache. Let's hear it for pain. Let's hear it for poison tears that wash your dreams down the drain. Let's hear it for sleepless nights. Let's do it again. (Chorus). Let's hear it for love. Let's hear it for. Let's hear it for love. Let's hear it for. Let's hear it for love. Pick your heart up off the floor. This is what you've been waiting for. Let's hear it for love. Let's hear it for promises. Something sealed with a kiss. Let's hear it for big mistakes. That you just couldn't resist. Let's hear it for bucket seats. Let's try it like this. (Chorus). Let's hear it for letting someone totally ruin your life. Let's hear it for love. Let's hope it's everything you hoped it would be. Let's hear it for jealousy. Let's hear it for hate. Let's hear an apology before it's too late. Let's hear it for cigarettes. Baby you were great. Let's hear it for love. Let's hear it for. Let's hear it for love. (Repeat three more times). 
10286568-2ab0-4292-bf96-b4ff3cd7abff;NA
6746c92e-a899-4bd9-a7f9-2c438ab4c430;Trudging slowly over wet sand,. Back to the bench where your clothes were stolen. This is the coastal town,. That they forgot to close down. Armageddon, come Armageddon. Come Armageddon, come. Everyday is like Sunday,. Everyday is silent and grey. Hide on the promenade, etch a postcard:. "How I dearly wish I was not here". In this seaside town,. That they forgot to bomb. Come, come, come nuclear bomb. Everyday is like Sunday,. Everyday is silent and grey. Trudging back over pebbles and sand,. And a strange dust lands on your hands,. And on your face,. On your face, on your face, on your face. Everyday is like Sunday. "Win Yourself A Cheap Tray". Share some grease-tea with me. Everyday is silent and grey. 
0bb6f7e4-0c5b-47f7-92bf-3040c349623a;You want a guy who can bring the bacon. And you want a guy with Savoir Faire. Somebody who can take control of it. Someone with cool, black, shiny hair. Yeah! You don't want a boyfriend. What you want is Mr. Spock. To come to your wasteland. And destroy the ro-o-o-bot. Something more than human. Someone with blood that's cold and green. You want something better than me. Captain Kirk went to the planet. And there he fought the man lizard. He saved the ship, invented the gun powder. But that's just not good enough for you, is it?! No! You don't want a boyfriend. What you want is Mr. Spock. To come to your wasteland. And destroy the ro-o-o-bot. Something more than human. Someone with blood that's cold and green. You want something better than me, me! You sit all night at your computer. Drinking Diet Dr. Pepper. Looking for an answer to it all! Say the words! Say the words! Say, say, say the words! You don't want a boyfriend. What you want is Mr. Spock. To come to your wasteland. And destroy the ro-o-o-bot. Something more than human. Someone with blood that's cold and green. You want something better than me, me, than me! 
f4662ad3-2a59-494b-b323-e2a9c2f7629a;How deep is your love? How deep is the ocean? How deep is the sea? and how deep is my love? How deep is your love? How deep is the ocean? How deep is the sea? and how deep is my love? It's miles away. Miles away. Miles away. Yeah miles away. How much do you want? and how far can I take you? How bad does this hurt? How much do I want you? How blind can I be? so when can I see you? Will it ever be? and how deep is my love? It's miles away. Miles away. Miles away. Yeah miles away. It's miles away. Miles away. Miles away. Yeah miles away. Let's go. It's miles away. Miles away. Miles away. Yeah miles away. 
75f4c2d2-6042-4f29-95be-386df890569a;Right here and right now. Ben's gonna tell a little sad tale. to all you people out there. Satan is my master. he has always been. he tells me what to do. he buys my Metallica records for me. and sometimes I think. thank you very much Satan is my master. 
62d64c92-1ab9-4e31-8bcd-e17d866efa37;I would say I'm sorry. If I thought that it would change your mind. But I know that this time. I have said too much, been too unkind. I try to laugh about it. Cover it all up with lies. I try to laugh about it. Hiding the tears in my eyes. 'Cause boys don't cry. Boys don't cry. I would break down at your feet. And beg forgiveness, plead with you. But I know that it's too late. And now there's nothing I can do. So I try to laugh about it. Cover it all up with lies. I try to laugh about it. Hiding the tears in my eyes. 'Cause boys don't cry. Boys don't cry. I would tell you that I loved you. If I thought that you would stay. But I know that it's no use. That you've already gone away. Misjudged your limits. Pushed you too far. Took you for granted. I thought that you needed me more, more, more. Now I would do most anything. To get you back by my side. But I just keep on laughing. Hiding the tears in my eyes. 'Cause boys don't cry. Boys don't cry. Boys don't cry. 
91584c4e-b44f-410e-a467-456f67f8af43;There'll be times when my crimes. Will seem almost unforgivable. I give in to sin. Because you have to make this life liveable. But when you think I've had enough from your sea of love. I'll take more than another riverful. Yes, and I'll make it all worthwhile. I'll make your heart smile. Strangelove. Strange highs and strange lows. Strangelove. That's how my love goes. Strangelove. Will you give it to me. Will you take the pain. I will give to you. Again and again. And will you return it. There'll be days when I'll stray. I may appear to be constantly out of reach. I give in to sin. Because I like to practice what I preach. I'm not trying to say I'll have it all my way. I'm always willing to learn when you've got something to teach. Oh, and I'll make it all worthwhile. I'll make your heart smile. Pain, will you return it. I'll say it again, pain. Pain, will you return it. I'll say it again, pain. Pain, will you return it. I'll say it again, pain. Pain, will you return it. I won't say it again. Strangelove. Strange highs and strange lows. Strangelove. That's how my love goes. Strangelove. Will you give it to me. I give in. Again and again. I give in. Will you give it to me. I give in. I'll say it again. I give in. I give in. Again and again. I give in. That's how my love goes. I give in. I'll say it again. I give in. I give in. 
12fda8fd-27ca-422d-a56f-c45dc3783e89;Oh the heads that turn. Make my back burn. Oh the heads that turn. Make my back, make my back burn. The sparkle in your eyes. Keeps me alive. And the sparkle in your eyes. Keeps me alive, keeps a man alive. And the world, and the world. And the world turns around. The world, and the world, yeah. The world drags me down. Well the heads that turn. Make my back burn. And  the heads that turn. Make my back, make my back burn, yeah. Yeah-ah-ah-ah. Yeah-ah-ah-ah. The fire in your eyes. Keeps me alive. And the fire in your eyes. Keeps me alive. I'm sure in her you'll find. The sanctuary. I'm sure in her you'll find. The sanctuary. And the world. The world turns around. And the world, and the world. The world drags me down. And the world, and the world, and the world. The world turns around. And the world, and the world, and the world, and the world. The world drags me down. Hey-yeah-ah-ah. Hey-yeah-ah-ah. And the world. And the world turns around. And the world, and the world. Yeah, the world drags me down. And the world. Yeah, the world turns around. And the world, and the world. The world drags me down. Sanctuary. Sanctuary. Sanctuary. Sanctuary. 
eb6283a2-5e09-4f32-802c-c97e57159f7e;Never been near a university,. Never took a paper or a learned degree,. And some of your friends think that's stupid of me,. But it's nothing that I care about. . Well I don't know how to tell the weight of the sun,. And of mathematics well I want none,. And I may be the Mayor of Simpleton,. But I know one thing,. And that's I love you. . When their logic grows cold and all thinking gets done,. You'll be warm in the arms of the Mayor of Simpleton. . I can't have been there when brains were handed round. (please be upstanding for the Mayor of Simpleton),. Or get past the cover of your books profound,. (please be upstanding for the Mayor of Simpleton),. And some of your friends thinks it's really unsound,. That you're ever seen talking to me. . Well I don't know how to write a big hit song,. And all crossword puzzles well I just shun,. And I may be the Mayor of Simpleton,. But I know one thing,. And that's I love you. . I'm not proud of the fact that I never learned much,. Just feel I should say,. What you get is all real,. I can't put on an act,. It takes brains to do that anyway. (And anyway. ). And I can't unravel riddles, problems and puns,. How the home computer has me on the run,. And I may be the Mayor of Simpleton,. But I know one thing,. And that's I love you (I love you). . If depth of feeling is a currency,. (please be upstanding for the Mayor of Simpleton),. Then I'm the man who grew the money tree,. (no Chain of Office and no hope of getting one). . Some of your friends are too brainy to see,. That they're paupers and that's how they'll stay. . Well I don't know how many pounds make up a ton,. Of all the Nobel prizes that I've never won,. And I may be the Mayor of Simpleton,. But I know one thing,. And that's I love you. . When all logic grows cold and all thinking gets done,. You'll be warm in the arms of the Mayor of Simpleton. . You'll be warm in the arms of the Mayor of Simpleton. . You'll be warm in the arms of the Mayor. . (Please be upstanding for the Mayor of Simpleton. ). 
e2ca4428-fa52-4e68-b0bc-c3ccf263c097;NA
8c60fd5f-dc05-45e9-8b2d-8684459056ee;Day after day. I will walk and I will play. But the day after today. I will stop and I will start. Why can't I get just one kiss? Why can't I get just one kiss? There may be some things that I wouldn't miss. But I look at your pants and I need a kiss. Why can't I get just one screw? Why can't I get just one screw? Believe me, I know what to do. But something won't let me make love to you. Why can't I get just one fuck? Why can't I get just one fuck? I guess it's got something to do with luck. But I waited my whole life for just one. Day after day. I get angry and I will say. That the day is in my sight. When I'll take a bow and say goodnight. Oh, ma-mama, mama-mo-ma-mum. Have you kept your eye, your eye on your son? I know you've had problems, you're not the only one. When your sugar left, he left you on the run. Oh, ma-mama, mama-mo-ma-mum. Take a look now at what your boy has done. He's walking around like he's number one. Went downtown and you got him a gun. So don't shoot, shoot, shoot that thing at me. Don't shoot, shoot, shoot that thing at me. You know you've got my sympathy. But don't shoot, shoot, shoot that thing at me. Don't shoot, shoot, shoot that thing at me. Don't shoot, shoot, shoot that thing at me. You know you've got my sympathy. But don't shoot, shoot, shoot that thing at me. Broken down kitchen at the top of the stairs. Can I mix in with your affairs? Share a smoke, make a joke. Grasp and reach for a leg of hope. Words to memorize, words hypnotize. Words make my mouth exercise. Words all fail the magic prize. Nothing I can say when I'm in your thighs. Well, moma-mama, mo-ma, mo-ma mother. I would love to love you, lover. City is restless, it's ready to pounce. Go! here in your bedroom, ounce for ounce. And, moma-mama, mo-ma, mo-ma mother. I would love to love you, lover. City is restless, it's ready to pounce. Go here in your bedroom, ounce for ounce. I've given you a decision to make. Things to lose, things to take. Just as she's about ready to cut it up. She says, "Wait a minute, honey, I'm gonna - add it up!". Add it up. Add it up (hey!). Add it up. Add it up (oh!). Add it up. Add it up (Say what you got, you gotta. ). Add it up (. , baby!). (Add it up, add it up) Ma-ma-ma, day after day. (Add it up, add it up) I get angry and I will say. (Add it up, add it up) That the day is in my sight. (Add it up, add it up) When I'll take a bow and say goodnight. (Add it up, add it up). 
0a6b9ef9-f5ec-4c9a-87df-e3b6ceb75520;Once that you've decided on a killing. First you make a stone of your heart. And if you find that your hands are still willing. Then you can turn a murder into art. There really isn't any need for bloodshed. You just do it with a little more finesse. If you can slip a tablet into someone's coffee. Then it avoids an awful lot of mess. It's murder by numbers, one, two, three. It's as easy to learn as your ABC. Murder by numbers, one, two, three. It's as easy to learn as your ABC. Now if you have a taste for this experience. And you're flushed with your very first success. Then you must try a twosome or a threesome. And you'll find your conscience bothers you much less. Because murder is like anything you take to. It's a habit-forming need for more and more. You can bump off every member of your family. And anybody else you find a bore. Because it's murder by numbers, one, two, three. It's as easy to learn as your ABC. Murder by numbers, one, two, three. It's as easy to learn as your ABC. Now you can join the ranks of the illustrious. In history's great dark hall of fame. All our greatest killers were industrious. At least the ones that we all know by name. But you can reach the top of your profession. If you become the leader of the land. For murder is the sport of the elected. And you don't need to lift a finger of your hand. Because it's murder by numbers, one, two, three. It's as easy to learn as your ABC. Murder by numbers, one, two, three. It's as easy to learn as your A, B, C, D, E. 
555050e9-6029-4532-8e34-8e312ac45707;Out where the river broke. The bloodwood and the desert oak. Holden wrecks and boiling diesels. Steam in forty five degrees. The time has come. To say fair's fair. To pay the rent. To pay our share. The time has come. A fact's a fact. It belongs to them. Let's give it back. How can we dance when our earth is turning? How do we sleep while our beds are burning? How can we dance when our earth is turning? How do we sleep while our beds are burning? The time has come. To say fair's fair. To pay the rent. Now, to pay our share. Four wheels scare the cockatoos. From Kintore East to Yuendemu. The western desert lives and breathes. In forty-five degrees. The time has come. To say fair's fair. To pay the rent. Ah, to pay our share. The time has come (). A fact's a fact. It belongs to them. Let's give it back. How can we dance when our earth is turning? How do we sleep while our beds are burning? How can we dance when our earth is turning? How do we sleep while our beds are burning? The time has come. To say fair's fair. To pay the rent, now. To pay our share. The time has come. A fact's a fact. It belongs to them. We're gonna give it back. How can we dance when our earth is turning? How do we sleep while our beds are burning? 
c860d846-3860-4ae8-9921-ef1bd8e2b101;When routine bites hard and ambitions are low. And resentment rides high but emotions won't grow. And we're changing our ways, taking different roads. Then love, love will tear us apart again. Love, love will tear us apart again. Why is the bedroom so cold? You've turned away on your side. Is my timing that flawed? Our respect runs so dry. Yet there's still this appeal that we've kept through our lives. But love, love will tear us apart again. Love, love will tear us apart again. You cry out in your sleep, all my failings exposed. And there's a taste in my mouth as desperation takes hold. Just that something so good just can't function no more. But love, love will tear us apart again. Love, love will tear us apart again. Love, love will tear us apart again. Love, love will tear us apart again. 
0339cc0e-40f0-4b90-9b6d-833c1b07dd6f;I will believe you. If you say it's true. Girl, you know I need you. More than any word spoken. I've seen you before. Turn and walk away. You say you won't come back. It's just a game anyway. We are hoping. Yes, and we're praying. CHORUS. This time will be the last time. That we will fight like this. This time will be the last time. That we will fight like this. We are always wanting. The things we cannot find. You know that we are. Always wasting time. We are hoping. Yes, and we're praying. CHORUS. You know I can forget. We have fought before. I've seen inside your heart. And I know it's breaking. We are hoping. Yeah, and we're praying. CHORUS. This time will be the last time. 
02050f11-71a5-4458-ad16-7dcc9ac1b493;I've got your picture of me and you. You wrote, "I love you," I wrote "Me, too". I sit there staring and there's nothing else to do. Oh, it's in color, your hair is brown. Your eyes are hazel and soft as clouds. I often kiss you when there's no one else around. I've got your picture, I've got your picture. I'd like a million of them all round my cell. I want the doctor to take your picture. So I can look at you from inside as well. You've got me turning up and turning down. And turning in and turning 'round. I'm turning Japanese, I think I'm turning Japanese, I really think so. Turning Japanese, I think I'm turning Japanese, I really think so. I'm turning Japanese, I think I'm turning Japanese, I really think so. Turning Japanese, I think I'm turning Japanese, I really think so. I've got your picture, I've got your picture. I'd like a million of them all round my cell. I want a doctor to take your picture. So I can look at you from inside as well. You got me turning up and turning down. I'm turning in, I'm turning round. I'm turning Japanese, I think I'm turning Japanese, I really think so. Turning Japanese, I think I'm turning Japanese, I really think so. Turning Japanese, I think I'm turning Japanese, I really think so. Turning Japanese, I think I'm turning Japanese, I really think so. I've got your picture, I've got your picture. I'd like a million of them all round myself. I want a doctor to take a picture. So I can look at you from inside as well. You got me turning up and turning down. I'm turning in, I'm turning round. I'm turning Japanese, I think I'm turning Japanese, I really think so. Turning Japanese, I think I'm turning Japanese, I really think so. Turning Japanese, I think I'm turning Japanese, I really think so. Turning Japanese, I think I'm turning Japanese, I really think so. No sex, no drugs, no wine, no women, no fun, no sin, no you, no wonder it's dark. Everyone around me is a total stranger. Everyone avoids me like a psych lone-ranger. Everyone. That's why I'm turning Japanese, I think I'm turning Japanese, I really think so. Turning Japanese, I think I'm turning Japanese, I really think so. Turning Japanese, I think I'm turning Japanese, I really think so. Turning Japanese, I think I'm turning Japanese, I really think so. Turning Japanese, I think I'm turning Japanese, I really think so. Turning Japanese, I think I'm turning Japanese, I really think so. Turning Japanese, I think I'm turning Japanese, I really think so. Think so, think so, think so. Turning Japanese, I think I'm turning Japanese, I really think so. 
edd4b7ab-b654-4ea2-abb6-6fe8e25e86b0;If I, I get to know your name. Well, if I could trace your private number, baby. All I know is that to me. You look like you're lots of fun. Open up your lovin' arms. I want some, want some. I set my sights on you. And I, I've got to have my way now, baby. All I know is that to me. You look like you're havin' fun. Open up your lovin' arms. Watch out, here I come. You spin me right 'round, baby. Right 'round like a record, baby. Right 'round, 'round, 'round. You spin me right 'round, baby. Right 'round like a record, baby. Right 'round, 'round, 'round. I, I got to be your friend now, baby. And I would like to move in just a little bit closer. All I know is that to me. You look like you're lots of fun. Open up your lovin' arms. Watch out, here I come. You spin me right 'round, baby. Right 'round like a record, baby. Right 'round, 'round, 'round. You spin me right 'round, baby. Right 'round like a record, baby. Right 'round, 'round, 'round. I want your love. I want your love. All I know is that to me. You look like you're lots of fun. Open up your lovin' arms. Watch out, here I come. You spin me right 'round, baby. Right 'round like a record, baby. Right 'round, 'round, 'round. You spin me right 'round, baby. Right 'round like a record, baby. Right 'round, 'round, 'round. You spin me right 'round, baby. Right 'round like a record, baby. Right 'round, 'round, 'round. You spin me right 'round, baby. Right 'round like a record, baby. Right 'round, 'round, 'round. I want your love. I want your love. You spin me right 'round, baby. Right 'round like a record, baby. Right 'round, 'round, 'round. You spin me right 'round, baby. Right 'round like a record, baby. Right 'round, 'round, 'round. 
1db8c7f9-9720-413f-af29-f30f8d5c8a20;I wanna know. What you're thinking. There are some things you can't hide. I wanna know. What you're feeling. Tell me what's on your mind. Here I am in silence. Looking 'round without a clue. I find myself alone again. All alone with you. I can see behind your eyes. The things that I don't know. If you hide away from me. How can our love grow?. I wanna know. What you're thinking. There are some things you can't hide. I wanna know. What you're feeling. Tell me what's on your mind. I know I could break you down. But what good would it do? I could surely never know. That what you say is true. Here I am in silence. It's a game I have to play. You and I in silence. With nothing else to say. I wanna know. What you're thinking. There are some things you can't hide. I wanna know. What you're feeling. Tell me what's on your mind. I wanna know. What you're thinking. There are some things you can't hide. I wanna know. What you're feeling. Tell me what's on your mind. I wanna know. What you're thinking. There are some things you can't hide. I wanna know. What you're feeling. Tell me what's on your mind. 
17e6ea28-cd42-4a40-bbb6-2e4075fa529e;You're always dancin' down the street. With your suede blue eyes. And every new boy that you meet. He doesn't know the real surprise. (Here she comes again). When she's dancing 'neath the starry sky. Ooh, she'll make you flip. (Here she comes again). When she's dancing 'neath the starry sky. I kinda like the way she dips. Well, she's my best friend's girl. Well, she's my best friend's girl-irl. But she used to be mine. You got your nuclear boots. And your drip-dry glove. But when you bite your lip. It's some reaction to love, ah-ove, ah-ove. (Here she comes again). When she's dancing 'neath the starry sky. Eh, I'd make you flip. (Here she comes again). When she's dancing 'neath the starry sky. (Here she comes again). I kinda like the way, I like the way she dips. 'Cause she's my best friend's girl. Well, she's my best friend's girl-irl. And she used to be mine. She's so fine. Always d-dancing down the street. With your suede blue ah-eyes. And every new boy that you meet. He doesn't know the real surprise. (Here she comes again). When she's dancing 'neath the starry sky. (Here she comes again). Oh, she'll make you flip. (Here she comes again). When she's dancing 'neath the starry sky. (Here she comes again). I kinda like the way, I like the way she dips. 'Cause she's my best friend's girl, uh. She's my best friend's girl-irl, ah-ooh. She used to be mine. She's so fine. (My best friend's girlfriend). Ow. (My best friend's girlfriend). Well, she used to be mine. (My best friend's girlfriend). Yeah, yeah. (My best friend's girlfriend). Said she used to be mine. (My best friend's girlfriend). Oh, yeah, yeah, yeah. (My best friend's girlfriend). She used to be mine. (My best friend's girlfriend). 
1617ad65-7d25-4db0-a508-3c60243a3d27;You walked in to the room. I just had to laugh. The face you wore was cool. You were a photograph. When it's all too late. It's all too late. I did not have the time. I did not have the nerve. To ask you how you feel. Is this what you deserve. When it's all too late. It's all too late. Change. You can change. Change. You can change. And something on your mind. Became a point of view. I lost your honesty. You lost the life in you. When it's all too late. It's all too late. We walk and talk in time. I walk and talk in two. Where does the end of me. Become the start of you. When it's all too late. It's all too late. Change. You can change. Change. You can change. What has happened to. The friend that I once knew. Has he gone away. It's all too late, It's all too late. Change. Change. You can change. Change. You can change. 
6d148e9f-1cd3-44c9-8260-7cea6fe119cf;With the heartbreak open. So much you can't hide. Put on a little makeup, makeup. Make sure they get your good side, good side. If the words unspoken. Get stuck in your throat. Send a treasure token, token. Write it on a pound note, pound note. Goody two, goody two, goody goody two shoes. Goody two, goody two, goody goody two shoes. Don't drink, don't smoke, what do you do? You don't drink, don't smoke, what do you do? Subtle innuendos follow. There must be something inside. We don't follow fashion. That'd be a joke. You know we're going to set them, set them. So everyone can take note, take note. When they saw you kneeling. Crying words that you mean. Opening their eyeballs, eyeballs. Pretending that you're , Al Green. Goody two, goody two, goody goody two shoes. Goody two, goody two, goody goody two shoes. Don't drink, don't smoke, what do you do? You don't drink, don't smoke, what do you do? Subtle innuendos follow. Must be something inside. No one's gonna tell me. What's wrong and what's right. Or tell me who to eat with, sleep with. Or that I've won the big fight, big fight. Look out or they'll tell you. You're a "Superstar". Two weeks and you're an all-time legend. I think the games have gone much too far. If the words unspoken. Get stuck in your throat. Send a treasure token, token. Write it on a pound note, pound note. Don't drink, don't smoke, what do you do? You don't drink, don't smoke, what do you do? Subtle innuendos follow:. Must be something inside, he's hidin'. Don't drink, don't smoke, what do you do? Ya don't drink, don't smoke, what do you do? Subtle innuendos follow:. Must be something inside, he's hidin'. Don't drink, don't smoke, what do you do? Ya don't drink, don't smoke, what do you do? Subtle innuendos follow:. Must be something inside, he's hidin'. Don't drink, don't smoke, what do you do? Ya don't drink, don't smoke, what do you do? Subtle innuendos follow:. Must be something inside, he's hidin'. Don't drink, don't smoke, what do you do? Ya don't drink, don't smoke, what do you do? Subtle innuendos follow:. Must be something inside. 
a902443d-7cbc-4947-a24a-2cc9034a492b;How does it feel. To treat me like you do. When you've laid your hands upon me. And told me who you are? I thought I was mistaken. I thought I heard your words. Tell me, how do I feel? Tell me now, how do I feel? Those who came before me. Lived through their vocations. From the past until completion. They'll turn away no more. And I still find it so hard. To say what I need to say. But I'm quite sure that you'll tell me. Just how I should feel today. I see a ship in the harbour. I can and shall obey. But if it wasn't for your misfortune. I'd be a heavenly person today. And I thought I was mistaken. And I thought I heard you speak. Tell me, how do I feel? Tell me now, how should I feel? Now, I stand here waiting. I thought I told you to leave me. While I walked down to the beach. Tell me, how does it feel. When your heart grows cold? 
b1b2dbc5-d0fe-432e-9330-cb29f050476d;Lost in the sky. Clouds roll by and I roll with them. Arrows fly. Seas increase and then fall again. This world is spinning around me and. This world is spinning without me and. Every day sends future to past. Every breath leaves me one less to my last. Watch the sparrow falling. Gives new meaning to it all. If not today nor yet tomorrow. Then some other day. I'll take seven lives for one. And then my only father's son. As sure as I did ever love him. I am not afraid. This world is spinning around me and. The whole world keeps spinning around me and. All life is future to past. Every breath leaves me one less to my last. Pull me under. Pull me under. Pull me under I'm not afraid. All that I feel is honor and spite. All I can do is set it right. Dust fills my eyes. Clouds roll by and I roll with them. Centuries cry. Orders fly and I fall again. This world is spinning inside me. The whole world is spinning inside me. Every day sends future to past. Every step brings me closer to my last. Pull me under. Pull me under. Pull me under I'm not afraid. Living my life too much in the sun. Only until your will is done. Pull me under. Pull me under. Pull me under I'm not afraid. All that I feel is honor and spite. All I can do is set it right. Pull me under. Pull me under. Pull me under I'm not afraid. Living my life too much in the sun. Only until your will is done. Oh that this too,. Too solid flesh would melt. 
f1cccdca-4d79-4dee-936c-685dd8cedec9;Uh! Hey yo, it's just another bombtrack, uh! Hey yo, it's just another bombtrack, yeah! It goes a-one, two, three. And it's just another bombtrack. And suckers be thinkin' that they can fake this. But I'mma drop it at a higher level. 'Cause I'm inclined to stoop down. Hand out some beatdowns. Cold run a train on punk hos that think they run the game. But I learned to burn that bridge and delete. Those who compete at a level that's obsolete. Instead I warm my hands upon the flames of the flag. So recall our downfall. And the businesses that burned us all. See through the news and views that twist reality. Enough, I call the bluff for manifest destiny. Landlords and power whores on my people they took turns. Dispute the suits I ignite and then watch 'em burn. With the thoughts from a militant mind. Hardline, hardline after hardline. Landlords and power whores on my people they took turns. Dispute the suits I ignite and then watch 'em burn. Burn, burn, yes, you're gonna burn. Burn, burn, yes, you're gonna burn. Burn, burn, yes, you're gonna burn. Burn, burn, yes, you're gonna burn. Yes, you're gonna burn, burn, yes, you're gonna burn. Burn, burn, yes, you're gonna burn. Burn, burn, yes, you're gonna burn. Burn, burn, yes, you're gonna burn. Goes a-one, two, three. Another funky radical bombtrack. Started as a sketch in my notebook. And now dope hooks make punks take another look. My thoughts you hear and you begin to fear. That your card will get pulled if you interfere (). With the thoughts from a militant, militant mind. Hardline, hardline after hardline. Landlords and power whores on my people they took turns. Dispute the suits I ignite and the watch 'em burn. Burn, burn, yes, you're gonna burn. Burn, burn, yes, you're gonna burn. Burn, burn, yes, you're gonna burn. Burn, burn, yes, you're gonna burn. Yes, you're gonna burn, burn, yes, you're gonna burn. Burn, burn, yes, you're gonna burn. Burn, burn, yes, you're gonna burn. Burn, burn, yes, you're gonna burn. Burn! Uh! Hey yo, it's just another bombtrack, yeah! Uh! Check it out. Burn, burn, yes, you're gonna burn. Burn, burn, yes, you're gonna burn. Burn, burn, yes, you're gonna burn. Burn, burn, yes, you're gonna burn. Burn, burn, yes, you're gonna burn. Burn, burn, yes, you're gonna burn. Burn, burn, yes, you're gonna burn. Burn, burn, yes, you're gonna burn. Burn! 
5adf8e90-5f2e-4e44-aae3-c5f1e4172f06;Say your prayers, little one. Don't forget, my son. To include everyone. I tuck you in, warm within. Keep you free from sin. Till the Sandman he comes. Sleep with one eye open. Gripping your pillow tight. Exit light. Enter night. Take my hand. We're off to Never Never Land. Something's wrong, shut the light. Heavy thoughts tonight. And they aren't of Snow White. Dreams of war, dreams of liars. Dreams of dragon's fire. And of things that will bite. Sleep with one eye open. Gripping your pillow tight. Exit light. Enter night. Take my hand. We're off to Never Never Land. Yeah-heah! Now I lay me down to sleep. (). Pray the Lord my soul to keep. (). If I die before I wake. (). Pray the Lord my soul to take. (). Hush little baby, don't say a word. And never mind that noise you heard. It's just the beasts under your bed. In your closet, in your head. Exit light. Enter night. Grain of sand. Exit light. Enter night. Take my hand. We're off to Never Never Land. Boooooo! Yeah, yeah! Yo oh! We're off to Never Never Land (Take my hand). We're off to Never Never Land (Take my hand). We're off to Never Never Land. We're off to Never Never Land. We're off to Never Never Land. 
c7f42a0b-8300-406c-9d7c-bf52d8284b31;Endangered species, caged in fright. Shot in cold blood, no chance to fight. The stage is set, now pay the price. An ego boost, don't think twice. Technology, the battle's unfair. You pull the hammer without a care. Squeeze the trigger that makes you man. Pseudo-safari, the hunt is canned. The hunt is canned. All are gone, all but one. No contest, nowhere to run. No more left, only one. This is it, this is the countdown to extinction. Tell the truth, you wouldn't dare. The skin and trophy, oh so rare. Silence speaks louder than words. Ignore the guilt, and take your turn. Liars anagram is "lairs". Man, you were never even there. Killed a few feet from the cages. Point blank, you're so courageous. So courageous. All are gone, all but one. No contest, nowhere to run. No more left, only one. This is it, this is the countdown to extinction. One hour from now. Another species of life form. Will disappear off the face of the planet. Forever. and the rate is accelerating. All are gone, all but one. No contest, nowhere to run. No more left, only one. This is it, this is the countdown to extinction. 
5b8fc644-1b8f-4079-bc3a-238a84037523;There's a shadow just behind me. Shrouding every step I take. Making every promise empty. Pointing every finger at me. Waiting like a stalking butler. Who upon the finger rests. Murder now, the path called. Just because the sun has come. Jesus, won't you fucking whistle. Something but the past and done? Jesus, won't you fucking whistle. Something but the past and done? Why can't we not be sober? I just want to start this over. And why can't we drink forever? I just want to start this over. I am just a worthless liar. I am just an imbecile. I will only complicate you. Trust in me and fall as well. I will find a center in you. I will chew it up and leave. I will work to elevate you. Just enough to bring you down. Mother Mary, won't you whisper? Something but what's past and done. Mother Mary, won't you whisper? Something but the past and done. Why can't we not be sober? I just want to start this over. Ah, why can't we sleep forever? I just want to start this over. Why? I am just a worthless liar. I am just an imbecile. I will only complicate you. Trust in me and fall as well. I will find a center in you. I will chew it up and leave. Trust me. Trust me. Trust me. Trust me. Trust me. Why can't we not be sober? I just want to start things over. Ah, why can't we sleep forever? I just want to start this over. Why? I want what I want. I want what I want. I want what I want. I want what I want. 
d117f5f6-387a-4c3e-bfb5-49bb4e42ac94;Are you ready? This place inside my mind. A place I'd like to hide. You don't know the chances. What if I should die? A place inside my brain. Another kind of pain. You don't know the chances. I'm so blind. Blind. Blind. Another means I'll find. To escape the pain inside. You don't know the chances. What if I should die? A place inside my brain. Another kind of pain. You don't know the chances. I'm so blind. Blind. Blind. Deeper and deeper and deeper as I dream to. Live a life that seems to be. A lost reality. That I can never find a way to reach. My inner self-esteem is low. How deep can I go. In the ground that I lay. If I don't find a way to. See through the gray that clouds my mind. This time I look to see what's between the lines. I can see, I can see I'm goin' blind. I can see, I can see I'm goin' blind. I can see, I can see I'm goin' blind. I can see, I can see I'm goin' blind. I can see, I can see I'm goin' blind. I can see, I can see I'm goin' blind. I can see, I can see I'm goin' blind. I can see, I can see I'm goin' blind. I can see, I can see I'm goin' blind. I can see, I can see I'm goin' blind. I can see, I can see I'm goin' blind. I can see, I can see I'm goin' blind. I'm blind. I'm blind. I'm blind. I'm blind. 
4b592b69-7dfd-4b5a-82c1-957565a0aa73;Come around to my way of thinking. Don't you want to, want to get along? Every day's just like a vacation with you. When I'm watching you and Fidel Castro in the sand, kissing. Girl you got to roll, Sister Havana. Overthrow, Sister Havana. She's coming on like a bicycle army. Everybody's waiting for the man to come down from the tower. Every day's just like a vacation with you layin' right here now. I'm watchin you and Fidel Castro in the sand, assassin. Girl you got to roll, Sister Havana. Overthrow, Sister Havana. Sister Havana. Sister Havana. Sister Havana. Ooh, Sister Havana. (There's no time to lose). I don't care what they say, no. (There's no time to lose). We could have a holiday, yeah. (There's no time to lose). But there's no time for hesitation. (There's no time to lose). There's no time, no time for waitin'. (There's no time to lose). There's no time. So let's take the time and get it on today. So girl, come on, you got to roll, Sister Havana. Overthrow, Sister Havana. Sister Havana (Sister Havana). Sister Havana (Sister Havana). Come around to my way of thinking. Come around to my way of thinking. Come around to my way of thinking. Well, come around sister. 
0c730b14-5bbc-4e78-a61a-8ed8f6d68348;You think that we connect. That the chemistry's correct. Your words walk right through my ears. Presuming I like what I hear. And now I'm stuck in the web. You're spinning. You got me for your prey. Sorry I'm not home right now. I'm walking into spiderwebs. So leave a message. And I'll call you back. A likely story, but leave a message. And I'll call you back. You're intruding on what's mine. And you're taking up my time. Don't have the courage inside me. To tell you please let me be. Communication, a telephonic invasion. I'm planning my escape. Sorry I'm not home right now. I'm walking into spiderwebs. So leave a message. And I'll call you back. A likely story, but leave a message. And I'll call you back. And it's all your fault. I screen my phone calls. No matter who calls. I gotta screen my phone calls. Now it's gone too deep (now it's gone too deep). You wake me in my sleep (wake me in my sleep). My dreams become nightmares (dreams become nightmares). 'Cause you're ringing in my ears. Oh. Sorry I'm not home right now. I'm walking into spiderwebs. So leave a message. And I'll call you back. A likely story, but leave a message. And I'll call you back. And it's all your fault. I screen my phone calls. No matter, matter, matter, matter who calls. I gotta screen my phone calls. Ooh, spiderwebs. Leave a message. And I'll call you back. I'm walking into spiderwebs. So leave a message. And I'll call you back. It's all your fault. I screen my phone calls. No matter, matter, matter who calls. I gotta screen my phone calls. It's all your fault. It's all your fault. No matter who calls. No matter who calls. Oh. I'm walking into spiderwebs. So leave a message. And I'll call you back. I'm walking into spiderwebs. A-leave a message. And I'll call you back. Oh. It's all your fault. (I'm walking into spiderwebs). No matter who calls. (Leave a message, and I'll call you back). I gotta screen my phone calls. (I'm walking into spiderwebs). It's all your fault. (Leave a message, and I'll call you back). No matter, matter, matter who calls. (I'm walking into spiderwebs). I screen my phone calls. (Leave a message, and I'll call you back). I'm walking into spiderwebs. Leave a message. And I'll call you back. 
6f28f418-e681-40a2-9584-7cb9d73b1d7a;Make up your mind. Decide to walk with me. Around the lake tonight. Around the lake tonight. By my side. By my side. I'm not gonna lie. I'll not be a gentleman. Behind the boathouse. I'll show you my dark secret. I'm not gonna lie. I want you for mine. My blushing bride. My lover, be my lover yeah. Don't be afraid. I don't mean to scare you. So help me Jesus. I can promise you. You will stay as beautiful. With dark hair. And soft skin, forever. Forever. Make up your mind. Make up your mind and I promise you. I will treat you well. My sweet angel. So help me Jesus. Give it up to me. Give it up to me. Do you wanna be my angel? Give it up to me. Give it up to me. Do you wanna be my angel? Give it up to me. Give it up to me. Do you wanna be my angel? So help me. Be my angel. Be my angel. Be my angel. Do you wanna die? Do you wanna die? Do you wanna die? Do you wanna die? Do you wanna die? Do you wanna die? Do you wanna die? Do you wanna die? Well, I promise you. I will treat you well. My sweet angel. So help me, Jesus. Jesus. Jesus. Jesus. 
7c1de052-02b4-47c1-8a21-cec90237050b;And I feel that time's a wasted go. So where you goin' to tomorrow? And I see that these are lies to come. So would you even care? And I feel it. And I feel it. Where ya goin' for tomorrow? Where you goin' with the mask I found? And I feel and I feel when the dogs begin to smell her. Will she smell alone? And I feel so much depends on the weather. So is it raining in your bedroom? And I see that these are the eyes of disarray. Would you even care? And I feel it. And she feels it. Where ya goin' for tomorrow? Where you goin' with the mask I found? And I feel and I feel when the dogs begin to smell her. Will she smell alone? When the dogs do find her. Got time, time to wait for tomorrow. To find it, to find it, to find it. When the dogs do find her. Got time, time, wait for tomorrow. To find it, to find it, to find it. Where you goin' for tomorrow? Where you goin' with the mask I found? And I feel and I feel when the dogs begin to smell her. Will she smell alone? When the dogs do find her. Got time, time, wait for tomorrow. To find it, to find it, to find it. When the dogs do find her. Got time, time, wait for tomorrow. To find it, to find it, to find it. To find it. To find it. To find it. 
e8e5527e-faca-4752-aca8-d07f3c0c0ce1;I took a drive today. Time to emancipate. I guess it was the beatings, made me wise. But I'm not about to give thanks, or apologize. I couldn't breathe, holding me down. Hand on my face, pushed to the ground. Enmity gauged, united by fear. Forced to endure what I could not forgive. I seem to look away. Wounds in the mirror waved. It wasn't my surface most defiled. Head at your feet, fool to your crown. Fist on my plate, swallowed it down. Enmity gauged, united by fear. Tried to endure what I could not forgive. Saw things. Saw things. Saw things. Saw things. Clearer. Clearer. Once you were in my rear view mirror. I gather speed from you, fucking with me. Once and for all, I'm far away. I hardly believe, finally the shades are raised. Hey, yeah. Saw things so much clearer. Once you, once you. Rear view mirror. Saw things so much clearer. Once you, once you. Rear view mirror. Saw things so much clearer. Once you, once you. Rear view mirror. Saw things so much clearer. Once you. Oh yeah. 
849b6bdf-cffa-4652-af8f-4c79819789a6;You gotta keep 'em separated. Like the latest fashion. Like a spreading disease. The kids are strappin' on their way to the classroom. Getting weapons with the greatest of ease. The gangs stake their own campus locales. And if they catch you slippin', then it's all over, pal. If one guy's colors' and the other's don't mix. They're gonna bash it up, bash it up, bash it up, bash it up. Hey! Man, you talkin' back to me? (Take him out). You gotta keep 'em separated. Hey! Man, you disrespecting me? (Take him out). You gotta keep 'em separated. Hey, don't pay no mind. If you're under eighteen, you won't be doing any time. Hey. Come out and play. By the time you hear the siren. It's already too late. One goes to the morgue and the other to jail. One guy's wasted and the other's a waste. It goes down the same as the thousand before. No one's getting smarter, no one's learning the score. Your never-ending spree of death and violence and hate. Is gonna tie your own rope, tie your own rope, tie your own. Hey! Man, you disrespecting me? (Take him out). You gotta keep 'em separated. Hey! Man, you talkin' back to me? (Take him out). You gotta keep 'em separated. Hey, don't pay no mind. If you're under eighteen, you won't be doing any time. Hey. Come out and play. It goes down the same as the thousand before. No one's getting smarter, no one's learning the score. Your never-ending spree of death and violence and hate. Is gonna tie your own rope, tie your own rope, tie your own. Hey!. Man, you talkin' back to me? (Take him out). You gotta keep 'em separated. Hey!. Man, you disrespecting me? (Take him out). You gotta keep 'em separated. Hey, don't pay no mind. If you're under eighteen, you won't be doing any time. Hey. Come out and play. 
7cf14e7e-6a67-44cc-9336-6e620a310849;I am still living with your ghost. Lonely and dreaming of the west coast. I don't want to be your downtime. I don't want to be your stupid game. With my big black boots and an old suitcase. I do believe I'll find myself a new place. I don't want to be the bad guy. I don't want to do your sleepwalk dance anymore. I just want to see some palm trees. I will try and shake away this disease. We can live beside the ocean. Leave the fire behind. Swim out past the breakers. Watch the world die. We can live beside the ocean. Leave the fire behind. Swim out past the breakers. Watch the world die. I am still dreaming of your face. Hungry and hollow for all the things you took away. I don't want to be your good time. I don't want to be your fall back crutch anymore. I'll walk right out into a brand new day. Insane and rising in my own weird way. I don't want to be the bad guy. I don't want to do your sleepwalk dance anymore. I just want to feel some sunshine. I just want to find some place to be alone. We can live beside the ocean. Leave the fire behind. Swim out past the breakers. Watch the world die. We can live beside the ocean. Leave the fire behind. Swim out past the breakers. Watch the world die. We can live beside the ocean. Leave the fire behind. Swim out past the breakers. Watch the world die. We can live beside the ocean. Leave the fire behind. Swim out past the breakers. Watch the world die. Oh, yeah, watch the world die. Yeah, yeah, watch the world die. Whoa, yeah, watch the world die. Yeah, watch the world die. 
4b31b817-cdac-4a73-afd8-5d77bc85a2b6;Whatsoever I've feared has come to life. Whatsoever I've fought off became my life. Just when every day seemed to greet me with a smile. Sunspots have faded and now I'm doing time. Now I'm doing time. 'Cause I fell on black days. I fell on black days. Whomsoever I've cured, I've sickened now. Whomsoever I've cradled, I've put you down. I'm a search light soul, they say, but I can't see it in the night. I'm only faking when I get it right. When I get it right. 'Cause I fell on black days. I fell on black days. How would I know that this could be my fate? How would I know that this could be my fate? So what you wanted to see good has made you blind. And what you wanted to be yours, has made it mine. So don't you lock up something that you wanted to see fly. Hands are for shaking, no, not tying. No, not tying. I sure don't mind a change. I sure don't mind a change. Yeah, I sure don't mind. I sure don't mind a change. I sure don't mind a change. But I fell on black days. I fell on black days. How would I know that this could be my fate? How would I know that this could be my fate? How would I know that this could be my fate? How would I know that this could be my fate? I sure don't mind a change. 
36bc85b6-ff7c-420a-ad84-b07a16f9e718;So. She says it's time she goes. But wanted to be sure I know. She hopes we can be friends. "I think. Yeah, I guess we can" say I. But didn't think to ask her why. She blocked her eyes and drew the curtains. With knots I've got yet to untie. What if I were Romeo in black jeans. What if I was Heathcliff, it's no myth. Maybe she's just looking for. Someone to dance with. See. It was just too soon to tell. And looking for some parallel. Can be an endless game. We. We said goodbye before hello. My secrets she will never know. And if I dig a hole to China. I'll catch the first junk to Soho. What if I were Romeo in black jeans. What if I was Heathcliff, it's no myth. Maybe she's just looking for. Someone to dance with. Sometime from now you'll bow to pressure. Some things in life you cannot measure by degrees. I'm between the poles and the equator. Don't send no private investigator to find me please. 'Less he speaks Chinese. And can dance like Astaire overseas. Okay. What if I was. So, what if I was. Maybe she's just looking for. Someone to dance with. What if I was Romeo in black jeans. What if I was Heathcliff, it's no myth. Maybe she's just looking for. Someone to dance with. 
a417f23f-815c-47e9-9b94-9dc8bd3a3242;I know you think that I shouldn't still love you or tell you that. But if I didn't say it, well I'd still have felt it, where's the sense in that? I promise I'm not trying to make your life harder. Or return to where we were. But I will go down with this ship. And I won't put my hands up and surrender. There will be no white flag above my door. I'm in love and always will be. I know I left too much mess and destruction to come back again. And I caused nothing but trouble, I understand if you can't talk to me again. And if you live by the rules of "it's over". Then I'm sure that that makes sense. But I will go down with this ship. And I won't put my hands up and surrender. There will be no white flag above my door. I'm in love and always will be. And when we meet, which I'm sure we will. All that was there will be there still. I'll let it pass and hold my tongue. And you will think that I've moved on. I will go down with this ship. And I won't put my hands up and surrender. There will be no white flag above my door. I'm in love and always will be. I will go down with this ship. And I won't put my hands up and surrender. There will be no white flag above my door. I'm in love and always will be. I will go down with this ship. And I won't put my hands up and surrender. There will be no white flag above my door. I'm in love and always will be. 
9d4a21ff-ae09-4381-885f-d1f9b94b4a13;You are the sunshine of my life. That's why I'll always be around. You are the apple of my eye. Forever you'll stay in my heart. I feel like this is the beginning. Though I've loved you for a million years. And if I thought our love was ending. I'd find myself drowning in my own tears. You are the sunshine of my life, yeah. That's why I'll always stay around, mmm yeah yeah. You are the apple of my eye. Forever you'll stay in my heart. You must have known that I was lonely. Because you came to my rescue. And I know that this must be heaven. How could so much love be inside of you? You are the sunshine of my life, yeah. That's why I'll always stay around, mmm yeah yeah. You are the apple of my eye. Forever you'll stay in my heart. Yeah, you are the sunshine of my life, baby. That's why I'll always stay around (Love has joined us). (). 
149e4040-2161-4fd2-9539-e9e252f015b2;One day, you'll understand. Zion. unsure of what the balance held. i touched my belly overwhelmed. by what i had been chosen to perform. but then an angel came one day. told me to kneel down and pray. for unto me a man-child would be born. woe, this crazy circumstance. i knew his life deserved a chance. but everybody told me to be smart. look at your career they said. "Lauryn  baby use your head". but instead i choose to use my heart. Now the joy of my world is in Zion. now the joy of my world is in Zion. how beautiful if nothing more. than to wait at Zion's door. i've never been in love like this before. now let me pray to keep you from. the perils that will surely come. see life for you my prince has just begun. and i thank you for choosing me. to come through unto life to be. a beautiful reflection of his grace. see I know that a gift so great. is only one god could create and. I'm reminded everytime I see your face. That the joy of my world is in Zion. Now the joy of my world is in Zion. Now the joy of my world is in Zion. Now the joy of my world is in Zion. marching, marching, marching, Zion. marching, marching. marching, marching marching to Zion. beautiful, beautiful Zion. 
1ad3672f-7584-4719-9fdf-a7aab6dfdc3e;When I was young, younger than before. I never saw the truth hanging from the door. And now I'm older, see it face to face. And now I'm older, gotta get up, clean the place. And I was green, greener than the hill. Where flowers grew and the sun shone still. Now I'm darker than the deepest sea. Just hand me down, give me a place to be. And I was strong, strong in the sun. I thought I'd see when day was done. Now I'm weaker than the palest blue. Oh, so weak in this need for you. 
ee786ccd-403a-4a8c-afbc-3946800de0e6;I like the way your sparkling earrings lay,. Against your skin, so brown. And I wanna sleep with you. In the desert tonight. With a billion stars all around. 'cause I gotta peaceful easy feeling. And I know you won't let me down. 'cause I'm already standing on the ground. And I found out a long time ago. What a woman can do to your soul. Ah, but she can't take you anyway. You don't already know how to go. And I gotta peaceful, easy feeling. And I know you won't let me down. 'cause I'm already standing on the ground. I get this feeling I may know you. As a lover and a friend. But this voice keeps whispering. In my other ear, tells me. I may never see you again. 'cause I get a peaceful, easy feeling. And I know you won't let me down. 'cause I'm already standing on the ground. 'cause I'm already standing. . On the ground. Oooo, oooo. 
1b475b1e-fa2d-43c5-99da-fdf82a940657;She's got a way about her. I don't know what it is. But I know that I can't live without her. She's got a way of pleasin'. I don't know what it is. But there doesn't have to be a reason anyway. She's got a smile that heals me. I don't know why it is. But I have to laugh when she reveals me. She's got a way of talkin'. I don't know why it is. But it lifts me up when we are walkin' anywhere. She comes to me when I'm feelin' down. Inspires me without a sound. She touches me and I get turned around. She's got a way of showin'. How I make her feel. And I find the strength to keep on goin'. She's got a way of walkin. And everywhere she goes. A million dreams of love surround her everywhere. She comes to me when I'm feelin' down. Inspires me without a sound. She touches me. I get turned around. She's got a smile that heals me. I don't know what it is. But I have to laugh when she reveals me. She's got a way about her. I don't know what it is. But I know that I can't live without her anyway. 
8fb26972-4c7a-4f80-aad2-6c657f0cb09a;We can never know about the days to come. But we think about them anyway. And I wonder if I'm really with you now. Or just chasing after some finer day. Anticipation. Anticipation. Is making me late. Is keeping me waiting. And I'll tell you how easy it is to be with you. And how right your arms feel around me. But I rehearsed those words just late last night. When I was thinking about how right tonight might be. Anticipation. Anticipation. Is making me late. Is keeping me waiting. And tomorrow we might not be together. I'm no prophet, I don't know nature's ways. So I'll try and see into your eyes right now. And just stay right here, 'cause these are the good old days. These are the good old days. Stay right here 'cause these are the good old days. These are the good old days. These are the good old days. These are the good old days. These are. The good old days. 
468b1652-d0b5-4952-8aa6-cc8f5c554030;Listen to the wind blow, watch the sun rise. Running in the shadows--damn your love, damn your lies. And if you don't love me now. You will never love me again. I can still hear you saying. We would never break the chain (Never break the chain). And if you don't love me now (If you don't love me now). You will never love me again. I can still hear you saying (You would say). We would never break the chain (Never break the chain). Listen to the wind blow, down comes the night. Running in the shadows--damn your love, damn your lies. Break the silence--damn the dark, damn the light. And if you don't love me now. You will never love me again. I can still hear you saying. We would never break the chain (Never break the chain). And if you don't love me now (If you don't love me now). You will never love me again. I can still hear you saying (You would say). We would never break the chain (Never break the chain). And if you don't love me now (If you don't love me now). You will never love me again. I can still hear you saying (You would say). We would never break the chain (Never break the chain). Chain, keep us together (Running in the shadows). Chain, keep us together (Running in the shadows). Chain, keep us together (Running in the shadows). Chain, keep us together (Running in the shadows). Chain, keep us together (Running in the shadows). Chain, keep us together (Running in the shadows). 
09015809-cfca-4316-869b-1af9fa75e7eb;Take all the goods from all the bads. And tell the people that you've gone away. Now lift your head up to the sky. And now you can tell apart the black from the white. You waste the time they treasure dear. My only thought is that they could be right. Oh look, there goes another year. About as distant as a satellite. And I feel safe, so safe. And I feel safe, so safe. And I feel safe, so safe. So safe. The world's a small child in the dark. My mind's the same place as it's always been. The monsters seem to fade so fast. Upon the waking of another dream. And I feel safe, so safe. And I feel safe, so safe. And I feel safe, I feel so brave. I'm not afraid of anything they've got to say. And you're okay, because you're tucked away. Don't go astray, you've got to be. Just who you are, who you are. When I was young things didn't last. I only cashed in to the price of sweets. Now I am older I can laugh. A dolly, mixed-up man with rotten teeth. And I feel safe, so safe. And I feel safe, so safe. And I feel safe, so safe. So safe. And I feel safe, so safe. And I feel safe, so safe. And I feel safe, so safe. So safe. 
45714074-651e-4743-86af-7b78df0b379d;Daniel is traveling tonight on a plane. I can see the red tail lights heading for Spain. Oh and I can see Daniel waving goodbye. God, it looks like Daniel, must be the clouds in my eyes. Oh, Daniel my brother. You are older than me. Do you still feel the pain. Of the scars that won't heal. Your eyes have died. But you see more than I. Daniel you're a star. In the face of the sky. They say Spain is pretty, though I've never been. Well, Daniel says it's the best place that he's ever seen. Oh, and he should know, he's been there enough. Lord, I miss Daniel, oh I miss him so much. Oh, Daniel my brother. You are older than me. Do you still feel the pain. Of the scars that won't heal. Your eyes have died. But you see more than I. Daniel you're a star. In the face of the sky. Daniel is traveling tonight on a plane. I can see the red tail lights heading for Spain. Oh and I can see Daniel waving goodbye. God, it looks like Daniel, must be the clouds in my eyes. Oh, Daniel my brother. You are older than me. Do you still feel the pain. Of the scars that won't heal. Your eyes have died. But you see more than I. Daniel you're a star. In the face of the sky. Daniel my brother. You are older than me. Do you still feel the pain. Of the scars that won't heal. Your eyes have died. But you see more than I. Daniel you're a star. In the face of the sky. Daniel is traveling tonight on a plane. I can see the red tail lights heading for Spain. Oh and I can see Daniel waving goodbye. God, it looks like Daniel, must be the clouds in my eyes. Oh, God, it looks like Daniel, must be the clouds in my eyes. Oh, God, it looks like Daniel, must be the clouds in my eyes. 
b9824396-c221-4d13-9b6d-64a6b3f93ecd;In the town where I was born. Lived a man who sailed to sea. And he told us of his life. In the land of submarines. So we sailed on to the sun. Till we found a sea of green. And we lived beneath the waves. In our yellow submarine. We all live in a yellow submarine. Yellow submarine, yellow submarine. We all live in a yellow submarine. Yellow submarine, yellow submarine. And our friends are all aboard. Many more of them live next door. And the band begins to play. We all live in a yellow submarine. Yellow submarine, yellow submarine. We all live in a yellow submarine. Yellow submarine, yellow submarine. As we live a life of ease. Every one of us (every one of us) has all we need (has all we need). Sky of blue (sky of blue) and sea of green (sea of green). In our yellow (in our yellow) submarine (submarine, ha-ha!). We all live in a yellow submarine. A yellow submarine, yellow submarine. We all live in a yellow submarine. A yellow submarine, yellow submarine. We all live in a yellow submarine. Yellow submarine, yellow submarine. We all live in a yellow submarine. Yellow submarine, yellow submarine. 
1ae1e91a-5e2d-42c9-ae70-f806ee00670a;Something in the way you love me won't let me be. I don't want to be your prisoner. So baby, won't you set me free? Stop playing with my heart. Finish what you start. When you make my love come down. If you want me, let me know. Baby, let it show. Honey, don't you fool around. Just try to understand. I've given all I can. 'Cause you got the best of me. Borderline. Feels like I'm going to lose my mind. You just keep on pushing my love over the borderline. Borderline. Feels like I'm going to lose my mind. You just keep on pushing my love over the borderline. Keep on pushing me, baby. Don't you know you drive me crazy? You just keep on pushing my love over the borderline. Something in your eyes is makin' such a fool of me. When you hold me in your arms. You love me till I just can't see. But then you let me down. When I look around. Baby, you just can't be found. Stop driving me away. I just wanna stay. There's something I just got to say. Just try to understand. I've given all I can. 'Cause you got the best of me. Borderline. Feels like I'm going to lose my mind. You just keep on pushing my love over the borderline. Borderline. Feels like I'm going to lose my mind. You just keep on pushing my love over the borderline. Keep on pushing me, baby. Don't you know you drive me crazy? You just keep on pushing my love over the borderline. Look what your love has done to me. Come on baby, set me free. You just keep on pushing my love over the borderline. You cause me so much pain. I think I'm going insane. What does it take to make you see? You just keep on pushing my love over the borderline. Keep pushing me, keep pushing me. Keep pushing my love. (Keep on pushing my love over the borderline, borderline). Come on baby, come on darling, yeah. Da-da-da, da-da-da, da-da-da. 
9cdf5d03-b519-4338-a8c8-ce8108b8fa40;Come up to meet you. Tell you I'm sorry. You don't know how lovely you are. I had to find you. Tell you I need you. Tell you I set you apart. Tell me your secrets. And ask me your questions. Oh let's go back to the start. Running in circles. Coming up tails. Heads on a science apart. Nobody said it was easy. It's such a shame for us to part. Nobody said it was easy. No one ever said it would be this hard. Oh take me back to the start. I was just guessing. At numbers and figures. Pulling your puzzles apart. Questions of science. Science and progress. Could not speak as loud as my heart. Tell me you love me. Come back and haunt me. Oh when I rush to the start. Running in circles. Chasing tails. Coming back as we are. Nobody said it was easy. Oh it's such a shame for us to part. Nobody said it was easy. No one ever said it would be so hard. I'm going back to the start. 
2fd115ee-93bf-4f11-8a1a-530099e7f81d;Today is gonna be the day that they're gonna give it back to you. By now you should've somehow realized what you gotta do. I don't believe that anybody feels the way I do about you now. Backbeat the word is on the street that the fire in your heart is out. And I'm sure you've heard it all before but you never really had a doubt. I don't believe that anybody feels the way I do about you now. And all the roads we have to walk are winding. And all the lights that lead the way are blinding. There are many things that I would like to say to you. But I don't know how. I said maybe. You're gonna be the one that saves me. And after all. You're my wonderwall. Today was gonna be the day but they'll never bring it back to you. By now you should've somehow realized what you gotta do. I don't believe that anybody feels the way I do about you now. And all the roads we have to walk are winding. And all the lights that lead the way are blinding. There are many things that I would like to say to you. But I don't know how. I said maybe. You're gonna be the one that saves me. You're could have be the one that saves me. And after all. You're my wonderwall. You're my wonderwall. You're my wonderwall. You're my wonderwall. 
9619bd4e-f43b-4195-950d-c91acf2a110b;Well, I heard there was a secret chord. That David played, and it pleased the Lord. But you don't really care for music, do ya? Well, it goes like this: the fourth, the fifth. The minor fall and the major lift. The baffled king composing Hallelujah. Hallelujah, Hallelujah. Hallelujah, Hallelujah. Well, your faith was strong, but you needed proof. You saw her bathing on the roof. Her beauty and the moonlight overthrew ya. And she tied you to her kitchen chair. And she broke your throne and she cut your hair. And from your lips she drew the Hallelujah. Hallelujah, Hallelujah. Hallelujah, Hallelujah. Well, baby, I've been here before. I've seen this room and I've walked this floor. You know, I used to live alone before I knew ya. And I've seen your flag on the marble arch. And love is not a victory march. It's a cold and it's a broken Hallelujah. Hallelujah, Hallelujah. Hallelujah, Hallelujah. Well, there was a time when you let me know. What's really going on below. But now you never show that to me, do ya? But remember when I moved in you. And the holy dove was moving too. And every breath we drew was Hallelujah. Hallelujah, Hallelujah. Hallelujah, Hallelujah. Well, maybe there is a God above. But all I've ever learned from love. Was how to shoot somebody who outdrew ya. And it's not a cry that you hear at night. It's not somebody who's seen the light. It's a cold and it's a broken Hallelujah. Hallelujah, Hallelujah. Hallelujah, Hallelujah. Hallelujah, Hallelujah. Hallelujah, Hallelujah. Hallelujah, Hallelujah. Hallelujah, Hallelujah. Hallelujah. 
a3a0bfaa-1c7f-40ac-875d-4e678c28c164;Hey, hey, the clouds are whey. There's straw for the donkeys. And the innocents can all sleep safely. All sleep safely. My, my, sun is pie. There's fodder for the cannons. And the guilty ones can all sleep safely. All sleep safely. And all the world is football-shaped. It's just for me to kick in space. And I can see, hear, smell, touch, taste. And I've got one, two, three, four, five. Senses working overtime. Trying to take this all in. I've got one, two, three, four, five. Senses working overtime. Trying to taste the difference 'tween a lemon and a lime. Pain and pleasure, and the church bells softly chime. Hey, hey, night fights day. There's food for the thinkers. And the innocents can all live slowly. All live slowly. My, my, the sky will cry. Jewels for the thirsty. And the guilty ones can all die slowly. All die slowly. And all the world is biscuit-shaped. It's just for me to feed my face. And I can see, hear, smell, touch, taste. And I've got one, two, three, four, five. Senses working overtime. Trying to take this all in. I've got one, two, three, four, five. Senses working overtime. Trying to taste the difference 'tween a lemon and a lime. Pain and pleasure, and the church bells softly chime. And birds might fall from black skies (Whoo-whoo). And bullies might give you black eyes (Whoo-whoo). And buses might skid on black ice (Whoo-whoo). But to me they're very, very beautiful (England's glory). Beautiful (A striking beauty). And all the world is football-shaped. It's just for me to kick in space. And I can see, hear, smell, touch, taste. And I've got one, two, three, four, five. Senses working overtime. Trying to take this all in. I've got one, two, three, four, five. Senses working overtime. Trying to tell the difference 'tween the goods and crimes. Dirt and treasure. And there's one, two, three, four, five. Senses working overtime. Trying to take this all in. I've got one, two, three, four, five. Senses working overtime. Trying to taste the difference 'tween a lemon and a lime. Pain and pleasure, and the church bells softly chime. 
7e8b80a4-5ae3-47ee-854e-ac0e6b7623f0;Wake from your sleep. The drying of your tears. Today, we escape. We escape. Pack and get dressed. Before your father hears us. Before all hell. Breaks loose. Breathe, keep breathing. Don't lose your nerve. Breathe, keep breathing. I can't do this alone. Sing us a song. A song to keep us warm. There's such a chill. Such a chill. You can laugh. A spineless laugh. We hope your rules and. Wisdom choke you. Now we are one. In everlasting peace. We hope that you choke that you choke. That you choke. We hope that you choke that you choke. That you choke. We hope that you choke that you choke. That you choke. 
de253e19-4cce-42ab-b386-86ecebb70663;NA
0dd6bfb1-7856-4607-bed9-5adaec850d71;High above the mucky-muck. Castle made of clouds. There sits Wonderboy. Sitting oh-so-proudly. Not much to say. When you're high above the mucky-muck. Yeah, yeah. Wonderboy! What is the secret of your power? Wonderboy! Won't you take me far away from the mucky-muck, man? Now it's time for me to tell you about Young Nastyman. Arch-rival and nemesis of Wonderboy. With powers comparable to Wonderboy! What powers you ask? I dunno, how about the power of flight? That do anything for ya? It's levitation, Holmes. How about the power to kill a yak from 200 yards away. With mind bullets? That's telekinesis, Kyle. How about the power to move you? History of Wonderboy and Young Nastyman. Rigga goo-goo, rigga goo-goo ga. A secret to be told. A gold chest to be bold! And blasting forth with three-part harmony! Yow! Wonderboy! What is the secret of your power? Wonderboy! Won't you take me far away from the mucky-muck, man? Well, Wonderboy and Young Nastyman joined forces. They formed a band. The likes of which have never been seen! And they call themselves Tenacious D. That's right, me. And KG! (That's me). Were, now-ow. Tenacious D! Come fly with me! Fly! Wonderboy! What is the secret of your power? Wonderboy! Won't you take me far away from the mucky-muck, man? Oh, take my hand. Young Nastyman, and we'll fly. Bring out your broad sword. There's the hydra. Slice his throat! And grab his scrote. You take the high road. I'll take the low. There! The crevasse! Fill it!. With your mighty juice! 
ba0a796c-bd1f-4d4b-85a8-918f217a204a;I will stop. I will stop at nothing. Say the right things. When electioneering. I trust I can rely on. Your votes. When I go forwards you go backwards. And somewhere we will meet. When I go forwards you go backwards. And somewhere we will meet. Riot shields. Voodoo economics, it's just, it's just. It's just business. Cattle prods and the IMF. I trust I can rely on. Your votes. When I go forwards you go backwards. And somewhere we will meet. When I go forwards you go backwards. And somewhere we will meet. 
09c9eeee-e209-4cf6-a77b-6315eea6daf7;If dust could only talk. What would we hear it say? Before it's brushed aside. Just as it's swept away. It's just the evidence. It's of no consequence. It's only flesh and bone. Why don't you leave it alone? If dust could only speak. Caught in a falling beam. If dust could only cry. If dust could only scream. For it's the single witness that might testify. Could I spit out the truth? Or would you rather just swallow a lie? But dust is always caught behind a coat of paint. Beneath the marble fingernails of kings and saints. And in the theatre curtain where they hang a drape. Or in the ticket pocket where your hands escape. Before they start to wander. Or they start to shrink. You rub your eye a little and appear to blink. And then she caught you staring. She knows just what you're thinking. What got into you was not a ghost as such. It was just dust. Here comes the juggernaut. Here come The Poisoners. They choke the life and land. And rob the joy from us. Why do they taste of sugar. Oh, when they're made of money. Here comes the lamb of God. And the butcher's boy, Sonny. Well I believe we just. Become a speck of dust. 
348f9f45-e584-453e-8e00-ac56c9f5b1bb;Street's like a jungle. So call the police. Following the herd. Down to Greece. On holiday. Love in the nineties. Is paranoid. On sunny beaches. Take your chances. Looking for girls who are boys. Who like boys to be girls. Who dig boys like they're girls. Who dig girls like they're boys. Always should be someone you really love. Avoiding all work. 'Cause there's none available. Low battery thinkers. Count your thoughts. On one, two, three, four, five fingers. Nothing is wasted. Only reproduced. You get nasty blisters. Du bist sehr schön. But we haven't been introduced. Girls who are boys. Who like boys to be girls. Who dig boys like they're girls. Who dig girls like they're boys. Always should be someone you really love. Girls who are boys. Who like boys to be girls. Who dig boys like they're girls. Who dig girls like they're boys. Always should be someone you really love. Ah ah ah ah ah ah. Ah ah ah ah ah. Looking for. Girls, boys. Boys, girls. Girls, boys. Boys, girls. Always should be someone you really love. Girls who are boys. Who like boys to be girls. Who dig boys like they're girls. Who dig girls like they're boys. Always should be someone you really love. Girls who are boys. Who like boys to be girls. Who dig boys like they're girls. Who dig girls like they're boys. Always should be someone you really love. Girls who are boys. 
07556299-2d77-4da6-a318-0f315e7a9ac6;Who took the bomp? Every day and night. Every day and night. I can see your disco disco dick is sucking my heart out of my mind. I'm outta time. I'm outta fucking time. I'm a gasoline gut with a vasoline mind. but. Wanna disco? Wanna see me disco? Let me hear you depoliticize my rhyme. One. Two. Three. Four. You got what you been asking for. You're so policy free. and fantasy wheels. and everything you think. and everything you feel is. Alright,. alright. alright. alright. alright. I take you home now watch me get you hot. You're just a parrot. when you're screaming and you're shouting. "More crackers please! More crackers please!". You want what you wan,. but you don't wanna be on your knees. Who does your, who does your hair? Who took the Bomp from the Bompalompalomp? Who took the Ram from the Ramalamading dong? Who took the Bomp from the Bompalompalomp? Who took the Ram from the Ramalamading dong? How are you? Fine, Thank you. How are you? Fine, Thank you. You bought a new van. the first year of your band. You're cool and. I hardly wanna say. "not" because I'm so bored. that'd I'd be entertained even by a. stupid fucking linoleum floor. linoleum floor. Your lyrics are dumb like a. linoleum floor. I'll walk on it. I'll walk all over you. Walk on it, walk on it. walking one. two. Who? Who? Who? Who took the Bomp from the Bompalompalomp? Who took the Ram from the Ramalamading dong? Who took the Bomp from the Bompalompalomp? Who took the Ram from the Ramalamading dong? See you later. See you later. See you later. See you later. 
275937dd-dab3-4c85-8d30-418e9124cbfa;This is a song for the ladies. But fellas, listen closely:. You don't always have to fuck her hard. In fact sometimes that's not right to do. Sometimes you've got to make some love. And fuckin' give her some smoochies too. Sometimes you got to squeeze. Sometimes you got to say "Please". Sometimes you got to say "Hey,. I'm gonna fuck you, softly. I'm gonna screw you gently. I'm gonna hump you, sweetly. I'm gonna ball you discreetly". And then you say "Hey I brought you flowers". And then you say "Wait a minute Sally". "I think I got somethin' in my teeth, could you get it out for me?". That's fuckin' team work! What's your favorite posish? That's cool with me. It's not my favorite but I'll do it for you. What's your favorite dish? I'm not gonna cook it. But I'll order it from Zanzibar! And then I'm gonna love you completely. And then I fuckin fuck you discreetly. And then I fuckin bone you completely. But then I'm gonna fuck you hard, hard! 
0eba0e4b-32a4-43f6-b8d6-f7fc45010ec4;NA
47b02a82-c3bf-4647-b894-dd1c8f608e7f;Transport, motorways and tram lines. Starting and then stopping. Taking off and landing. The emptiest of feelings. Disappointed people. Clinging on to bottles. And when it comes it's so, so. Disappointing. Let down and hanging around. Crushed like a bug in the ground. Let down and hanging around. Shell smashed, juices flowing. Wings twitch, legs are going. Don't get sentimental. It always ends up drivel. One day, I am gonna. Grow wings, a chemical reaction. Hysterical and useless. Hysterical and. Let down and hanging around. Crushed like a bug in the ground. Let down and hanging around. Let down and. Let down and. Let down and. You'll know, you'll know where you are when. You'll know where you are when. Floor collapsing. Floating, bouncing back. And one day, I am gonna grow wings. A chemical reaction (you'll know where you are). Hysterical and useless (you'll know where you are). Hysterical and (you'll know where you are). Let down and hanging around. Crushed like a bug in the ground. Let down and hanging around. 
8fa53120-8845-46d2-a262-d41d14853e74;Ik does a dashik dozen. Ik does a yield gig does. Ik does alone cheyenne. Mad at them who tease him scrawling. And I knew deeper darlin. Idiom a deus is dos. Indeared look he loves it. Your elan new sub dearie. Says your supper should shout. As you eat up seisured. Evil oh it will. Evolve evil vamos a la. Ik does a dashik dozen. Ik does a yield gig does. Ik does alone cheyenne. Mad at them who tease him scrawling. He tear them off, he tear them off. He tear them off and eat the meal too. Oh eat off your toe. As you eat up. Slow eat that meal, slow eat that meal. Slow eat that meal, no way down. No way down, you're close. Chew too slow, you're close. And how can you mock me. How can you be in the nude. When you're my friend. When you're my friend. He tear them off, he tear them off. ik does. Oh eat off your toe. I know I need to tell you. All I've seen, all i catch. Put in the poster girl. And shake like dogs of tiding scholar. Ik does a dashik dozen. Ik does a yield gig does. Ik does alone cheyenne. Mad at them who tease him scrawling. He tear them off, he tear them off. He tear them off and eat the meal too. Oh eat off your toe. As you eat up. Slow eat that meal, slow eat that meal. Slow eat that meal, no way down. No way down, you're close. Chew too slow, you're close. And how can you mock me. How can you be in the nude. When you're my friend. When you're my friend. He tear them off, he tear them off. Ik does. Oh eat off your toe. 
90b076a6-e2c7-4778-aa50-5e714556e241;I miss you. but I haven't met you yet. So special. but it hasn't happened yet. You are gorgeous. but I haven't met you yet. I remember. but it hasn't happened yet. And if you believe in dreams. or what is more important. that a dream can come true. I will meet you. I was peaking. but it hasn't happened yet. I haven't been given. my best souvenir. I miss you. but I haven't met you yet. I know your habits. but wouldn't recognize you yet. And if you believe in dreams. or what is more important. that a dream can come true. I will meet you. I'm so impatient. I can't stand the wait. When will i get my cuddle? Who are you? I know by now that you'll arrive. by the time I stop waiting. I miss you! 
e430396c-445b-4173-aeae-a51d1917f98f;My head is a-spinning round. My heart is in my shoes, yeah. I went and set the Thames on fire. Now I must come back down. She's laughing in her sleeve, boys. I can feel it in my bones. Oh, but anywhere, anywhere I'm gonna lay my head. I'm gonna call my home. Well I see that the world is upside-down. Seems that my pockets were filled up with gold. And now the clouds, well they've covered everything, oh. And the wind is blowing cold. Well I don't need anybody. because I learned, I learned to be alone. Well I said anywhere, anywhere, anywhere I lay my head, boys. Well I gonna call my home. 
9ff651a2-1576-4de3-92bd-8f41b5958bcc;Please could you stop the noise, I'm trying to get some rest. From all the unborn chicken voices in my head. What's that? (I may be paranoid, but not an android). What's that? (I may be paranoid, but not an android). When I am king you will be first against the wall. With your opinion which is of no consequence at all. What's that? (I may be paranoid, but no android). What's that? (I may be paranoid, but no android). Ambition makes you look pretty ugly. Kicking, squealing Gucci little piggy. You don't remember, you don't remember. Why don't you remember my name? Off with his head, man, off with his head, man. Why don't he remember my name, I guess he does. Rain down, rain down. Come on, rain down on me. From a great height, from a great height. Height. Rain down, rain down. Come on, rain down on me. From a great height, from a great height. Height. That's it, sir, you're leaving (rain down). The crackle of pigskin (rain down, come on, rain). The dust and the screaming (down on me). The yuppies networking. The panic, the vomit (from a great height). The panic, the vomit (from a great height). God loves his children. God loves his children, yeah. 
292d473a-a4b9-4365-a996-7c90e4f2f4e2;She asked him,. "why can we not be together. Why is it we have to part. Why did you leave with a stranger. When i am revealing my heart?". Because i love the unknown. I love the unknown. He says he loves the unknown. Because i love the unknown. I love the unknown. He says he loves the unknown. They asked him,. "hey, where's this bus going?". And he said, "well, i'm really not sure. ". "well then, how will you know where to get off?". And he said, "the place with the most allure. ". Because i love the unknown. I love the unknown. He says he loves the unknown. 'cause i love the unknown. 'cause i love the unknown. He said he loves the unknown. And then his father got him a job. And it paid well. But every day it felt the same. Well, his father was really heartbroken. When he quit and changed his last name. The doctor asked him what he was afraid of. Just what was he running from? He said, "it's not a fear of success, nor of closeness. But of going through life feeling numb. ". That's why i love the unknown. I love the unknown. He said he loves the unknown. Because i love the unknown. I love the unknown. He says he loves the unknown. Because i love the unknown. I love the unknown. He says he loves the unknown. 
0344e517-9e30-45c2-9a8e-1fad6f892e6b;This is the greatest and best song in the world. Tribute. Long time ago, me and my brother Kyle here. We was hitchhikin' down a long and lonesome road. All of a sudden. There shined a shiny demon. In the middle of the road. And he said! "Play the best song in the world, or I'll eat your souls". Well, me and Kyle. We looked at each other. And we each said. "Okay". And we played the first thing that came to our heads. Just so happened to be. The best song in the world. It was the best song in the world. Look into my eyes and it's easy to see. One and one make two, two and one make three. It was destiny. Once every hundred-thousand years or so. When the sun doth shine, and the moon doth glow. And the grass doth grow. Needless to say. The beast was stunned. A-whip-crack went his whippy tail! And the beast was done. He asked us. "Be you angels?". And we said "Nay,. We are but men". Rock! Ah, ah, ah,. Ho, whoa, oh-yo! This is not the greatest song in the world, no. This is just a tribute! Couldn't remember the greatest song in the world, yeah, no! This is a tribute, oh. To the greatest song in the world. All right! It was the greatest song in the world. All right! It was just the best motherfuckin' song. The greatest song in the world, all right! Dee soo guh goo gee goo gee. Goo guh fli-goo gee goo, guh fli-goo ga goo buh dee. Ooh guh goo bee, ooh guh guh bee guh guh bee. Fli-goo gee goo, a-fli-guh woo wa mama. Lucifer. And the peculiar thing is this, my friends. The song we sang on that fateful night. It didn't actually sound anything like this song! This is just a tribute! You gotta believe me,. And I wish you were there. Just a matter of opinion. Ha, ha, ha, ha, ha! Good God, got lovin'. Just so surprised to find you can't stop it. Oh hallelujah, I'm found. Rich motherfucking ka-chug. All right! All right! 
444ab907-ed18-40ad-aa4d-116f845a719f;Dio has rocked for a long, long time. Now it's time for him to pass the torch. . He has songs of wildabeasts and angels,. He has soared on the wings of a demon. . It's time to pass the torch,. You're too old to rock, no more rockin' for you. . We're takin' you to a home,. But we will sing a song about you. . And we will make sure that you're very well taken care of. . You'll tell us secrets that you've learned. Raow!. Your sauce will mix with ours,. And we'll make a good goulash, baby. . Dio, time to go!. You must give your cape and scepter to me. . And a smaller one for KG. . Go, go! Dio, Dio! 
b5adec05-bb5a-4647-91cd-3668699bc20d;You think you're denying me of something. Well I've got plenty. You're the one who's missing out. But you won't notice. 'till after five years. If you'll live that long. You'll wake up. All loveless. I dare you. To take me on. I dare you. To show me your palms. I'm so bored with cowards. That say they want. Then they can't handle. You can't handle love. You can't handle love. You just can't handle. I dare you. To take me on. I dare you. To show me your palms. What's so scary? Not a threat in sight. You just can't handle. You can't handle love. You can't handle love, baby. You can't handle love. It's obvious. You can't handle. I dare you. To take me on. I dare you. To show me your palms. I'm so bored of cowards. That say they want. Then they can't handle. You can't handle love, baby. You can't handle love,. It's obvious. You can't handle. I dare you, I dare you. I dare you, I dare you. 
420698a8-c34f-4509-a69d-da791aea39a4;I'm on a roll, I'm on a roll this time. I feel my luck could change. Kill me, Sarah, kill me again with love. It's gonna be a glorious day. Pull me out of the aircrash. Pull me out of the lake. 'Cause I'm your superhero. We are standing on the edge. The head of state has called for me by name. But I don't have time for him. It's gonna be a glorious day. I feel my luck could change. Pull me out of the aircrash. Pull me out of the lake. 'Cause I'm your superhero. We are standing on the edge. We are standing on the edge. 
ce5d808e-4139-4292-8b5c-7455e9655c18;NA
74e8cfb3-f846-41bc-b948-aaa7afc7d27b;Load up on guns, bring your friends. It's fun to lose and to pretend. She's over-bored and self-assured. Oh no, I know a dirty word. Hello, hello, hello, hello. Hello, hello, hello, how low? Hello, hello, how low, how low? Hello, hello, hello. With the lights out, it's less dangerous. Here we are now, entertain us. I feel stupid and contagious. Here we are now, entertain us. A mulatto, an albino. A mosquito, my libido. Yay! Hey. Yay. I'm worse at what I do best. And for this gift I feel blessed. Our little group has always been. And always will until the end. Hello, hello, hello, hello. Hello, hello, hello, how low? Hello, hello, how low, how low? Hello, hello, hello. With the lights out, it's less dangerous. Here we are now, entertain us. I feel stupid and contagious. Here we are now, entertain us. A mulatto, an albino. A mosquito, my libido. Yay! Hey. Yay. And I forget just why I taste. Oh yeah, I guess it makes me smile. I found it hard, was hard to find. Oh well, whatever, never mind. Hello, hello, hello, hello. Hello, hello, hello, how low? Hello, hello, how low, how low? Hello, hello, hello. With the lights out, it's less dangerous. Here we are now, entertain us. I feel stupid and contagious. Here we are now, entertain us. A mulatto, an albino. A mosquito, my libido. A denial! A denial! A denial! A denial! A denial! A denial! A denial! A denial! A denial! 
0c644b76-9dec-4422-883e-d4e9612c5575;Freak out and give in. Doesn't matter what you believe in. Stay cool. And be somebody's fool this year. 'Cause they know who is righteous, what is bold. So I'm told. Who wants honey? As long as there is some money. Who wants that honey? Ah, ah. Hipsters unite. Come align for the big fight to rock for you. But beware. All those angels with their wings glued on. 'Cause deep down, they are frightened and they're scared. If you don't stare. Who wants honey? As long as there is some money. Who wants that honey? Let me out. Yeah, let me out. Yeah, let me out. Yeah, let me out. Tell me all of your secrets. Cannot help but believe this is true. Tell me all of your secrets. I know, I know, I know, should have listened when I was told. Who wants that honey? As long as there is some money. Who wants that honey? Let me out. Yeah, let me out. Yeah, let me out. Yeah, let me out. 
34d6e93f-e276-41ee-9bcf-267d0737276a;This is out of our reach. This is out of our reach. This is out of our reach and it's grown. This is getting to be. This is getting to be. This is getting to be drone. I'm a negative creep. I'm a negative creep. I'm a negative creep and I'm stoned. I'm a negative creep. I'm a negative creep. I'm a negative creep and I'm. Daddy's little girl ain't a girl no more. Daddy's little girl ain't a girl no more. Daddy's little girl ain't a girl no more. Daddy's little girl ain't a girl no more. Daddy's little girl ain't a girl no more. Daddy's little girl ain't a girl no more. This is out of our range. This is out of our range. This is out of our range and it's crude. This is getting to be. This is getting to be. This is getting to be like drone. I'm a negative creep. I'm a negative creep. I'm a negative creep and I'm stoned. I'm a negative creep. I'm a negative creep. I'm a negative creep and I'm. Daddy's little girl ain't a girl no more. Daddy's little girl ain't a girl no more. Daddy's little girl ain't a girl no more. Daddy's little girl ain't a girl no more. Daddy's little girl ain't a girl no more. Daddy's little girl ain't a girl no more. Fuck! Yeah! Drone! Stoned! Daddy's little girl ain't a girl no more. Daddy's little girl ain't a girl no more. Daddy's little girl ain't a girl no more. Daddy's little girl ain't a girl no more. Daddy's little girl ain't a girl no more. Daddy's little girl ain't a girl no more. Daddy's little girl ain't a girl no more. Daddy's little girl ain't a girl no more. Daddy's little girl ain't a girl no more. Daddy's little girl ain't a girl no more. Daddy's little girl ain't a girl no more. Daddy's little girl ain't a girl no more. Daddy's little girl ain't a girl no more. Daddy's little girl ain't a girl no more. 
0c7844c7-943d-463f-ba8a-8fef77966ab0;I am one as you are three. Try to find a messiah in your trinity. Your city to burn, your city to burn. Try to look for something in your city to burn, you'll burn. Am I as I seem? I'm down, down, so down. Time is right for a guiding light. Try to turn to reasons in your bitter life. Your city to burn, your city to burn. Try to look for something in your city to burn, you'll burn. See you, don't you just want to? See you, I am one. See you, don't you just want to? See you. See you, don't you just want to? See you, I am one. See you, don't you just want to? See you, I am one. 
4dc59f6a-781d-43db-90ba-d37f8bc03872;Mom and dad went to a show. They dropped me off at Grandpa Joe's. I kicked and screamed, said please don't go. Grandma take me home. Grandma take me home. Grandma take me home. Grandma take me home. Grandma take me home. Grandma take me home. Grandma take me home. Grandma take me home. I had to eat my dinner there. Mashed potatoes and stuff like that. I couldn't chew my meat too good. Grandma take me home. Grandma take me home. Grandma take me home. Grandma take me home. Grandma take me home. Grandma take me home. Grandma take me home. Grandma take me home. She said, well, don't you start your crying. Go outside and ride your bike. That's what I did, I killed my toe. Grandma take me home. Grandma take me home. Grandma take me home. Grandma take me home. Grandma take me home. Grandma take me home. Grandma take me home. Grandma take me home. After dinner, I had ice cream. I fell asleep and watched TV. I woke up in my mother's arms. Grandma take me home. Grandma take me home. Grandma take me home. Grandma take me home. Grandma take me home. Grandma take me home. Grandma take me home. Grandma take me home. Grandma take me home. Grandma take me home. Grandma take me home. Grandma take me home. Grandma take me home. Grandma take me home. Grandma take me home. Grandma take me home. Grandma take me home. Grandma take me home. Grandma take me home. I wanna be alone. 
2924b747-2c27-44a3-8407-9e4069478d65;So, now listen here. I wanna be, oh so clear. I lost my soul, lost I'll stay. Between your hands and my beliefs. And here I am, frail. Frail and bedazzled from all the glare. Tug at my sleeve. My little girl, supermaid. She don't know that I have. Stole my smile from a cheshire cat. And all I wanted was to be a man. And since I gave up. I feel free, I feel free. I feel free, I feel free. Two of us that's dangerous, it's all inside our heads. Giving in for nothing less, leaving me for him. Try to understand the ones I love and their demands. It's so unfair when they can't see that I'm the boy who really needs. Their love, I suppose. Frail and bedazzled from all the. Frail and bedazzled from all the. Frail and bedazzled from all the glare. 
b3d1b727-8959-4bb6-bf99-c887a57b131c;I'm on my time with everyone. I have very bad posture. Sit and drink Pennyroyal Tea. Distill the life that's inside of me. Sit and drink Pennyroyal Tea. I'm anemic royalty. Give me a Leonard Cohen afterworld. So I can sigh eternally. I'm so tired I can't sleep. I'm a liar and a thief. Sit and drink Pennyroyal Tea. I'm anemic royalty. I'm on warm milk and laxatives. Cherry-flavored antacids. Sit and drink Pennyroyal Tea. Distill the life that's inside of me. Sit and drink Pennyroyal Tea. I'm anemic royalty. 
8df16117-b6cc-4c2e-8a76-e940d9a36c54;You know I'm not dead. You know I'm not dead. You know I'm not dead. Now you know where I've been. As you sleep. Torn I am. Weighted down. Patiently. Born of love. You know I'm not dead. I'm just living in my head. Forever waiting. On the ways of your desire. You always find a way. And thru it all. Into us all you move. Forgotten touch. Forbidden thought. We can never have enough. You know I'm not dead. You know I'm not dead. You know I'm not dead. Found below. The creatures scream. Stranglehold. A God machine. Begging to. Tear us out. Worn as hope. You know I'm not dead. I'm just the tears inside your head. Forever waiting. On the ways of your desire. You always find a way. And thru it all. Into us all you move. Forgotten touch. Forbidden thought. We can never have enough. You know I'm not dead. We all want to hold in the everlasting gaze. Enchanted in the rapture of his sentimental sway. But underneath the wheels lie the skulls of every cog. The fickle fascination of an everlasting god. You know I'm not dead. I'm just living in my head. Forever waiting. Forever waiting on cruel death. You know I'm not dead. I'm just living for myself. Forever waiting. You know I'm not dead. You know I'm not dead. You know I'm not dead. 
631fd33a-c29a-4934-84bb-f12e874b8f17;Polly wants a cracker. I think I should get off her first. Maybe she wants some water. To put out the blow torch. Isn't me, have a seat. Let me clip, dirty wings. Let me take a ride. Cut yourself. Want some help, please myself. Got some rope, have been told. Promise you, heaven true. Let me take a ride. Cut yourself. Want some help, please myself. Polly wants a cracker. Maybe she would like some food. Asked me to untie her. A chase would be nice for a few. Isn't me, have a seat. Let me clip, dirty wings. Let me take a ride. Cut yourself. Want some help, please myself. Got some rope, have been told. Promise you, have been true. Let me take a ride. Cut yourself. Want some help, please myself. Polly said. Polly says her back hurts. She's just as bored as me. She caught me off my guard. Amazes me the will of instinct. Isn't me, have a seat. Let me clip, dirty wings. Let me take a ride. Cut yourself. Want some help, please myself. Got some rope, have been told. Promise you, have been true. Let me take a ride, cut yourself. Want some help, please myself. 
1706d611-12a3-40f6-807e-405ba52aeff8;The world is a vampire, sent to drain. Secret destroyers, hold you up to the flames. And what do I get, for my pain? Betrayed desires, and a piece of the game. Even though I know, I suppose I'll show. All my cool and cold-like old Job. Despite all my rage I am still just a rat in a cage. Despite all my rage I am still just a rat in a cage. Then someone will say what is lost can never be saved. Despite all my rage I am still just a rat in a cage. Now I'm naked, nothing but an animal. But can you fake it, for just one more show? And what do you want? I want to change. And what have you got? When you feel the same. Even though I know, I suppose I'll show. All my cool and cold-like old Job. Despite all my rage I am still just a rat in a cage. Despite all my rage I am still just a rat in a cage. Then someone will say what is lost can never be saved. Despite all my rage I am still just a rat in a cage. Tell me I'm the only one. Tell me there's no other one. Jesus was an only son (Yeah). Tell me I'm the chosen one. Jesus was an only son for you. Despite all my rage I am still just a rat in a cage. Despite all my rage I am still just a rat in a cage. Then someone will say what is lost can never be saved. Despite all my rage I am still just a rat in a cage. Despite all my rage I am still just a rat in a. Despite all my rage I am still just a rat in a. Despite all my rage I am still just a rat in a cage. Tell me I'm the only one. Tell me there's no other one. Jesus was an only son for you. And I still believe that I cannot be saved. And I still believe that I cannot be saved. And I still believe that I cannot be saved. And I still believe that I cannot be saved. 
d95801fe-2ee4-4998-b956-ae93ec838b42;I don't care, I don't care, I don't care. I don't care, I don't care, care if it's old. I don't mind, I don't mind, I don't mind. I don't mind, mind, don't have a mind. Get away, get away, get away. Get away, away, away from your home. I'm afraid, I'm afraid, I'm afraid. I'm afraid, afraid, ghosts. Even if you have, even if you need. I don't mean to stare, we don't have to breed. We could plant a house, we could build a tree. I don't even care, we could have all three. She said, she said, she said, she said. She said, she said, she said, she said. I don't care, I don't care, I don't care. I don't care, care, care if it's old. I don't mind, I don't mind, I don't mind. I don't mind, mind, don't have a mind. Get away, get away, get away. Get away, away, away from your home. I'm afraid, I'm afraid, I'm afraid. I'm afraid, afraid, ghosts. Even if you have, even if you need. I don't mean to stare, we don't have to breed. We could plant a house, we could build a tree. I don't even care, we could have all three. She said, she said, she said, she said. She said, she said, she said, she said. Even if you have, even if you need. I don't mean to stare, we don't have to breed. We could plant a house, we could build a tree. I don't even care, we could have all three. She said, she said, she said, she said. She said, she said, she said, she said. She said. 
28c44cd8-cd8c-4f35-8427-dbcbe707c781;Today is the greatest day I've ever known. Can't live for tomorrow, tomorrow's much too long. I'll burn my eyes out. Before I get out. I wanted more. Than life could ever grant me. Bored by the chore. Of saving face. Today is the greatest day I have ever known. Can't wait for tomorrow, I might not have that long. I'll tear my heart out. Before I get out. Pink ribbon scars that never forget. I tried so hard to cleanse these regrets. My angel wings were bruised and restrained. My belly stings. Today is. Today is. Today is. The greatest day. I want to turn you on. I want to turn you on. I want to turn you on. I want to turn you. Today is the greatest. Today is the greatest day. Today is the greatest day. That I have ever really known. 
98fe8b3e-1802-4b6d-8227-c9272bd954d8;She said. She'd take me anywhere. She'd take me anywhere. As long as she stays with me. She said. She'd take me anywhere. She'd take me anywhere. As long as I stay clean. Kiss, kiss, Molly's lips. Kiss, kiss, Molly's lips. Kiss, kiss, Molly's lips. Kiss, kiss, Molly's lips. She said. She'd take me anywhere. She'd take me anywhere. As long as she stays with me. She said. She'd take me anywhere. She'd take me anywhere. As long as I stay clean. Kiss, kiss, Molly's lips. Kiss, kiss, Molly's lips. Kiss, kiss, Molly's lips. Kiss, kiss, Molly's lips. She said. She'd take me anywhere. She'd take me anywhere. As long as she stays with me. She said. She'd take me anywhere. She'd take me anywhere. As long as I stay clean. Kiss, kiss, Molly's lips. Kiss, kiss, Molly's lips. Kiss, kiss, Molly's lips. Kiss, kiss, Molly's lips. Kiss, kiss, Molly's lips. Kiss, kiss, Molly's lips. Kiss, kiss, Molly's lips. Kiss, kiss, Molly's lips. 
76380c42-6ebb-44db-923f-851e0bd91101;I spin off and lose my head,. Throwing stray a spark instead. Gather strength down in my heel,. And dig it in the world I peel. Way down deep within my heart,. Lies a soul that's torn apart. Tell me, tell me what you're after,. I just want to get there faster. I don't live, I inhale. I don't give, I unveil. Don't want to live in your misery,. I don't live, I inhale. Sprinkle all my kisses on your head,. Stars full of wishes fill our beds. She said, "I'm dead. ". All this pain smothers me,. Like a bomb that you can't see. Tell me, tell me what you're after,. I just want to get there faster. Yeah! I don't live, I inhale. I don't give, I unveil. I don't live, I inhale. I don't live. 
0cbf2ed7-19c5-434b-a0a3-0436117cce4b;Rape me. Rape me, my friend. Rape me. Rape me again. I'm not the only one. I-I-I-I I'm not the only one. I-I-I-I I'm not the only one. I-I-I-I I'm not the only one. Hate me. Do it and do it again. Waste me. Rape me, my friend. I'm not the only one. I-I-I-I I'm not the only one. I-I-I-I I'm not the only one. I-I-I-I I'm not the only one. My favorite inside source. I'll kiss your open sores. Appreciate your concern. You'll always stink and burn. Rape me. Rape me, my friend. Rape me. Rape me again. I'm not the only one. I-I-I-I I'm not the only one. I-I-I-I I'm not the only one. I-I-I-I I'm not the only one. Rape me (Rape me). Rape me (Rape me). Rape me (Rape me). Rape me (Rape me). Rape me (Rape me). Rape me (Rape me). Rape me (Rape me). Rape me (Rape me). Rape me. 
92444a7c-3694-47de-a440-1f97d2372c14;My reflection, dirty mirror. There's no connection to myself. I'm your lover, I'm your zero. I'm the face in your dreams of glass. So save your prayers, for when we're really gonna need them. Throw out your cares and fly. Wanna go for a ride? She's the one for me, she's all I really need, oh yeah. She's the one for me. Emptiness is loneliness, and loneliness is cleanliness. And cleanliness is godliness, and God is empty, just like me. Intoxicated with the madness, I'm in love with my sadness. Bullshit fakers, enchanted kingdoms. The fashion victims chew their charcoal teeth. I never let on, that I was on a sinking ship. I never let on that I was down. You blame yourself, for what you can't ignore. You blame yourself for wanting more. She's the one for me. She's all I really need, oh yeah. She's the one for me. She's my one and only. 
1d90d214-f1f2-46a9-9363-a73a6eaf90b6;I need an easy friend. I do with an ear to lend. I do think you fit this shoe. I do, but you have a clue. I'll take advantage while. You hang me out to dry. But I can't see you every night, free. I do. I'm standing in your line. I do hope you have the time. I do pick a number two. I do keep a date with you. I'll take advantage while. You hang me out to dry. But I can't see you every night, free. I need an easy friend. I do with an ear to lend. I do think you fit this shoe. I do, but you have a clue. I'll take advantage while. You hang me out to dry. But I can't see you every night. No I can't see you every night. Free. I do. I do. I do. I do. 
75846671-88a0-4b16-abe0-d301174c36da;Got me a raygun. Got me an altitude. Can't help feelin' somethin's wrong with everyone of you. Inside your head. Trust me instead. Inside your head. Talk revolution. As if it matters now. I don't care anyway just give me a what I want. Inside your head. Trust me instead. Inside your head. oh, oh, oh, oh. ooh, ooh, yeah. Fill me with your little whispers. Store your little nightmares. Of a generation said to burn. Come on honey. Let's go for a ride. Down where the crickets learn to sing and play. baby. Inside your head. Trust me instead. Inside your head. Trust me instead. Inside your head. Trust me instead. Inside your head, yeah. Yeah. It's a motherfucka. Oh. Ooh. Whew. 
4684be09-d990-436f-b7d1-9ec0d710eebf;Come, as you are, as you were, as I want you to be. As a friend, as a friend, as an old enemy. Take your time, hurry up, the choice is yours, don't be late. Take a rest, as a friend, as an old. Memoria, memoria, memoria, memoria. Come, doused in mud, soaked in bleach, as I want you to be. As a trend, as a friend, as an old. Memoria, memoria, memoria, memoria. And I swear that I, don't have a gun. No, I don't have a gun, no, I don't have a gun. -ria, memoria, memoria, memoria (No, I don't have a gun). Well, I swear that I don't have a gun. No, I don't have a gun, no, I don't have a gun. No, I don't have a gun, no, I don't have a gun. Memoria, memoria. 
add3cff3-45ba-4268-80a8-e22a08d18123;We only come out at night. [x2]. The days are much too bright. We only come out at night. And once again, you'll pretend to know me well, my friends. And once again, I'll pretend to know the way. Through the empty space,. Through the secret places of the heart. We only come out at night. [x2]. The days are much too bright. We only come out at night. I walk alone, I walk alone to find my way home. I'm on my own, I'm on my own to see the ways. That I can't help the days, you will make it home o. k. I know you can, and you can. We only come out at night. [x2]. The days are much too bright. We only come out at night. And once again now, you'll pretend to know that,. That there's an end, that there's an end to this begin. It will help you sleep at night. It will make it seem that right is always right. Alright? We only come out at night. [x2]. The days are much too bright. We only come out at night. 
874f45fa-f847-4d91-a9dc-0b85e7f1c0e1;What else should I be? All apologies. What else could I say? Everyone is gay. What else could I write? I don't have the right. What else should I be? All apologies. In the sun. In the sun I feel as one. In the sun. In the sun. Married. Buried. I wish I was like you. Easily amused. Find my nest of salt. Everything is my fault. I'll take all the blame. Aqua Sea Foam shame. Sunburn freezer burn. Choking on the ashes of a runaway. In the sun. In the sun I feel as one. In the sun. In the sun. Married. Married. Married. Buried. Yeah yeah yeah yeah. All in all is all we are. All in all is all we are. All in all is all we are. All in all is all we are. All in all is all we are. All in all is all we are. All in all is all we are. All in all is all we are. All in all is all we are. All in all is all we are. All in all is all we are. All in all is all we are. All in all is all we are. All in all is all we are. All in all is all we are. All in all is all we are. All in all is all we are. All in all is all we are. All in all is all we are. All in all is all we are. 
1cc2321d-b11d-4141-8767-1f7d4e1e1129;The sewers belch me up. The heavens spit me out. From ethers tragic I am born again. And now I'm with you now. Inside your world of wow. To move in desires made of deadly pretense. Till the end times begin. Is it bright where you are. Have the people changed. Does it make you happy you're so sane. And in your darkest hour, I hold secret's flame. You can watch the world devoured in its pain. Strange. Climb my ribcage too. The replays run for you. Unhook my lights to peek behind the flash. For I am crystal chrome. and I am shattered dome. and I am kremlin king of angels avenged. To destroy the end. Is it bright where you are. Have the people changed. Does it make you happy you're so sane. And in your darkest hour, I hold secret's flame. You can watch the world devoured in its pain. The zeppelins rain upon us. The guns of love disastrous. A shadow lies amongst you. To defy the future cast. Is it bright where you are. Have the people changed. Does it make you happy you're so sane. And in your darkest hour, I hold secret's flame. You can watch the world devoured in its pain. Strange. Strange. 
92e8f3c9-ec04-42d6-8f2b-c3d7fc4f65c2;What a beautiful face. I have found in this place. That is circling all round the sun. What a beautiful dream. That could flash on the screen. In a blink of an eye and be gone from me. Soft and sweet. Let me hold it close and keep it here with me. And one day we will die. And our ashes will fly from the aeroplane over the sea. But for now we are young. Let us lay in the sun. And count every beautiful thing we can see. Love to be. In the arms of all I'm keeping here with me. What a curious life. We have found here tonight. There is music that sounds on the street. There are lights in the clouds. Anna's ghost all around. Hear her voice as it's rolling and ringing through me. Soft and sweet. How the notes all bend and reach above the trees. Oh how I remember you. How I would push my fingers through. Your mouth to make those muscles move. That made your voice so smooth and sweet. But now we keep where we don't know. All secrets sleep in winter clothes. The one you loved so long ago. Now he don't even know his name. What a beautiful face. I have found in this place. That is circling all round the sun. And when we meet on a cloud. I'll be laughing out loud. I'll be laughing with everyone I see. Can't believe how strange it is to be anything at all. 
928807db-23ef-4c74-b74e-3b3c577c282e;Garage Sale. Saturday. I need to pay my heart's outstanding bills. A cracked-up compass and a pocket watch,. some plastic daffodils,. the cutlery and coffee cups I stole. from all-night restaurants,. a sense of wonder (only slightly used),. a year of two to haunt you in the dark. for a phone call from far away. With a "Hi, how are you today". and a sign recovery comes. to the broken ones. a wage-slave forty-hour work week. (weighs a thousand kilograms, so bend your knees). comes with a free fake smile. for all your dumb demands,. the cordless razor that my father bought. when I turned 17,. a puke-green sofa, and the outline to. a complicated dream of dignity,. For a laugh (too loud and too long). or a place where awkward belongs,. and a sign recovery comes. to the broken ones. to the broken ones. to the broken ones. for the broken ones. (Or best offer). 
4bd9760e-0ed8-40b4-b551-37e5f4f4bc7f;Lift me up through the tops of the trees. And i'll sleep till the morning. Come to live in a glorious dream. Let me sleep till the morning. I'm thinking of drinking the entire sea. Where fishes make wishes and swim into me. There is no place other that i'd rather be. O what a beautiful dream. Just remember invisible eyes. They will see you clearly. So surrender now into the night. And you'll sleep so deeply. I'm thinking of drinking the entire sea. Where fishes make wishes and swim into me. There is no place other that i'd rather be. O what a beautiful dream. And i've lost my head inside the dream. And i'll pain the scene for you. But not before i wake from sleep. No, not before i wake from sleep. 
221b8d77-52cd-4d63-904e-6052fc4e7615;Last week I had the strangest dream. Where everything was exactly how it seemed. Where there was never any mystery. Of who shot John F. Kennedy. It was just a man with something to prove. Slightly bored and severely confused. He steadied his rifle with his target in the center. And became famous on that day in November. Don't wake me I plan on sleeping. Don't wake me I plan on sleeping in. Don't wake me I plan on sleeping. Don't wake me I plan on sleeping in. Again last night I had that strange dream. Where everything was exactly how it seemed. No concerns about the world getting warmer. People thought that they were just being rewarded. For treating others as they'd like to be treated. For obeying stop signs and curing diseases. For mailing letters with the address of the sender. Now we can swim any day in November. Don't wake me I plan on sleeping. (Now we can swim any day in November). Don't wake me I plan on sleeping in. Don't wake me I plan on sleeping. Don't wake me I plan on sleeping in. Don't wake me I plan on sleeping in. Don't wake me I plan on sleeping. Oooh, oooh. 
20f45288-e94a-45e8-9d2e-add39dd324ce;I had a plan. That was built on thinking too long. Canadian winters. At home with your sisters. the romance was hard to ignore. You were beautiful. I was happy to fall. So happy to fall. I remember you searching. I thought you were searching. that's how I picked up the phone. Happy to hear you remembered the view. So glad to assume it was fate. I thought at the time it was clear. I thought at the time it was clear. So I stood at the station. With a plan and a pocket of poems. Heroically tragic. Bearded and blind with obsession. I'm a car without hope. Too close to the ditch to go far. I showed you my field. I said this is my field. But you weren't impressed. You said why are we here. Your motives are clear. In this room with a view. and so much of you. is so far from here. it's so far from here. it's so far from here. it's so far from here. Oh my heart. It just fell apart. And i wished I could show you. The same view. of you by the window and me. feeling fine. And me just feeling fine. Yeah me just feeling fine. 
7274c60e-66b1-49b4-a428-eb599ce57f38;If we put things right,. then we'll sleep tonight. . If we can't put things right,. then there will be no sleep tonight. . Glistening night-time,. there will be no time. . Stay with my tonight,. there will be no night. . And if daylight breaks, we'll fix it. conscious of the wound. . Unashamed and glistening,. and understood we're good. . We'll sleep in dark past noon. 
24b692b4-e8d3-48b6-9c8e-cc860077ee36;I spent a week drinking the sunlight of Winnetka, California. Where they understand the weight of human hearts. See, sorrow gets too heavy and joy it tends to hold you. With the fear that it eventually departs. And the truth is I've been dreaming of some tired tranquil place. Where the weather won't get trapped inside my bones. And if all the years of searching find one sympathetic face. Then it's there I'll plant these seeds and make my home. I spent a day dreaming of dying in Mesa, Arizona. The olive green of life had turned to ash. And I felt I was on fire with the things I could have told you. I just assumed that you eventually would ask. And I wouldn't have to bring up my so badly broken heart. And all those months I just wanted to sleep. And though spring, it did come slowly, I guess it did its part. My heart has thawed and continues to beat. And I visited my brother on the outskirts of Olympia. Where the forest and the water become one. And we talked about our childhood like a dream we were convinced of. That perfect, peaceful street that we came from. And I know he heard me strumming all those sad and simple chords. As I sat inside my room so long ago. And it hurts that he's still shaking from those secrets that were told. By a car closed up too tight and a heart turned cold. And I went to San Diego, and the birthplace of the summer. And watched the ocean dance under the moon. There was a girl I knew there, one more potential lover. I guess that something's gotta happen soon. Cause I know I can't keep living in this dead or dying dream. As I walked along the beach and drank with her. I thought about my true love, the one I really need. With eyes that burn so bright, they make me pure. They make me pure, they make me pure. I long to be with you. They make me pure, they make me pure. I long to be with you. 
276422f5-1758-40ba-80b8-e37e8b5a3476;NA
1e0fa39e-2d03-4c0f-ab52-ff8a47e9f914;A mile and a half on a bus takes a long time. The odor of old prison food takes a long time to pass you by. Day upon day of this wandering gets you down. Nobody gives you a chance or a dollar in this old town. Hovering silence from you is a giveaway. Squalor and smoke's not your style, I don't like this place, we better go. Then I compare notes with your older sister. I am a lazy git, she is as pure as the cold driven snow. What did you learn from your time in the solitary cell of your mind? There was noise to distract you from anything good and the old prison food. Colour my life with the chaos of trouble 'cause anything's better than posh isolation. I missed the bus, you were laid on your back with the boy with the arab strap. With the boy from the arab strap. It's something to speak of the way you are feeling. To crowds there assembled, do you ever feel you have gone too far? Everyone suffers in silence a burden, the man who drives mini cabs down in Old Compton. The Asian man with his love hate affair with his racist clientele. A central location for you is a must. As you stagger about making free with your lewd and lascivious boasts. We all know you're soft 'cause we've all seen you dancing. We all know you're hard 'cause we all saw you drinking from noon until noon again. You're the boy with the filthy laugh. You're the boy with the arab strap. Strapped to the table with suits from the shelter shop. Comic celebrity takes a backseat as the cigarette catches. And sets off the smoke alarm. What do you make of the cool set in London? You're constantly updating your hit parade of your ten biggest wanks. She's a waitress and she's got style. 
85be869a-079b-40c4-b865-424c5968cd1e;Way down here. You need a reason to move. Feel like a fool. Running your stateside games. Lose your load,. Leave your mind behind, Baby James. Oh, Mexico. It sounds so simple I just got to go. The sun's so hot I forgot to go home. Guess I'll have to go now. got the sleepy damn eye. But his body's still shaking. Like a live wire. Sleepy. with the eyes on fire. Oh, Mexico. It sounds so sweet with the sun sinking low. Moon's so bright like to light up the night. Make everything all right. Baby's hungry. Money's all gone. The folks back home. Don't want to talk on the phone. She gets a long letter,. Sends back a postcard, times are hard. Oh, down in Mexico. I never really been so I don't really know. Oh, Mexico. I guess I'll have to go. Oh, Mexico. I never really been but I'd sure like to go. Oh, Mexico. I guess I'll have to go now. Talkin' down in Mexico. 
7693656f-30e3-4275-b068-47e963ce3477;I walk along the city streets you used to walk along with me. And every step I take reminds me of just how. We used to be. Well, how can I forget you girl. When there is always something there to remind me? Always something there to remind me. As shadows fall, I pass a small cafe where we would dance at night. And I can't help recalling. How it how it felt to kiss and hold you tight. Well, how can I forget you girl. When there is always something there to remind me? Always something there to remind me. I was born to love her. And I will never be free. You'll always be a part of me. Oh woah, woah, woah. If you should find you miss the sweet and tender love we used to share. Just come back to the places where we used to go. And I'll be there. Well, how can I forget you girl. When there is always something there to remind me? Always something there to remind me. I was born to love her. And I will never be free. You'll always be a part of me. 'Cause there is always something there to remind me. Always something there to remind me. Always something there to remind me. Always something there to remind me. Always something there to remind me. Always something there to remind me. Always something there to remind me. Always something there to remind me. Always something there to remind me. 
1cb5d821-f1d4-4e25-a26a-112e85006627;Come back and haunt me. Follow me home. Give me a motive. Swallow me whole. They say I've lost it. What could I know. When I'm but a mockery. I'm so alone. Sooner or later you'll find out. There's a hole in the wall, yeah. Sooner or later you'll find out. There's a hole in the wall. Today is ours. Condemned to be free, oh. Free to keep breathing. Free to believe. I look to find you. Down on my knees. Oh God, I believe. Please help me believe. Sooner or later they'll find out. There's a hole in the wall, yeah. Sooner or later you'll find out. That you'll dream to be that small, yeah. I'm a believer, help me believe. I'm a believer, help me believe. I gave it all away and I lost who I am. I threw it all away. With everything to gain. And I'm taking the leap. With dreams of shrinking. Yeah, dreams of shrinking. Yeah, dreams of shrinking. Yeah, dreams of shrinking. Yeah. Come back and haunt me. Follow me home. Give me a motive. Swallow me whole. Sooner or later. Sooner or later, yeah. Sooner or later (you'll find out). Sooner or later (give me a motive, swallow me whole), yeah. Sooner or later. Sooner or later. Give me a motive. 
4f012dee-1bf0-4f3c-9a4b-a33ae6bd6ecd;NA
5b4ee14f-85cb-489f-bbd2-8f64510b70be;Don't pretend to be. Anything but an American boy. Who drives Japanese toys. Making noise with the boys on Saturday night. And down on the corner of Olive and Queens. We talk about things that we've never seen. Like the Sistine, and the heart of Spain, and God. And we all want to see God. So get into the car. And shut the door. These twenty-two years will be twenty-two more. And after that, we'll rest at last. But not now. No, now we'll keep driving 'till the sun goes down. And the sea explodes into the evening hours. And we'll sing that we've done something good. To the trumpets of Hollywood. Right now, we all want to see God. We all, we are. We will have the last laugh. As we step on the gas. And only heaven knows where we'll go. And only heaven knows what we don't. 
12df5a2f-b077-4b45-89b0-dabcce00b8b9;From the very first moment I saw you. That's when I knew. All the dreams I held in my heart. Had suddenly come true. Knock me over stone cold sober. Not a thing I could say or do. 'Cos baby when I'm walking with you now. My eyes are so wide. Like you reached right into my head. And turned on the light inside. Turning on the light. Inside my mind hey. Come on baby it's all right. Sunday, Monday, day or night. Written blue on white it's plain to see. (Be my, be my). That rainy, shiny, night or day. What's the difference anyway. Baby till your heart belongs to me. If I had some influence girl. With the powers that be. I'd have them fire that arrow at you. Like they fired it right at me. And maybe when your heart and soul are burning. You might see. That every time I'm talking with you. It's always over too soon. That everyday feels so incomplete. Till you walk into the room. Say the word now girl. I'll jump that moon hey. Come on baby it's ok. Rainy, shiny, night or day. There's nothing in the way now. Don't you see? (Be my, be my). Winter, summer, day or night. Centigrade or Fahrenheit. Baby till your heart belongs to me. (Be my, be my). Thursday, Friday, short or long. When you got a love so strong. How can it be wrong now mercy me? (Be my, be my). Jumpin' Jesus, holy cow! What's the difference anyhow? Baby till your heart belongs to me. 
3b748e6d-22a9-4dda-8d65-9230a504cfc7;I smoke myself into a haze in the afternoon. Enveloped heart. And the air is cool. Put on your dress. White Goddess. And settle in as the weather folds. In the slow haze of the afternoon. Swaying hips. Made like a gun. Blackest sails. The most beautiful. Star in the world. In the air. On my tongue. Before my eyes. Beyond the stars. Beneath the sun. So take me in your arms again. Lead me in my dreams again. So what is it worth. I'll sell my soul. What is it worth. Only you know. You were conceived in my heart. Came like a dream. To save me from my mortality. Put on your dress. White Goddess. And settle in as the weather folds. Our lives will be entwined. Even when I die. You'll see me through 'till the end of time. No earthly bride. The most beautiful. Star in the world. In the air. On my tongue. Before my eyes. Beyond the stars. Beneath the sun. Take me in your arms again. Lead me in mydreams again. So what is it worth. I'll sell my soul. So what is it worth. Only you know. 
286f61b0-c33f-490e-bf33-103353c5a7b3;cars and planes are crashing. and someone is cashing in. tonight one more look like that. could set this mission in motion. cause i'm tired of living alone. and i'm hoping that it shows. all over it's all over and so it goes. all the usual hearts to you. in everything that you do. you make me know i've got a lot to live for. and somehow i've made it through. all the usual hearts to you. in everything that you do. i wish i had more to leave you. and if it feels too early to rise. lay back down and close your eyes. the war will wait for you. it's such a beautiful day to be sad. it's better to stay in bed. with the cold old covers. crawling up and over and into that part of my. head into the kitchen. for the first and last dive of the day. what a way it's any way it's amy wait. for all the usual hearts to you. in everything that you do. i know you've got a lot to live for. and all your dreams will come true. and all your nightmares too. in everything that you do. i wish i had more to leave you. and if you're ready for some restless sleep. we can plan to meet. maybe some mundane monday. stay six kid. and if seven comes on too strong. and when eight just drags along. you can always cry to nine. 
242f817e-cdbc-4451-8840-acec7bc6e558;Now I want someone badly. Got a girl here tonight. Wants someone new. Someone new. A little cry wants someone badly. I wanna know if this is a bad lease on me. I want to know. I want to know. Am I sure that I heard you right. I want to know. If you're leaving just do it tonight. Now I want someone badly. To burn in here with me. Better listen baby. 'cause I cry all over madly. Don't do anything- do it for me. I wanna know. Am I sure that I have your love. I wanna know. If you're leaving just make sure it's right. Now I want someone badly. Could it be true. That someone is you. 
50653e4a-adbd-40ec-9315-27d7d35faebe;Honey, you are a rock. Upon which I stand. And I come here to talk. I hope you understand. The green eyes. Yeah, the spotlight shines upon you. And how could anybody deny you? I came here with a load. And it feels so much lighter now I met you. And, Honey, you should know. That I could never go on without you. Green eyes. Honey, you are the sea. Upon which I float. And I came here to talk. I think you should know. The green eyes. You're the one that I wanted to find. And anyone who tried to deny you. Must be out of their mind. Because I came here with a load. And it feels so much lighter since I met you. Honey, you should know. That I could never go on without you. Green eyes. Green eyes. Oh, oh, oh, oh. Oh, oh, oh, oh. Oh, oh, oh, oh. Oh, oh, oh, oh. Honey, you are a rock. Upon which I stand. 
02e811fb-170b-4e71-94a2-043aa90b9976;Black bird slow and softly breaks a glass of wine. Broken bluesy whisper sing to me tonight. Well, everybody wants to go forever. I just wanna burn up hard and bright. I just wanna be your firecracker. And maybe be your baby tonight. Maybe be your baby tonight. Lady, your kicks of silence cough into your room. Kiss me slow and softly make me dream of you. Well, everybody wants to go forever. I just wanna burn up hard and bright. I just wanna be your firecracker. And maybe be your baby tonight. Maybe be your baby tonight. So when does the plane go down. 'Cause I'm gonna ride it till it hits the ground. Then go out with a fight. 'Cause I just wanna be your baby tonight. 
f16f3d3a-b924-4ee7-85b1-570a36e7e5da;The sea it swells like a sore head. And the night it is aching. Two lovers lie with no sheets on their bed. And the day it is breaking. On rainy days we'd go swimming out. On rainy days, swimming in the sound. On rainy days we'd go swimming out. You're in my mind all of the time. I know that's not enough. If the sky can crack, there must be some way back. For love and only love. Car alarm won't let ya back to sleep. You're kept awake dreaming some else's dream. Coffee is cold, but it will get you through. Compromise, that's nothing new to you. Let's see colours that have never been seen. Let's go to places no one else has been. You're in my mind all of the time. I know that's not enough. Well if the sky can crack, there must be some way back. To love and only love. Electrical Storm. Electrical Storm. Electrical Storm. Baby don't cry. It's hot as hell, honey in this room. Sure hope the weather will break soon. The air is heavy, heavy as a truck. We need the rain to wash away our bad luck. Hey-yeah, hey-eeyay. Well if the sky can crack, there must be some way back. For love and only love. Electrical Storm. Electrical Storm. Electrical Storm. Baby don't cry. Baby don't cry. Baby don't cry. Baby don't cry. 
faabc042-7df8-4167-8186-4f450e5706a2;All I can see is black and white. And white and pink and blades of blue. That lay between the words I think. On a page I was meaning to send her. With you I couldn't tell if it bring my heart. The way I wanted when I started. Writing this letter to you. And if I could you know I would. Just hold your hand and you'd understand. I'm the man who loves you. All I can be is a busy sea of spinning wheels. And hands that feel for stones to throw. And feet that run but come back home. It make no difference, ever known. Make no difference, ever known to me. If I could you know I would. Just hold your hand and you'd understand. I'm the man who loves you. All I can see is black and white. And white and pink and blades of blue. That lay between the words I think. On a page I was meaning to send her. With you I couldn't tell if it bring my heart. The way I wanted when I started. Writing this letter to you. If I could you know I would. Just hold your hand and you'd understand. If I could you know I would. Just hold your hand and you'd understand. If I could you know I would. Just hold your hand and you'd understand. I'm the man who loves you. I'm the man who loves you. 
02b0d42b-fa95-44eb-9392-5c75e51dc228;I think. It's getting to the point where I can be myself again. I think. It's getting to the point where we have almost made amends. I think. It's the getting to the point that is the hardest part. And if you call. I will answer. And if you fall. I'll pick you up. And if you court this disaster. I'll point you home. I'll point you home. You think. I only think about you when we're both in the same room. I'm only here to witness the remains of love exhumed. You think. We're here to play a game of who loves more than whom. And if you call. I will answer. And if you fall. I'll pick you up. And if you court this disaster. You think. It's only fair to do what's best for you and you alone. It's only fair to do the same to me when you're not home. I think. It's time to make this something that is more than only fair. So if you call. I will answer. And if you fall. I'll pick you up. And if you court this disaster. I'll point you home. I'm warning you. Don't ever do. Those crazy messed up things that you do. If you ever do. I promise you. I'll be the first to crucify you. Now it's time to prove. That you've come back here to rebuild. Rebuild. 
1886d335-f811-4fbf-a2a4-38f70f88db26;Green river flows like grass melting. Later it will run black down it's track into an ocean. She stands on the bridge,. dim light on her back. Well, someday. I will carry you. I will carry you. I will carry you. I will carry you. I wanna float higher. above waves of electric wires. and stare down onto the street. I see a drunk with kiln glazed eyes,. tellin' me about the girl I should meet someday. I will carry you. I will carry you. I will carry you. I will carry you. Ooh. musical interlude. I will carry you. I will carry you. I will carry you. I will carry you. I will carry you. I will carry you. 
e49d0bc8-1431-4f2a-933f-3301a2e68744;I want you now, tomorrow won't do. There's a yearning inside and it's showing through. Reach out your hands and accept my love. We've waited for too long, enough is enough. I want you now. My heart is aching, my body is burning. My hands are shaking, my head is turning. You understand, it's so easy to choose. We've got time to kill, we've got nothing to lose. I want you now. And I don't mean to sound like one of the boys. That's not what I'm trying to do. I don't want to be like one of the boys. I just want you now. 'Cause I've got love, love that won't wait. Love that is growing and it's getting late. Do you know what it means to be left this way. When everyone's gone and the feelings, they stay? I want you now. 
7dcf96c4-c1e9-4c04-bd88-8fab28676760;Please, tell me what to do. please, to get in touch with you. and I tried to call your satellite. but baby you would not receive. and I tried to call your satellite. but baby you would not believe. Please, tell me what to do. please, to get my message through. and I tried to call your satellite. but baby you would not receive. and I tried to call your satellite. but baby you would not believe. 
a959e495-c05a-4c17-903f-353a39835177;Talking to the songbird yesterday. Flew me to a place not far away. She's a little pilot in my mind. Singin' songs of love to pass the time. Gonna write a song so she can see. Give her all the love she gives to me. Talk of better days that have yet to come. I never felt this love from anyone. She's not anyone. She's not anyone. She's not anyone. A man can never dream these kind of things. Especially when she came and spread her wings. Whispered in my ear the things I'd like. Then she flew away into the night. Gonna write a song so she can see. Give her all the love she gives to me. Talk of better days that have yet to come. Never felt this love from anyone. She's not anyone. She's not anyone. She's not anyone. 
275937dd-dab3-4c85-8d30-418e9124cbfa;This is a song for the ladies. But fellas, listen closely:. You don't always have to fuck her hard. In fact sometimes that's not right to do. Sometimes you've got to make some love. And fuckin' give her some smoochies too. Sometimes you got to squeeze. Sometimes you got to say "Please". Sometimes you got to say "Hey,. I'm gonna fuck you, softly. I'm gonna screw you gently. I'm gonna hump you, sweetly. I'm gonna ball you discreetly". And then you say "Hey I brought you flowers". And then you say "Wait a minute Sally". "I think I got somethin' in my teeth, could you get it out for me?". That's fuckin' team work! What's your favorite posish? That's cool with me. It's not my favorite but I'll do it for you. What's your favorite dish? I'm not gonna cook it. But I'll order it from Zanzibar! And then I'm gonna love you completely. And then I fuckin fuck you discreetly. And then I fuckin bone you completely. But then I'm gonna fuck you hard, hard! 
c564b42d-014f-498d-aa28-990509579712;You can force it but it will not come. You can taste it but it will not form. You can crush it but it's always here. You can crush it but it's always near. Chasing you home. Saying. Everything is. Broken. Everyone is. Broken. You can force it but it will stay stung. You can crush it as dry as a bone. You can walk it home straight from school. You can kiss it, you can break all the rules. All of the rules. But still. Everything is. Broken. Everyone is. Broken. Everyone is. Everyone is broken. Everyone is. Everything is broken. Why can't you forget? Why can't we forget? Why can't you forget? 
d76c1ed8-d16e-48fa-8f88-e4161fecb811;Where do we go from here? The words are coming out all weird, where are you now. When I need you? Alone on an aeroplane. Falling asleep against the window pane. My blood will thicken. I need to wash myself again. To hide all the dirt and pain 'cause I'd be scared. That there's nothing underneath. And who are my real friends? Have they all got the bends, am I really sinking. This low? My baby's got the bends, oh no. We don't have any real friends, no, no, no. I'm just lying in a bar with my drip feed on. Talking to my girlfriend waiting for something to happen. And I wish it was the sixties, I wish I could be happy. I wish, I wish, I wish that something would happen. Where do we go from here? The planet is a gunboat in a sea of fear. And where are you? They brought in the CIA. The tanks and the whole marines to blow me away. To blow me sky high. My baby's got the bends. We don't have any real friends. I'm just lying in a bar with my drip feed on. Talking to my girlfriend waiting for something to happen. I wish it was the sixties, I wish I could be happy. I wish, I wish, I wish that something would happen. I want to live and breathe. I want to be part of the human race. I want to live and breathe. I want to be part of the human race, race, race, race. Where do we go from here? The words are coming out all weird, where are you now. When I need you? 
99d300d0-6af6-4adc-b887-93c0c123f3ed;Two jumps in a week. I bet you think that's pretty clever, don't you, boy? Flying on your motorcycle. Watching all the ground beneath you drop. You'd kill yourself for recognition. Kill yourself to never ever stop. You broke another mirror. You're turning into something you are not. Don't leave me high. Don't leave me dry. Don't leave me high. Don't leave me dry. Drying up in conversation. You will be the one who cannot talk. All your insides fall to pieces. You just sit there wishing you could still make love. They're the ones who'll hate you. When you think you've got the world all sussed out. They're the ones who'll spit at you. You will be the one screaming out. Don't leave me high. Don't leave me dry. Don't leave me high. Don't leave me dry. It's the best thing that you ever had. The best thing that you ever, ever had. It's the best thing that you ever had. The best thing you have had has gone away. Don't leave me high. Don't leave me dry. Don't leave me high. Don't leave me dry. Don't leave me high. Don't leave me high. Don't leave me dry. 
c8359519-ed6c-4032-81c1-e9e17527b1a4;Her green plastic watering can. For a fake Chinese rubber plant. In the fake plastic earth. That she bought from a rubber man. In a town full of rubber plans. To get rid of itself. It wears her out. It wears her out. It wears her out. It wears her out. She lives with a broken man. A cracked polystyrene man. Who just crumbles and burns. He used to do surgery. For girls in the eighties. But gravity always wins. And it wears him out. It wears him out. It wears him out. It wears. She looks like the real thing. She tastes like the real thing. My fake plastic love. But I can't help the feeling. I could blow through the ceiling. If I just turn and run. And it wears me out. It wears me out. It wears me out. It wears me out. And if I could be who you wanted. If I could be who you wanted. All the time. All the time. 
c9b1333d-6bb6-461a-b0e4-d8f5adab95fa;I don't wanna be crippled and cracked. Shoulders, wrists, knees and back. Ground to dust and ash. Crawling on all fours. When you've got to feel it in your bones. When you've got to feel it in your bones. Now I can't climb the stairs. Pieces missing everywhere. Prozac painkillers. When you've got to feel it in your bones. When you've got to feel it in your bones. And I used to fly like Peter Pan. All the children flew when I touched their hands. You say you've got to feel it in your bones. You say you've got to feel it in your bones. 
b10fa33b-fddc-450f-8ca3-5f270f5889dd;They love me like I was a brother. They protect me, listen to me. They dug me my very own garden. Gave me sunshine, made me happy. Nice dream, nice dream. Nice dream. I call up my friend, the good angel. But she's out with her answerphone. She says that she'd love to come help but. The sea would electrocute us all. Nice dream, nice dream. Nice dream, nice dream. Nice dream, nice dream. Nice dream. If you think that you're strong enough (nice dream). If you think you belong enough (nice dream). If you think that you're strong enough (nice dream). If you think you belong enough (nice dream). Nice dream, nice dream. Nice dream, nice dream. 
b4b5ec82-3c2b-4092-b897-178efa9f35b2;Can't get the stink off. He's been hanging 'round for days. Comes like a comet. Suckered you, but not your friends. One day he'll get to you. And teach you how to be a holy cow. You do it to yourself, you do. And that's what really hurts. Is you do it to yourself, just you. You and no one else. You do it to yourself. You do it to yourself. Don't get my sympathy. Hanging out the 15th floor. You've changed the locks three times. He still come reeling through the door. One day I'll get to you. And teach you how to get to purest hell. You do it to yourself, you do. And that's what really hurts. You do it to yourself, just you. You and no one else. You do it to yourself. You do it to yourself. You do it to yourself, you do. And that's what really hurts. Is you do it to yourself, just you. You and no one else. You do it to yourself. You do it to yourself. Yourself. 
4def6631-eb38-45e5-a62b-189d6f8b6ddb;Faith, you're driving me away. You do it everyday. You don't mean it but. It hurts like hell. My brain says I'm receiving pain. A lack of oxygen. From my life support. My iron lung. We're too young to fall asleep. Too cynical to speak. We are losing it. Can't you tell? We scratch our eternal itch. A twentieth century bitch. And we are grateful for. Our iron lung. The headshrinkers, they want everything. My uncle Bill, my Belisha beacon. The headshrinkers, they want everything. My uncle Bill, my Belisha beacon. Suck, suck your teenage thumb. Toilet trained and dumb. When the power runs out. We'll just hum. This, this is our new song. Just like the last one. A total waste of time. My iron lung. The headshrinkers, they want everything. My uncle Bill, my Belisha beacon. The headshrinkers, they want everything. My uncle Bill, my Belisha beacon. And if you're frightened, you can be frightened. You can be, it's okay. And if you're frightened, you can be frightened. You can be, it's okay. The headshrinkers, they want everything. My uncle Bill, my Belisha beacon. The headshrinkers, they want everything. My uncle Bill, my Belisha beacon. 
53549089-3714-4c4a-9867-fce07f2d6241;Limb by limb and tooth by tooth. it's tearing up inside of me. Every day, every hour. I wish that I. Was bulletproof. Wax me, mould me. Heat the pins and stab them in. You have turned me into this. Just wish that it. Was bulletproof. Was bulletproof. So pay me money, take a shot. Lead-fill the hole in me. I could burst a million bubbles. All surrogate. And bulletproof. And bulletproof. And bulletproof. Bulletproof. 
3752aa7a-6ac1-4b88-bad8-149f9536f297;I get home from work and you're still standing in your dressing gown. Well, what am I to do? I know all the things around your head. And what they do to you. What are we coming to? What are we gonna do? Blame it on the black star. Blame it on the falling sky. Blame it on the satellite. That beams me home. The troubled words of a troubled mind, I try to understand. What is eating you. I try to stay awake, but it's 58 hours. Since that I last slept with you. What are we coming to? I just don't know anymore. Blame it on the black star. Blame it on the falling sky. Blame it on the satellite. That beams me home. I get on the train and I just stand about. Now that I don't think of you. I keep falling over, I keep passing out. When I see a face like you. What am I coming to? I'm gonna melt down. Blame it on the black star. Blame it on the falling sky. Blame it on the satellite. That beams me home. This is killing me. This is killing me. 
b6f2797c-4de2-418a-b935-24ad8fcd8251;You bite through the big wall, the big wall bites back. You just sit there and sulk, sit there and bawl. You are so pretty when you're on your knees. Disaffected and eager to please. Sometimes you sulk, sometimes you burn. God rest your soul. When the loving comes and we've already gone. Just like your dad, you'll never change. Each time it comes, it eats me alive. I try to behave but it eats me alive. So I declare a holiday. Fall asleep, drift away. Sometimes you sulk, sometimes you burn. God rest your soul. When the loving comes and we've already gone. Just like your dad, you'll never change. Sometimes you sulk, sometimes you burn. God rest your soul. When the loving comes and we've already gone. Just like your dad, you'll never change. 
95f74436-9368-44b3-a943-bf6b2320c649;Rows of houses all bearing down on me. I can feel their blue hands touching me. All these things into position. All these things we'll one day swallow whole. And fade out again. And fade out. This machine will, will not communicate. These thoughts and the strain I am under. Be a world child, form a circle. Before we all go under. And fade out again. And fade out again. Cracked eggs, dead birds scream as they fight for life. I can feel death, can see its beady eyes. All these things into position. All these things we'll one day swallow whole. And fade out again. And fade out again. Immerse your soul in love. Immerse your soul in love. 
6418b172-ecb3-446c-8233-2862df1494f8;Everyone. Everyone around here. Everyone is so near. It's holding on. It's holding on. Everyone. Everyone is so near. Everyone has got the fear. It's holding on. It's holding on. It's holding on. It's holding on. It's holding on. 
129b286b-2e35-414c-ab95-6097d60e6c4b;Jumped in the river, what did I see? Black-eyed angels swam with me. A moon full of stars and astral cars. And all the figures I used to see. All my lovers were there with me. All my past and future. And we all went to heaven in a little rowboat. There was nothing to fear, nothing to doubt. Jumped into the river. Black-eyed angels swam with me. A moon full of stars and astral cars. And all the figures I used to see. All my lovers were there with me. All my past and future. And we all went to heaven in a little rowboat. There was nothing to fear, nothing to doubt. There was nothing to fear, nothing to doubt. There was nothing to fear, nothing to doubt. 
a423dc51-ca84-49fa-ac85-bf6a427dde04;NA
bf3789ff-34f6-4b63-b948-6d5e735cfa64;Who's in a bunker? Who's in a bunker? Women and children first and the children first and the children. I'll laugh until my head comes off. I'll swallow till I burst, until I burst, until I. Who's in a bunker? Who's in a bunker? I have seen too much, I haven't seen enough, you haven't seen. I'll laugh until my head comes off. Women and children first and children first and children. Here I'm allowed everything all of the time. Here I'm allowed everything all of the time. Ice age comin', ice age comin'. Let me hear both sides, let me hear both sides, let me hear both. Ice age comin', ice age comin'. Throw it in the fire, throw it in the fire, throw it on the. We're not scaremongering. This is really happening, happening. We're not scaremongering. This is really happening, happening. Mobiles working, mobiles chirping. Take the money and run, take the money and run, take the money. Here I'm allowed everything all of the time (The first of the children, the first of the children, the first of the children, the first of the children). Here I'm allowed everything all of the time (The first of the children, the first of the, the first, the first of the children, the first of the children). Here I'm allowed everything all of the time (The first of the children, the first of the, the first, the first of the children, the first of the children). Here I'm allowed everything all of the time (The first of the children, the first of the children, the first of the children, the first of the children). The first of the children, the first of the children. The first of the children, the first of the children. The first of the children, the first of the. The first, the first of the children, the first of the children. The first of the children, the first of the. The first, the first of the children, the first of the children. The first of the children, the first of the children. The first of the children, the first of the children. 
1bf59297-2c98-4a70-9459-31b560e2934d;I might be wrong. I might be wrong. I could've sworn I saw a light coming on. I used to think. I used to think. There was no future left at all. I used to think. Open up, begin again. Lets go down the waterfall. Think about the good times and never look back. Never look back. What would I do? What would I do? If I did not have you. Open up, let me in. Let's go down the waterfall. Have ourselves a good time, it's nothing at all. It's nothing at all. Nothing at all. Never look back. Never look back. 
50d5c3f8-03d6-4d9f-a38c-5421b1c5d348;The morning bell, the morning bell. Light another candle and release me, release me. You can keep the furniture, a bump on the head. Howling down the chimney, release me, release me, please. Release me, release me. Where'd you park the car? Where'd you park the car? The clothes are on the lawn with the furniture. Now I might as well, I might as well. Sleepy jack the fire drill. Runnin around and round and round and round and round and round. Cut the kids in half, cut the kids in half, cut the kids in half. I wanted to tell you but you never listened. You never understand. I wanted to tell you but you never listened. You never understand. Cos I'm walking, walking, walking. The lights are on but nobody's home. Everybody wants to be a. The lights are on but nobody's home. Everybody wants to be a slave. Walking, walking, walking. The lights are on but nobody's at home. Everybody wants to be a. Everyone wants to be a friend. Nobody wants to be a slave. Walking, walking, walking. 
f8764ab0-996b-40c8-9645-10f47e8c43d0;Red wine and sleeping pills. Help me get back to your arms. Cheap sex and sad films. Help me get where I belong. I think you're crazy, maybe. I think you're crazy, maybe. Stop sending letters. Letters always get burned. It's not like the movies. They fed us on little white lies. I think you're crazy, maybe. I think you're crazy, maybe. I will see you in the next life. 
ac776168-8d7c-42e3-a53e-6c1d12761e6d;Come on, come on. You think you drive me crazy, well. Come on, come on. You and whose army? You and your cronies. Come on, come on. Holy Roman empire. Come on if you think. Come on if you think. You can take us on. You can take us on. You and whose army? You and your cronies. You forget so easy. We ride tonight. We ride tonight. Ghost horses. Ghost horses. We ride tonight. We ride tonight. Ghost horses. Ghost horses. Ghost horses. 
0cf867e2-546e-4515-ba07-1060b6dcf5b4;Say hello. Remain. Close to me. A no good-bye suicide mystery. The rat. In your brain. Turns a wheel. Connected to your guts and. All your faults are in me. And all your faults in me. What would you say. If we lived on TV. Besides all the things they told you to. And all the things they told you to. And all the things they told you to. And all the things they told you to. We're stuck. Inside our own machine. Apparitions. Apparitions. Apparitions. Say hello. Well is it strange. Where you are. Where you used to be kind of free. Are they laughing at you. Laughing at you. The rat. In your brain. Rules the world. From the comfort of your living room. Tell me are we leaving soon. The comfort of your living room. Tell me are we leaving soon. We're stuck. Inside our own machine. Apparitions. Apparitions. Apparitions. We're stuck. Inside our own machine. Apparitions. Apparitions. Apparitions. Na na na na. 
1887dfc4-7f11-49d4-b83f-e49ddd110c4c;The first date's the worst date. It's hard to know just what to do. I take you to dinner, you don't eat. You just play with your food. And there's something familiar. 'Bout every word you say. It's hard to believe. This happened again. I already met you. I already met you. You're like my last girlfriend, yeah. And some girlfriend I had before her. I take you to my apartment. And then it's just south of Beirut. You tell me you're bored and you. Don't like the color of my shoes. And the picture gets clearer. With every word you say. It's hard to believe. This happened again. I already met you. I already met you. You're like my last girlfriend, yeah. And some girlfriend I had before her. Don't mean to upset you. I already met you. You're like my last girlfriend, yeah. And some girlfriend I had before her. Two point two kids and a house on the hill. A dog named Boo and sweet Uncle Phil. My head says you're different. You're the one with whom I should grow old. Yeah, that's not too convincing. While yelling it's your dad on my phone. So I stare out the window. And I find me a smile. 'Cause I still believe. It gets better'n this. I already met you. I already met you. You're like my last girlfriend, yeah. And some girlfriend I had before her. Don't mean to upset you. I already met you. You're like my last girlfriend, yeah. And some girlfriend I had before her. You're like my last girlfriend, yeah. And some girlfriend I had before her. And the girlfriend I had before her. And the girlfriend I had before her. And the girlfriend I had before that. 
1a2d0f52-c748-4d6f-a064-bd6cabb63547;Feeling myself all of the time. All of the time feeling alright. Taking a while raising a smile. Raising a smile makes it all worthwhile. But if you wanted to find peace of mind. You could find it any time you liked. You are the afterglow. Feeling my way all of the time. All of the time doing just fine. Taking a page out of my life. Out of my life wouldn't it be nice. If you wanted to find peace of mind. Then you couldn't find it any time you liked. You are the afterglow. You are the midnight show. The only one I know. You come and then you go. And when you finally leave. You leave nothing for me. Ohh. 
98bec3a1-eef7-4edc-8c7b-39e8d3a482c2;NA
1cde5d7a-e861-4401-981c-33c0d23aed45;NA
d59d1966-63e7-4ff5-9800-2389137492eb;"What'd you mean tig goes while I'm out?". It's nearly eleven, Do you think we'll stand the test of time. You're a cloud short of heaven, But you know I want you to be mine. And I'm sitting here, And it is getting frustrating. Got to go to the garage,. Got to get some fags and make some tea. Can you lend me enough wedge. Do you want to walk up there with me?. And i'm sitting here waiting, yeah and its getting frustating. Oh we've been here all night. I can feel a strange attraction. And It's getting light. Yeah I can't spur you into action. Do you know? That someone. Oh. Oh!. It's a quarter to seven. Don't you think we've stayed up long enough. You're a cloud short of heaven. But I'd love to see you strut your stuff. And I'm sitting here waiting. Yeah, and it could be X-rated. We could be oh so happy. We could be oh so happy! 
49e64920-4118-4fe6-9db7-bccd39f34077;You were a fool to go under the table. And now you know you were unable. To pretend you're all alone. And now look what it's done to you. And when you find that you're getting attention. And you think that you're having all the fun. But soon you'll realize. You're living in a fantasy. So now you're all alone. And you don't really like the way. He went away. And now you're living in agony. Do anything you want, always, all the time. But now you know it wasn't worth a dime. So now you're all alone. And now it's not a perfect world. And when you think you're more clever than anyone. Now think again, we knew it all along. But in reality. I know you'll never be okay. So now you're all alone. And you don't really like the way. He went away. And now you're living in agony. And I'll be by your side. And I'll be by your side. And if you think that I'm unkind. Then you're blind. So now you're all alone. And you don't really like the way. He went away. And now you're living in agony. In agony. In agony. In agony. 
e33d2b18-4a3e-44f7-93c7-e5623ada431f;It's amazing to me,. I can't seem to say what I'm doing here,. My tounge is all twisted around the air,. I'm looking for words that were so well rehearsed,. But I can't find them anywhere. . With you, there's no easy answer it's true,. You change the equation I add up to,. And all of the things that I thought I knew,. You turn it around. I'm amazed,. When push comes to shove what I'd give to you-. Everything. I'm amazed,. The hallways I wouldn't mind crawling through,. And I'd do it for days and for days. I'm amazed, I'm amazed,. I'm amazed, I'm amazed,. The places you're taking me to. Wait, I thought I had this down. I built all my cages and my hideout. And I, I covered all my bases,. I locked the door,. I shut all my windows,. But you, you're creeping like a whisper it's true,. I try not to listen, yeah, but I hear you. I'm not really sure just what it is you do,. But do it again. I'm amazed,. When push comes to shove what I'd give to you-. Everything. I'm amazed,. The walls that I wouldn't mind crashing through,. And I'd do it for days and for days. I'm amazed, I'm amazed,. I'm amazed, I'm amazed. And all of the things I know you have done,. This time I think that we've really won. The tables have turned,. Now I'm taking my hat off to you. Said we'll see. Darling it's all clear to me. I'm amazed. And here in the foyer the hallway is small. I don't really think it's a hallway at all. It's a maze. Johnny your suitcase was finally received. She's packed up her things and she's ready to leave. It's amazing. All of the ink that was bled from your hands. Has painted a picture that she understands. It's amazing. And here by the ocean the sky's full of leaves. And what they can tell you depends on what you believe. The ash is a tree and the voices were three. And all that is gone is here sweeping through me. It's amazing. It's a maze. The voice of my father still loud as before. It used to scare me but not anymore. It's a maze. 
23efd125-df80-44fd-9583-4639f38511ff;Tonight I'm feeling like an animal. Tonight I'm howling inside. Tonight I'm feeling like an animal. Tonight I'm going wild. And all I want. Is to be with you again. And all I want. Is to hold you like a dog. And all I want. Is to be with you again. With you again. Just to hold you like a dog. Tonight I'm screaming like an animal. Tonight I'm losing control. Tonight I'm screaming like an animal. Tonight I'm getting so low. And all I want. Is to be with you again. And all I want. Is to hold you like a dog. And all I want. Is to be with you again. With you again. Just to hold you like a dog. That's all I want. Just to hold you like a dog. Just to hold you like a dog. That's all I want. And all I want. Is to hold you like a dog. 
3a712175-8ae3-4893-9102-8761a8ea3bb9;It's so much better. When everyone is in. Are you in? It's so much better. When everyone is in. Are you in? Ooh. Ooh. Are you in? Ooh. Ooh. Are you in? It's so much better. When everyone is in. Are you in? It's so much easier. When sea foam green. Is in fashion. Ooh. Ooh. Are you in? Ooh. Ooh. Are you in? Are you? Are you? Are you? Are you? Are you? Are you? Are you? Are you? Are you? Are you? Are you? Are you? Are you? Are you? Are you? Are you? Oh. Oh. Oh. Oh. Ooh. Ooh. Are you in? Ooh. Ooh. 
349ecbd4-25c6-44b7-8947-df27aeae194f;In the next world war. In a jackknifed juggernaut. I am born again. In the neon sign. Scrolling up and down. I am born again. In an interstellar burst. I am back to save the universe. In a deep, deep sleep. Of the innocent. I am born again. In a fast German car. I'm amazed that I survived. An airbag saved my life. In an interstellar burst. I am back to save the universe. In an interstellar burst. I am back to save the universe. In an interstellar burst. I am back to save the universe. 
0d507f2d-ea77-43a2-adc6-50d0d6dbb1f4;I guess it's been a while. And a long time too. Everything's still the same and. So are you. It's only in this light. That I could see what you'd be like. If it took a million years, well. This is what I am. You're awake and I'm asleep and. We are so complete that way. You're asleep and I'm awake and. Everything is so great. Everything is so great. Oh yeah. Heavy. I wash my hands of you. I wash my dirty feet, too. And when I wash my hair the. Dust clouds disappear. You're leaning out the window. You're beating down a path real slow. With your heavy plastic bags and. Heavy head. You're awake and I'm asleep and. We are so complete that way. You're asleep and I'm awake and. Everything is so great. Everything is so great. I wish we had a laugh. But you're just not funny. Baby, I'm leaving out the. Irony. You're awake and I'm asleep and. We are so complete that way. You're asleep and I'm awake and. Everything is so great, oh yeah. You're awake and I'm asleep and. We are so complete that way. You're asleep and I'm awake and. Everything is so great, oh yeah. You're awake and I'm asleep and. We are so complete that way. You're asleep and I'm awake and. Everything is so great. Everything is so great. Yeah. 
31d5ba69-8a64-4c62-8191-34a14857bdab;Saw you lying down there on the marble slab. The best trip that I've ever had. High up in a jet plane, pass it around. My drink's on empty, need another round. I wanna fly, wanna ride with you. Is this the best that you can do? I wanna fly, wanna ride with you. High up in a jet plane with you. When we arrive in the middle of nowhere. Don't act like you know, I been here so many times. I never seen you before. But now that I have, I don't wanna see you no more. High up in a jet plane with you. High up in a jet plane with you. I wanna fly, wanna ride with you. Is this the best that you can do? I wanna fly, wanna ride with you. High up in a jet plane with you. Ah-ah, auto pilot, no control. Ah-ah, ahh. Ah-ah, auto pilot, no control. Ah-ah, ahh. High up in a jet plane with you. High up in a jet plane with you. I wanna fly, wanna ride with you. Is this the best that you can do? I wanna fly, wanna ride with you. High up in a jet plane with you. 
25c1032f-4402-4f0c-9f75-1be2181fc93d;You are eighteen year old girl, who live in small city of Japan. You heard me on the radio about one year ago. And you wanted to know, all about me, and my hobbies. My favorite food and my birthday. Why are you so far away from me? I need help and you're way across the sea. I could never touch you, I think it would be wrong, oh. I've got your letter, you've got my song. They don't make stationery like this where I'm from so fragile, so refined. So I sniff (So I sniff). And I lick (And I lick). Your envelope and fall to little pieces every time. I wonder what clothes you wear to school. I wonder how you decorate your room. I wonder how you touch yourself and curse myself for being across the sea. Why are you so far away from me? I need help and you're way across the sea. I could never touch you, I think it would be wrong, oh. I've got your letter, you've got my song. At ten, I shaved my head and tried to be a monk. I thought the older women would like me if I did. You see mom, I'm a good little boy (Good little boy). It's all your fault, momma. It's all your fault (It's all your fault). Goddamn, this business is really lame. I gotta live on an island to find the juice. So you send (So you send). Me your love (Me your love). From all around the world. As if I could live off words and dreams and a million screams. Oh, how I need a hand in mine to feel. Why are you so far away from me? Why are you so far away from me? I could never touch you, I think it would be wrong. I've got your letter, you've got my song. (I've got your letter) I've got your letter, you've got my song. 
096fa16f-9fc0-4b61-93e1-da72dcd54b3b;See the sun rise. So loud,. This whole town. Gets drowned out. . Sky writing with the sweep of a flashlight. I'm driving over that way. Some pot of gold, it's just a carpeting store on opening day. . See the moon rise. So slow,. And shallow,. It burns halos in my eyes. . It's harder to swallow,. It's harder to breathe,. So many opals, nobody here knows what to believe. . They've got me underground. 
0a6d7612-1eb8-42d7-ab32-a1c575715d3a;Nothing that you say will release you. Nothing that you pray will forgive you. Nothing's what your words mean to me. Something that you did will destroy me. Something that you said will stay with me. Long after you're dead and gone. If flesh could crawl. My skin would fall. From off my bones. And run away from here. As far from God. As Heaven is wide. As far from God. As angels can fly. If holy is as holy does. This house would burn straight down to Hell. Take its conscience with it as it falls. Nothing said could change the fact. My trust was blind, you broke the pact. If God's my witness, God must be blind. If flesh could crawl (I wish). My skin would fall (I wish). From off my bones (I wish). And run away from here (I wish). As far from God. As Heaven is wide. As far from God. As angels can fly. (I wish). (I wish). (I wish). (I wish). Take it back, I dare you, take it back. No, you can't, you should have thought of that. What's inside a man that's goes so wrong? Choke on guilt that's far too good for you. Say one word, I'll laugh and bury you. Leave you in the place where you left me. If flesh could crawl (I wish). My skin would fall (I wish). From off my bones (I wish). And run away from here (I wish). As far from God. As Heaven is wide. As far from God. As angels can fly. I wish I could fly. As angels can fly. (I wish). (I wish). 
4a15fd00-4c6f-4506-8f06-a0fe7b3526c3;Gotta tell you. What I heard from Agent Orange. Mister Suntan. Mister Happy Man. Mister I know the girls on all the world tours. Mister Agent, yes. He's my favorite. And they don't understand. He's got palm oil fans. Yes he's down and there. And everywhere. He's getting an A to Z. An underwater city. Where she swims and swims. 
a3c64e44-eb38-4b7a-88e8-155380db6a9d;Lisa's kissing men like a long walk home. When the music stops. Take a tip from me, don't go through the park. When you're on your own it's a long walk home. Well, if they follow you. Don't look back. Like Dylan in the movies. On your own. If they follow you. It's not your money that they're after, boy, it's you. Pure easy listening, settle down. On the pillow soft when they've all gone home. You can concentrate on the ones you love. You can concentrate, hey, now they've gone. But if they follow you. Don't look back. Like Dylan in the movies. On your own. If they follow you. It's not your money that they're after, boy, it's you. Yeah, you're worth the trouble and you're worth the pain. And you're worth the worry, I would do the same. If we all went back to another time. I will love you over. I will love you over. I will love you. If they follow you. Don't look back. Like Dylan in the movies. On your own. If they follow you. Tenderly you turn the light off in your room. If they follow you. Don't look back. Like Dylan in the movies. On your own. If they follow you. 
21ff51c1-311b-4146-965c-8e55fa0fd553;when you see him again. tell him everything that you told me. tell him that i'm still your friend. and maybe you would like to see me again. i'm willing to wait my turn to be with you. but i still have a lot to learn about me. and no one's sure if we should be together. but oh, when i saw you again. a beautiful friend, she opened up her heart and let me in. no, i cannot lie to you. i'm still in love with you. and i only wanna be with you. so when you see him again. tell him everything that you told me. we're more than friends. and maybe we should start again. maybe you could love me again. cause oh, when i saw you again. a beautiful friend, she opened up her heart and let me in. no, i cannot lie to you. i'm still in love with you. and i only wanna be with you. i only wanna be with you. 
1e587065-3298-4828-9cb4-7c8949bc6a18;Love, let me sleep tonight on your couch. And remember the smell of the fabric. Of your simple city dress. Oh, That was so real. Oh, That was so real. Oh, That was so real. We walked around til the moon got full like a plate. The wind blew an invocation. And I fell asleep at the gate. And I never stepped on the cracks. 'Cause I thought I'd hurt my mother. And I couldn't awake from the nightmare. That sucked me in and pulled me under. Pulled me under. Oh, That was so real. Oh, That was so real. Oh, That was so real. I love you. But I'm afraid to love you. I love you. But I'm afraid to love you. I'm afraid. Oh, That was so real. Oh, That was so real. Oh, That was so real. So real. Oh, That was so real. Real, real, real. Oh, That was so real. Oh, That was so real. (Oh yeah). Oh, That was so real. 
e861883e-4e84-4200-9573-df717f1b11e4;This is the definition of my life. Lying in bed in the sunrise. Choking on a vitamin tablet the doctor gave. In the hope of saving me. In the hope of saving me. Mott's in the corner of the room. Junkyard fool with eyes of (glue/gloom/blue). I asked him time again,. Take me in and dry the rain. Take me in and dry the rain. Take me in and dry the rain,. Take me in and dry the rain,. The rain, the rain, the rain, the rain, my rain now. Dusty brown boots in the corner by the ironing board. Spray-on dust is the greatest thing. Sure is the greatest thing. Since the last, since the last. Mott's in the corner of the room. Junkyard fool with eyes of (glue/gloom/blue). I asked him time again. Take me in and dry the rain. Take me in and dry the rain. Take me in and dry the rain. Take me in and dry the rain. The rain, the rain, the rain, the rain, my rain now. I asked him time again,. Take me in and dry the rain. Take me in and dry the rain. Take me in and dry the rain. Take me in and dry the rain. The rain, the rain, the rain, the rain, my rain now. If there's something inside that you wanna say. Say it out loud it'll be okay. I will be alright, I will be alright. I will be your light, I will be your light. If there's something inside that you wanna say. You can say it out loud it will be okay. I will be alright, I will be your light. I will be your light, I will be your light. I need love. I need love. 
7e8b80a4-5ae3-47ee-854e-ac0e6b7623f0;Wake from your sleep. The drying of your tears. Today, we escape. We escape. Pack and get dressed. Before your father hears us. Before all hell. Breaks loose. Breathe, keep breathing. Don't lose your nerve. Breathe, keep breathing. I can't do this alone. Sing us a song. A song to keep us warm. There's such a chill. Such a chill. You can laugh. A spineless laugh. We hope your rules and. Wisdom choke you. Now we are one. In everlasting peace. We hope that you choke that you choke. That you choke. We hope that you choke that you choke. That you choke. We hope that you choke that you choke. That you choke. 
760828c4-c062-4667-94c6-0d358c1c768c;It's coming on Christmas, they're cutting down trees. They're putting up reindeer and singing songs of joy and peace. Oh, I wish I had a river I could skate away on. But it don't snow here, it stays pretty green. I'm gonna make a lot of money, then I'm gonna quit this crazy scene. I wish I had a river I could skate away on. I wish I had a river so long. I would teach my feet to fly. Oh, I wish I had a river I could skate away on. I made my baby cry. He tried hard to help me, you know, he put me at ease. And he loved me so naughty, made me weak in the knees. Oh, I wish I had a river I could skate away on. But I'm so hard to handle, I'm selfish and I'm sad. Now I've gone and lost the best baby that I ever had. Oh, I wish I had a river I could skate away on. I wish I had a river so long. I would teach my feet to fly. Oh, I wish I had a river I could skate away on. I made my baby say goodbye. It's coming on Christmas, they're cutting down trees. They're putting up reindeer, singing songs of joy and peace. I wish I had a river I could skate away on. 
00c5f286-9209-4a4a-8964-ec026eaf2d9c;I am an American aquarium drinker. I assassin down the avenue. I'm hiding out in the big city blinking. What was I thinking when I let go of you? Let's forget about the tongue tied lightning. Let's undress just like cross eyed strangers. This is not a joke, so please stop smiling. What was I thinking when I said it didn't hurt? I want to glide through those brown eyes dreaming. Take you from the inside, baby, hold on tight. You were so right when you said I've been drinking. What was I thinking when we said goodnight? I want to hold you in the Bible black pre-dawn. You're quite a quiet domino bury, me now. Take off your band-aid, 'cause I don't believe in touchdowns. What was I thinking when we said hello? I always thought that if I held you tightly. You would always love me like you did back then. Then I fell asleep in the city kept blinking. What was I thinking when I let you back in? I am trying to break your heart. I am trying to break your heart. But still I'd be lying if I said it wasn't easy. I am trying to break your heart. Disposable Dixie cup drinker. I assassin down the avenue. I've been hiding out in the big city blinking. What was I thinking when I let go of you? Loves you. I'm the man who loves you. 
3e6510e2-ae65-4d53-a6f9-42969f4776ea;Get out of bed, pick up the phone. Time to tell the press. Say to myself, I can't do no-one else. There's a whole world outside. I'm gonna tell it all. I'm gonna sell it all. I'm gonna sell. Get out of bed. Come out and sing. Blue skies ahead. The man who told everything. And I feel, like I'm losing my head. I didn't mean to stay. Lives have been wrecked, and I've picked up my cheque. Catch a plane out of here. I'm gonna get out of here. I'm gonna get out of here. I'm gonna sell. Get out of bed. Come out and sing. Blue skies ahead. The man who told everything. 
27eb8898-5719-425a-a317-183fb70a5b27;You look like a perfect fit. For a girl in need of a tourniquet. But can you save me? Come on and save me. If you could save me. From the ranks of the freaks. Who suspect they could never love anyone. 'Cause I can tell you know what it's like. A long farewell of the hunger strike. But can you save me? Come on and save me. If you could save me. From the ranks of the freaks. Who suspect they could never love anyone. You struck me dumb, like radium. Like Peter Pan or Superman. You have come to save me. Come on and save me. If you could save me. From the ranks of the freaks. Who suspect they could never love anyone. Except the freaks. Who suspect they could never love anyone. But the freaks. Who suspect they could never love anyone. Come on and save me. Why don't you save me? If you could save me. From the ranks of the freaks. Who suspect they could never love anyone. Except the freaks. Who suspect they could never love anyone. Except the freaks. Who could never love anyone. 
f2a185f5-fef8-4c1b-aa2f-7e01d939caab;Nothing left to say. And all I've left to do is run away from you. And she led me on, down with secrets I can't keep. Close your eyes and sleep, don't wait up for me. Hush now don't you speak. to me. Wrap my hurt in you. And took my shelter in that pain. The opiate of blame is your broken heart, heart, your heart. So now I'm all by myself, as I've always felt. I'll betray my tears to anyone caught in our ruse of fools. One last kiss for me, yeah. One last kiss good night. Didn't want to lose you once again, didn't want to be your friend. Fulfill a promise made of tin and crawled back to you. Now I'm all by myself, as I've always felt. And I'll betray myself to anyone, lost, anyone but you. So let the sadness come again. On that you can depend on me, yeah. Until the bitter, bitter end of the world, yeah. When God sleeps in bliss. And I'm all by myself, as I've always felt. And I'll betray myself to anyone. 
1a5e2acc-6b28-4a82-b942-2808995646f7;You're a few years overdue. I spent them waiting here for you. Now your charity's refused,. I can name a penance for abuse. Twenty four years overdue,. what kind of role model are you? Very least learn not to do,. I think I might be over you. Do hope I won't. Learn to make. The same mistakes,. That you would. Make me aware. That only fear,. My only hope,. Is letting go. Went on a limb for you,. Capsized when I turned twenty two. Did it burn as bad for you? No bottle serves to soothe my wounds. Do hope I won't. Learn to make. The same mistakes,. That you would. Make me aware. That only fear,. My only hope,. Is letting go. . My only hope. Is letting go. You're a few years overdue. I spent them waiting here for you. 
332cdf29-4c54-4daa-8621-bf49a4cad542;Hold on to the thread. The currents will shift, glide me towards. You know something's left. And we're all allowed to dream of the next. Uh, Uh-oh, the next, time we touch. Ooh. Ooh. Ooh. Ooh. You don't have to stray the oceans away. Waves roll in my thoughts. Hold tight the ring. The sea will rise. Please stand by the shore. Oh, oh, oh, I will be. I will be there once more. Ooh. Ooh. Ooh. Ooh. Uh-huh, oh. Uh-huh, oh. 
b777c7b1-3a5c-4a92-a261-5019a85fe209;His wicked sense of humor. Suggests exciting sex. His fingers they focus on her. Touches, he's Venus as a boy. (. ?). He believes in beauty. He's Venus as a boy. He believes in beauty. He believes in beauty. He's Venus as a boy. He believes in beauty. He's exploring. The taste of her. Arousal. So accurate. He sets off. The beauty in her. He's Venus, Venus as a boy. (. ?). He believes in beauty. He's Venus as a boy. He believes in beauty. He believes in beauty. He's Venus as a boy. He believes in beauty. (. ?). 
3099b786-0454-4142-b065-f2690404488b;Everything is quiet. Since you're not around. And I live in the numbness, now. In the background. I do the things we did before. I walk Haight Street to the store. And they say "Where's that crazy girl. "You don't get drunk on red wine and fight no more. ". I don't see you anymore. Since the hospital. The plans I make still have you in them. 'Cause you come swimming into view. And I'm hanging on your words like I always used to do. The words they use so lightly, I only feel for you. I only know because I. Carry you around, in the background. (I'm in the background). Ghosts, they come and memories all repeat. Lift your hair while they change the hospital sheets. And I would never lie to you, no. I would never lie to you, no. I felt you long after we were through. When we were through. The plans I make still have you in them. 'Cause you come swimming into view. And I'm hanging on your words like I always used to do. The words they use so lightly, I only feel for you. I only know because I. Carry you around, in the background. 'Cause I felt you long after we were through. When you come swimming into view. And I'm hanging on your words like I always used to do (come swimming into view). The words they use so lightly, I only feel for you (you come swimming into view). I only know because I'm way. I'm way. in the background. I'm in the background. 
4ef15bca-ee9e-4e33-9f2f-1bd30225a3c5;And so she woke up. Woke up from where she was lyin' still. Said I gotta do something. About where we're goin'. Step on a steam train. Step out of the driving rain, maybe. Run from the darkness in the night. Singing ah, ah la la la de day. Ah la la la de day. Sweet the sin, bitter the taste in my mouth. I see seven towers, but I only see one way out. You gotta cry without weeping, talk without speaking. Scream without raising your voice. You know I took the poison, from the poison stream. Then I floated out of here, singing. Ah la la la de day. Ah la la la de day. She walks through the streets. With her eyes painted red. Under black belly of cloud in the rain. In through a doorway. She brings me white golden pearls. Stolen from the sea. She is ragin'. She is ragin'. And the storm blows up in her eyes. She will suffer the needle chill. She's running to stand still. 
7eed29ad-181d-4489-92e2-cfe43a69ebbd;When the laughter fades away. Ma vie. Tout ma vie. When there's nothing more to say. Ma vie. My oh my. It's the last laugh of the laughter. Sur la dernier page du chapitre. On the last day of the year. Ma vie. Tout ma vie. When the spotlight drifts away. Ma vie. C'est la vie. When the blue sky turns to grey. Ma vie. My oh my. It's the last laugh of the laughter. Sur la dernier page du chapitre. On the last day of the year. Ma vie. Tout ma vie. When the laughter fades away. Ma vie. Tout ma vie. When there's nothing more to say. Ma vie. My oh my. It's the last laugh of the laughter. Sur la dernier page du chapitre. On the last day of the year. Ma vie. Tout ma vie. Ma vie. My oh my. 
ec125118-5ab8-4d5f-9cf4-652655286f2f;There must be something. In the way I feel. That she don't want me to feel. The stare she bares cut me. I don't care. You see so what if I bleed. I could never change. Just what I feel. My face will never show. What is not real. A mountain never seems to have. The need to speak. A look that shares so many seek. The sweetest feeling. I got from you. The things I said to you were true. I could never change. Just what I feel. My face will never show. What is not real. I could have lied I'm such a fool. My eyes could never never never. Keep their cool. Showed her and I told her how. She struck me but I'm fucked up now. But now she's gone yes she's gone away. A soulful song. That would not stay. You see she hides 'cause she is scared. But I don't care. I won't be spared. I could have lied I'm such a fool. My eyes could never never never. Keep their cool. Showed her and I told her how. She struck me but I'm fucked up now. I could have lied I'm such a fool. My eyes could never never never. Keep their cool. Showed her and I told her how. She struck me but I'm fucked up now. 
744f65d1-620f-453f-a58e-75c1d7a44faf;Spinning, laughing, dancing. To her favorite song. A little girl with nothing wrong. Is all alone. Eyes wide open. Always hoping for the sun. And she'll sing her song to anyone. That comes along. Fragile as a leaf in autumn. Just fallin' to the ground. Without a sound. Crooked little smile. On her face. Tells a tale of grace. That's all her own. Fragile as a leaf in autumn. Just fallin' to the ground. Without a sound. Spinning, laughing, dancing. To her favorite song. She's a little girl with nothing wrong. And she's all alone. A little girl with nothing wrong. And she's all alone. 
aca7034c-f6a8-47e9-9baa-d2b87dc08d9e;Baby, I've been. Breaking glass in your room again. Listen. Don't look at the carpet. I drew something awful on it. See. You're such a wonderful person. But you got problems. I'll never touch you. 
f0bc6c7a-6a93-4de5-bec3-a10335e86141;Walking on walking on broken glass. Walking on walking on broken glass. You were the sweetest thing that I ever knew. But I don't care for sugar honey if I can't have you. Since you've abandoned me. My whole life has crashed. Won't you pick the pieces up. 'Cause it feels just like I'm walking on broken glass. (Walking on walking on broken glass). The sun's still shining in the big blue sky. But it don't mean nothing to me. O-o-oh let the rain come down. Let the wind blow through me. I'm living in an empty room. With all the windows smashed. And I've got so little left to lose. That it feels just like I'm walking on broken glass. (Walking on walking on broken glass). And if you're trying to cut me down. You know that I might bleed. 'Cause if you're trying to cut me down. I know that you'll succeed. And if you want to hurt me. There's nothing left to fear. 'Cause if you want to hurt me. You do it really well my dear. Now everyone of us was made to suffer. Everyone of us is made to weep. We've been hurting one another. And now the pain has cut too deep. So take me from the wreckage. Save me from the blast. Lift me up and take me back. Don't let me keep on walking. Walking on broken glass. Don't let me keep on walking. (Walking on walking on broken glass). 
1e074d04-bbd6-4eca-861b-6fef83e83a41;NA
0f995c33-d6d9-44fc-ba52-e436e986acfc;Up All Night. Can we talk about automatic satisfaction. Sittin' back relaxin' floored. What's wrong with kickin it. When you're bored and lit. Lets smoke some cigarettes. And catch up on the back porch. Fire up another roach. And we don't need a rest this is just a test. (chorus). Cuz we're alright, we're up all night. To see the sun come up again now. Just one more time no reason why. To see the sun come up again. The more we try to change. The more we stay the same. We're caught up in the game and now. It's like empty picture frames. So now we're to blame. Said we were gettin down, on Genesee and Fountain. Smoke another mountain out. If you aint gettin down, then you'll come around. Yeah yeah yeah. And were alright, we're up all night. To see the sun come up again now. Just one more time, no reason why. To see the sun come up again. So lets smoke some cigarettes. And catch up on the back porch. Fire up another roach. And we don't need a rest, it's just a test. And as the world spins we'll watch it with a grin. And look in as the day begins. Well now it's on again, it's dawn again. Yeah! Yeah! And we're alright. We're up all night. To see the sun come up again now. Just one more time, no reason why. To see the sun come up again. Yeah we're alright, we're alright. We're alright, up all night. Yeah we're alright, we're alright. To see the sun come up again now! 
15157ecc-0e75-4d0f-8a30-0f4d3b578b1e;So denied, so I lied. Are you the now or never kind? In a day and a day love. I'm gonna be gone for good again. Are you willing to be had? Are you cool with just tonight? Here's a toast to all those. Who hear me all too well. Here's to the nights we felt alive. Here's to the tears you knew you'd cry. Here's to goodbye. Tomorrow's gonna come too soon. Put your name on the line. Along with place and time. Wanna stay not to go. I wanna ditch the logical. Here's a toast to all those. Who hear me all too well. Here's to the nights we felt alive. Here's to the tears you knew you'd cry. Here's to goodbye. Tomorrow's gonna come too soon. All my time is frozen motion. Can't I stay an hour or two or more? Don't let me let you go. Don't let me let you go. Here's a toast to all those. Who hear me all too well. Here's to the nights we felt alive. Here's to the tears you knew you'd cry. Here's to goodbye. Tomorrow's gonna come too soon, too soon. Here's to the nights we felt alive. Here's to the tears you knew you'd cry. Here's to goodbye. Tomorrow's gonna come too soon. 
1b1656e5-e183-468e-a29e-58a978460ec8;This is a call. a call to all. it goes out to those who've been bad. and I should know. cos I have been. maybe once a week on mondays. you should've seen. what I've seen. she doubles up and comes back sundays. and she will come. into your heart. it goes on and on and on. here it comes. here comes my. day in the sun. here it comes. here comes my time. in the sun. this is the day. this is the time. to stare at the world in wonder. we live a lie. you'll never find. never in a month of sundays. you should've seen. what I've seen. he doubles up and comes back mondays. and he will come. into your heart. it goes on and on and on. 
427da9ee-7a5f-46a4-9aad-a2fc3bd28e61;Common sense. Goes out the window like a cigarette. Well, i'll take the hit again. When all her friends. They talk about me in a past tense. Well, i'll take the hit again. She walks in in the middle of the night. Like we're good to go. All screwed up but it just feels right. And I don't wanna know where you go. Or how we went wrong. And when I think we can't go on. She comes and she comes. But when she goes she always takes away the best of me. She comes  And she comes. And when she's done I'm left with nothin' but the rest of me. Ignorance. My only explanation for this mess. I think about it when. We're on the fence. Between what is and what it should've been. Well, i'll take the hit again. Whatever she does. I always come undone. I always come undone. Whatever she does. I always come undone. 
3f40b264-b07a-4ed6-a52f-0d3b6c34cfef;NA
0bab9c8f-651b-4c66-948f-52263ec754ca;"Howdy, Lem" my grandpa said. With his eyes closed. Wiping the eastbound dust from his sunburned brow. A life before doubt. I smell the engine grease. And mints the wind is blending. Under the moan of rotting elm. In the silo floor. Down a hill of pine tree quills. We made our way. To the bottom and the ferns where the thick moss grows. Beside a stream. Under the rocks are snails. And we can fill our pockets. And let them go one by one all day. In a brand new place. You were no ordinary drain. On her defenses. She was no ordinary girl. Oh, inverted world. If every moment of our lives. Were cradled softly. In the hands of a strange and gentle child. I'd not roll my eyes so. 
377a88d3-ba5f-41dd-842d-fe4efc712533;We get some rules to follow. That and this, these and those. No one knows. We get these pills to swallow. How they stick in your throat. Tastes like gold. Oh, what you do to me. No one knows. And I realize you're mine. Indeed, a fool am I. And I realize you're mine. Indeed, a fool am I, I. I journey through the desert. Of the mind with no hope. I follow. I drift along the ocean. Dead lifeboats in the sun. And come undone. Pleasantly caving in. I come undone. And I realize you're mine. Indeed, a fool am I. And I realize you're mine. Indeed, a fool am I, I. Heaven smiles above me. What a gift here below. But no one knows. The gift that you give to me. No one knows. 
0379a612-7499-4d3d-be7f-4bb0712b277b;Ninety miles outside Chicago. Can't stop driving. I don't know why. So many questions. I need an answer. Two years later you're still on my mind. Whatever happened to Amelia Earhart. Who holds the stars up in the sky? Is true love just once in a lifetime? Did the captain of the Titanic cry? (high). Someday we'll know. If love can move a mountain. Someday we'll know. Why the sky is blue. Someday we'll know. Why I wasn't meant for you. Does anybody know the way to Atlantis? Or what the wind says when she cries? I'm speeding by the place that I met you. For the ninety-seventh time tonight. Someday we'll know. If love can move a mountain. Someday we'll know. Why the sky is blue. Someday we'll know. Why I wasn't meant for you. Yeah yeah yeah yeah. Someday we'll know. Why Samson loved Delilah. One day I'll go. Dancing on the moon. Someday you'll know. That I was the one for you. Oh, oooh, oh my love. I bought a ticket to the end of the rainbow. I watch the stars crash in the sea. If I could ask God just one question. Why aren't you here with me tonight? Someday we'll know. If love can move a mountain. Someday we'll know. Why the sky is blue. Someday we'll know. Why I wasn't meant for you. Yeah yeah yeah yeah. Someday we'll know. Why Samson loved Delilah. One day I'll go. Dancing on the moon. Someday you'll know. That I was the one for you. 
f0466bd1-c11a-4407-bf87-c79d7623800a;I've been dreaming. Of the things I've learnt about a boy. Who's bleeding, celebrate to elevate. The joy is not the same without the pain. Ooh. Ipso facto. Using up your oxygen, you know I'm shallow. Calling out for extra help. You've got to let me in or let me out. Ooh, something to talk about. Yeah, something to talk about. I've been dreaming. Of the things I've learnt about a boy. Who's leaving nothing else to chance again. You've got to let me in or let me out. Ooh, something to talk about. Yeah, something to talk about. 
927072d8-1a0c-4698-8588-70d7b8729074;Here I stand head in hand. Turn my face to the wall. If she's gone I can't go on. Feeling two foot small. Everywhere people stare. Each and every day. I can see them laugh at me. And I hear them say. Hey, you've got to hide your love away. Hey, you've got to hide your love away. How can I even try? I can never win. Hearing them, seeing them. In the state I'm in. How could she say to me. Love will find a way? Gather round, all you clowns. Let me hear you say. Hey, you've got to hide your love away. Hey, you've got to hide your love away. 
1295a3f0-c3e8-4076-b47b-799ba4d72f0c;You think I'd leave your side baby. You know me better than that. You think I'd leave you down when you're down on your knees. I wouldn't do that. I'll tell you you're right when you want. And if only you could see into me. Oh when you're cold, I'll be there. Hold you tight to me. When you're on the outside baby and you can't get in. I will show you, you're so much better than you know. When you're lost and you're alone and you cant get back again. I will find you darling and I will bring you home. And if you want to cry. I am here to dry your eyes. And in no time, you'll be fine. You think I'd leave your side baby. You know me better than that. You think id leave you down when you're down on your knees. I wouldn't do that. I'll tell you you're right when you want. And if only you could see into me. Oh when you're cold, I'll be there. Hold you tight to me. Oh when you're low. I'll be there by your side baby. Oh when you're cold, I'll be there. Hold you tight to me. Oh when you're low. I'll be there by your side baby. 
11948835-000f-4f66-80f1-90a25051e993;One day you'll see her and you'll know what I mean. Take her or leave her, she will still be the same. She'll not try to buy you with her time. Nothing's the same as you will see when she's gone. It's foreign on this side. And I'll not leave my home again. There's no place to hide. And I'm nothin' but scared. You dream of colors that have never been made. You imagine songs that have never been played. They will try to buy you and your mind. For only the curious have something to find. It's foreign on this side. And the truth is a bitter friend. Reasons, few have I. To go back again. Your first dawn blinded you, left you cursing the day. Entrance is crucial and it's not without pain. There's no path to follow once you're here. Climb up the slide and then you'll slide down the stairs. It's foreign on this side. But it feels like I'm home again. There's no place to hide. But I don't think I'm scared. (There's no place to hide). (There's no place to hide). But I don't think I'm scared. (There's no place to hide). But I don't think I'm scared. 
8bcae32f-4939-413b-8912-5a3f75bb4cca;Punctured bicycle on a hillside desolate. Will nature make a man of me yet? When in this charming car. This charming man. Why pamper life's complexity. When the leather runs smooth. On the passenger seat? I would go out tonight. But I haven't got a stitch to wear. This man said, "It's gruesome. That someone so handsome should care". A jumped-up pantry boy who never knew his place. He said, "Return the rings". He knows so much about these things. He knows so much about these things. I would go out tonight. But I haven't got a stitch to wear. This man said, "It's gruesome. That someone so handsome should care". Na-na-na-na-na-na-na. This charming man. Na-na-na-na-na-na-na. This charming man. Ah, a jumped-up pantry boy who never knew his place. He said, "Return the ring". He knows so much about these things. He knows so much about these things. He knows so much about these things. 
1291c316-5ab7-4fde-8134-274de7f5109b;He's a rebel and a runner. He's a signal turning green. He's a restless young romantic. Wants to run the big machine. He's got a problem with his poisons. But you know he'll find a cure. He's cleaning up his systems. To keep his nature pure. Learning to match the beat of the Old World man. Learning to catch the heat of the Third World man. He's got to make his own mistakes. And learn to mend the mess he makes. He's old enough to know what's right. But young enough not to choose it. He's noble enough to win the world. But weak enough to lose it. He's a New World man. He's a radio receiver. Tuned to factories and farms. He's a writer and arranger. And a young boy bearing arms. He's got a problem with his power. With weapons on patrol. He's got to walk a fine line. And keep his self-control. Trying to save the day for the Old World man. Trying to pave the way for the Third World man. He's not concerned with yesterday. He knows constant change is here today. He's noble enough to know what's right. But weak enough not to choose it. He's wise enough to win the world. But fool enough to lose it. He's a New World man. Learning to match the beat of the Old World man. He's learning to catch the heat of the Third World man. He's a New World man. He's a New World man. 
1f25ed7e-518b-421d-bd41-7538035fbc71;Have you found your way around the down and out?. I know it must seem long, so long. I'm still trying to keep this time from running out. Head down, always moving on and on and on. I never heard this warning. Another early morning takes me, wakes me into. If you could manage me. I'll try to manage you. But lately it's all I ever do. I felt like this on my way home. I'm not scared. I pass boats and the Kingdome. I'm not scared. I'll never tell you the secrets I'm holding. I know these things must bore you. I can't find another way. I'll never tell you the secrets I'm holding. I love this leash that holds me. When I try to run away. I felt like this on my way home. I'm not scared. I pass boats and the Kingdome. I'm not scared. I felt like this on my way home. I'm not scared. I pass boats and the Kingdome. I'm not scared. I felt like this on my way home. I'm not scared. I pass boats and the Kingdome. I'm not scared. I felt like this on my way home. I'm not scared. I pass boats and the Kingdome. I'm not scared. I felt like this on my way home. I'm not scared. I pass boats and the Kingdome. I'm not scared. I felt like this on my way home. I'm not scared. I pass boats and the Kingdome. I'm not scared. I felt like this on my way home. I'm not scared. I pass the boats and the Kingdome. I'm not scared. I felt like this on my way home. I'm not scared. I pass the boats and the Kingdome. I'm not scared. I felt like this on my way home. I'm not scared. I pass the boats and the Kingdome. I'm not scared. I'm not scared. I'm not scared. 
f939a8f6-cb01-44ff-b776-eea0e7e1b948;One way or another, I'm gonna find ya. I'm gonna get ya, get ya, get ya, get ya. One way or another, I'm gonna win ya. I'm gonna get ya, get ya, get ya, get ya. One way or another, I'm gonna see ya. I'm gonna meet ya, meet ya, meet ya, meet ya. One day, maybe next week. I'm gonna meet ya, I'm gonna meet ya, I'll meet ya. I will drive past your house. And if the lights are all down. I'll see who's around. One way or another, I'm gonna find ya. I'm gonna get ya, get ya, get ya, get ya. One way or another, I'm gonna win ya. I'll get ya, I'll get ya. One way or another, I'm gonna see ya. I'm gonna meet ya, meet ya, meet ya, meet ya. One day, maybe next week, I'm gonna meet ya. I'll meet ya, ahh. And if the lights are all out. I'll follow your bus downtown. See who's hangin' 'round. One way or another, I'm gonna lose ya. I'm gonna give you the slip. A slip of the hip or another. I'm gonna lose ya, I'm gonna trick ya, I'll trick ya. One way or another, I'm gonna lose ya. I'm gonna trick ya, trick ya, trick ya, trick ya. One way or another, I'm gonna lose ya. I'm gonna give you the slip. I walked down the mall. Stand over by the wall. Where I can see it all. Find out who ya call. Lead you to the supermarket checkouts. Some specials and rat food. Get lost in the crowd. One way or another, I'm gonna get ya. I'll get ya, I'll get ya, get ya, get ya, get ya. (Where I can see it all, find out who ya call). One way or another, I'm gonna get ya. I'll get ya, I'll get ya, get ya, get ya, get ya. (Where I can see it all, find out who ya call). One way or another, I'm gonna get ya. I'll get ya, I'll get ya, get ya, get ya, get ya. (Where I can see it all, find out who ya call). One way or another, I'm gonna get ya. I'll get ya, I'll get ya, get ya, get ya, get ya. (Where I can see it all, find out who ya call). One way or another, I'm gonna get ya. I'll get ya, I'll get ya, get ya, get ya, get ya. (Where I can see it all, find out who ya call). One way or another, I'm gonna get ya. I'll get ya, I'll get ya, get ya, get ya, get ya. (Where I can see it all, find out who ya call). One way or another. 
31c6d195-25ba-4df2-a2a3-f1b563f16c48;and it's strange. how we're wasting our lives. novocane. when the pain helps us rise. here we stay. though it's only a clever game. running from our lives. and we linger on. but if we try to lift up our eyes. replacing the lies. we own this moment. everything and everyone and in the end we all are one. the truth will not be denied. everything and everyone and in the end we all are one. the truth will not be denied. and it's strange. how we're selling our time and we wait. we are lost in a clever game. running from our lives. and they lead us on. but if we try to lift up our eyes. replacing the lies. we own this moment. everything and everyone and in the end we all are one. the truth will not be denied. everything and everyone and in the end we all are one. the truth will not be denied. everything and everyone and in the end we all are one. the truth will not be denied. everything and everyone and in the end we all are one. the truth will not be denied. 
017e87b8-0473-4a80-85d5-3b75ac8b4407;Yeah. Sing the song, bro. If the sun refused to shine. I don't mind, I don't mind (Yeah). If the mountains fell in the sea. Let it be, it ain't me (Alright). Got my own world to look through and uh. And I ain't gonna copy you. Yes, now if six turned out to be nine. I don't mind, I don't mind. If all the hippies cut off all their hair. I don't care, I don't care, dig. 'Cause I got my own world to live through and uh. And I ain't gonna copy you. White collared conservative flashing down the street. Pointing their plastic finger at me, huh. They're hoping soon my kind will drop and die. But I'm gonna wave my freak flag high, high, oh. Wave on, wave on. Fall mountains, just don't fall on me. Go ahead on, Mr. Businessman, you can't dress like me. Nobody know what I'm talking about. I got my own life to live. I'm the one that's going to die when it's time for me to die. So let me live my life the way I want to. There, sing on, brother. Play on, drummer. 
0545f409-0aaf-453f-b841-301ea35c34d3;NA
b6267e29-4b71-44d2-9174-8b861e151799;Ooh-WHEE!  I sure got the blues this morning, baby. Yeah! And I'm here to tell you about it. So you might as well pick up on it! Yeah! I'm a man. At least I'm tryin' to be. I've lived before. The other half of me. I've lived before. That you don't want me. But in this search. For nothing desperately. Oh, I'm tryin' tryin'. Not to be a fool. I'm tryin' tryin'. Lord to keep my cool, baby tryin' so hard to keep it together. After I find, baby. That true love of mine. I'm just rollin' screamin'. Cryin' flyin'. Can't be trusted, but busted. Rolling Stone. You're a woman. At least you say you are. You're a woman. At least you look like you are. You're a woman. At least you taste like you are. But you can take it off. In bed with my guitar. And then you leave them. Throw me outside. To cry, cry. To the moon and the nighttime. Save my soul,. You can't find. All you want is a ticket to ride. After you show me everything. It did prove otherwise. You just rollin', screamin', cryin' good love is sometime, but can't be trusted. Steppin' Stone. Steppin' Stone. Steppin' Stone. 
3cff245d-b171-4c99-89ec-c7120b9c2e9e;Down the street, you can hear her scream, "You're a disgrace". As she slams the door in his drunken face. And now he stands outside. And all the neighbors start to gossip and drool. He cries, "Oh girl, you must be mad. What happened to the sweet love you and me had?". Against the door he leans and starts a scene. And his tears fall and burn on the garden green. And so castles made of sand. Fall in the sea. Eventually. A little Indian brave who before he was ten. Played war games in the woods with his Indian friends. And he built a dream that when he grew up. He would be a fierce warrior Indian chief. Many moons passed 'fore the dream grew strong. Until tomorrow he would sing his first war song. And fight his first battle, but something went wrong. Suprise attack killed him in his sleep that night. And so castles made of sand. Melts into the sea. Eventually. There was a young girl whose heart was a frown. Because she was crippled for life, and she couldn't speak a sound. And she wished and prayed she could stop living. So she decided to die. She drove her wheelchair to the edge of the shore. And to her legs she smiled, "You won't hurt me no more". But then a sight she'd never seen made her jump and say. "Look, a golden winged ship is passing my way". And it really didn't ever stop. It just kept on going. And so castles made of sand. Slips into the sea. Eventually. 
3ab42e88-ab9e-47f2-94f1-c5f94a8d8a03;She's just a night bird flyin' through the night, fly on. She's just a night bird making a midnight, midnight flight, sail on, sail on. Well, she's flyin' down to me. But, 'til tomorrow, got to set her free. Set her free. So all we got, baby, is one precious night. All we got is one precious night. Throw your blues and shoes and things. And lay it down under the bed. Just wrap me up in your beautiful wings. Better hear what I say, yeah. Oh, carry me home. Please take me through your dreams. Inside your world, I want to be. Until tomorrow, no tears will be shed. Hold on 'til the sun gets out of bed. Hold on, hold on, baby. Fly on. Sail on, sail on, sail on. Sail on. Fly on, baby. 
71aa5077-9abd-42eb-bf20-5ab6a592758d;Doo, doo, do-loo-doo, doo, doo. Doo, doo, do-loo-doo, doo, doo. Doo, doo, do-loo-doo, doo, doo. Doo doo, doo doo, doo doo, doo doo, doo doo. You jump in front of my car when you, you know all time, that-ah. Ninety miles an hour, girl, is the speed I drive. You tell me it's alright, heh, you don't mind a little pain. You say you just want me to take you for a drive. You're just like. (Crosstown traffic) So hard to get through to you. (Crosstown traffic) I don't need to run over you. (Crosstown traffic) All you do is slow me down. And I'm trying to get on the other side of town. I'm not the only soul who's accused of hit and run. Tire tracks all across your back, I can, heh, I can see you had your fun. But uh, darlin', can't you see my signal's turned from green to red? And with you, I can see a traffic jam straight up ahead. You're just like. (Crosstown traffic) So hard to get through to you. (Crosstown traffic) I don't need to run over you. (Crosstown traffic) All you do is slow me down. And I got better things on the other side of town. Doo, doo, doo, doo, doo. Doo, doo, doo, doo. Doo, doo. Doo, doo, doo, doo. Yeah, yeah. (Crosstown traffic, yeah). Look out, look out. Look out, baby. Comin' through. (Crosstown traffic, yeah) Yeah, look out. (Crosstown traffic, yeah, look out). Look out, look out, baby. (Crosstown traffic, yeah, look out). What's that in the street? Move over, heh. (Crosstown traffic, yeah, look out). Yeah! 
77b9af83-a767-4c2b-8433-410eed3e6ba0;NA
66d9f49a-2a95-4f12-ac1d-f260cee30edc;Alright,. Now dig this, baby. You don't care for me. I don't-a care about that. You got a new fool, ha! I like to laugh at. I have only one a-burnin' desire. Let me stand next to your fire. (Let me stand next to your fire). Hey, let me stand next to your fire. (Let me stand next to your fire). Whoa, let me stand, baby. (Let me stand next to your fire). Let me stand. (Let me stand next to your fire). Yeah, baby. Listen here, baby. And stop acting so crazy. You say your mom ain't home, it ain't my concern. Just a-play with me, and you won't get burned. I have only one a-itchin' desire. Let me stand next to your fire. (Let me stand next to your fire). Yeah, let me stand, baby. (Let me stand next to your fire). Let me stand. (Let me stand next to your fire). Oh, let me stand. (Let me stand next to your fire). Ow! Oh! Move over, Rover. And let Jimi take over. Yeah, you know what I'm talkin' 'bout. Yeah, get on with it, baby. Ow! Yeah! That's what I'm talkin' 'bout. Now, dig this! Ha! Now listen, baby. You try to gimme your money. You better save it, babe. Save it for your rainy day. I have only one a-burnin' desire. Let me stand next to your fire, ha. (Let me stand next to your fire). Ow! A-let me stand. (Let me stand next to your fire). Oh! Let me stand, baby. (Let me stand next to your fire). I ain't gonna do you no harm. (Let me stand next to your fire). Ow! Yeah! You better move over, baby. I ain't gonna hurt you, baby. Oh, I ain't talkin' 'bout your old lady. Ow! Oh yeah, this is Jimi talkin' to you. Yeah, baby. 
a34b998f-6bd3-4f31-8a74-8244e36ac1c2;NA
bb703dfd-61fb-4819-916d-711df24458f6;Well. I'm up here in this womb. I'm looking all around. Well, I'm looking out my belly button window. And I see a whole lot of frowns. And I'm wondering if they don't want me around. What seems to be the fuzz out there? Just what seems to be the hang? 'Cause you know if ya just don't want me this time around,. yeah I'll be glad to go back to Spirit Land. And even take a longer rest,. before I'm coming down the chute again. Man, I sure remember the last time, baby. They were still hawkin' about me then. So if you don't want me now,. Make up your mind, where or when. If you don't want me now,. Give or take, you only got two hundred days. 'Cause I ain't coming down this way too much more again. You know they got pills for ills and thrills and even spills. But I think you're just a little too late. So I'm coming down into this world, daddy. Regardless of love and hate. And I'm gonna sit up in your bed, mama. And just a grin right in your face. And then I'm gonna eat up all your chocolates,. and say "I hope I'm not too late". So if there's any questions,. make up your mind. 'Cause you better give or take. Questions in your mind. Give it a take,. you only got two hundered days. Way up into this womb. looking all around. Sure's dark in here. And I'm looking out my belly button window. And I swear I see nothing but a lot of frowns. And I'm wondering if they want me around. 
f4680618-6522-4058-b04b-84c4b99846b0;I used to live in a room full of mirrors. All I could see was me. Then I take my spirit and I smash my mirrors. And now the whole world is here for me to see. Now I'm searching for my love to be, Hey! Yeah, yeah, yeah, yeah, yeah, yeah, yeah, yeah, yeah, yeah! All right. A broken glass was solvin' my brain. Cut and screamin' crowdin' in my head. A broken glass was loud in my brain. It used to fall on my dreams and cut me in my bed. It used to fall on my dreams and cut me in my bed. I say making love was strange in my bed. Yeah, yeah, yeah, yeah, yeah, yeah, yeah, yeah, yeah, yeah!. Hey, ooh. Yeah! Yeah! Yeah! Hey! 
c0ca30e0-c5b4-4e6a-a546-9acb9246e480;Hey Joe, where you goin' with that gun in your hand. Hey Joe, I said where you goin' with that gun in your hand. I'm going down to shoot my old lady. You know, I've caught her messin' around with another man. I'm going down to shoot my old lady. You know, I've caught her messin' around with another man. And that ain't too cool. Hey Joe, I've heard you shot your woman down,. Shot her down, now. I said I've heard you shot your old lady down,. You shot her down to the ground. Yes I did, I shot her. You know, I caught her messin' round, messin' round town. Yes I did, I shot her. You know, I caught my old lady messin' around town. And I gave her the gun. I shot her. Hey Joe, alright. Shoot her one more time, baby. Hey Joe, said now. Where you gonna run to now? Where you gonna run to? Hey Joe, I said where you gonna run to now? Where you, where you gonna go? Well, dig it. I'm goin' way down south,. Way down to Mexico way. Alright. I'm goin' way down south,. Way down where I can be free. Ain't no one gonna find me. Ain't no hangman gonna,. He ain't gonna put a rope around me. You better believe it right now. I gotta go now. Hey Joe, you better run on down. Goodbye everybody. Hey Joe, uhh. Run on down. 
b5f48aad-2ebb-41aa-a64d-607c805e757a;Angel came down from heaven yesterday. She stayed with me just long enough to rescue me. And she told me a story yesterday. About the sweet love between the moon and the deep blue sea. And then she spread her wings high over me. She said she's gonna come back tomorrow. And I said, "Fly on, my sweet angel. Fly on through the sky. Fly on, my sweet angel. Tomorrow I'm gonna be by your side". Sure enough, this morning came unto me. Silver wings silhouetted against the child's sunrise. And my angel, she said unto me. "Today is the day for you to rise. Take my hand, you're gonna be my man. You're gonna rise". And then she took me high over yonder. And I said, "Fly on, my sweet angel. Fly on through the sky. Fly on, my sweet angel. Forever I will be by your side". 
2460c80e-5c03-48cd-b298-55008adb6c06;NA
60daceee-bba2-4265-ae6a-f7ac3ee28e3b;You got my pride. Hanging outta my bed. You're messin' with my life. So I bought my lead. You even messin' with my children. And you're screamin' at my wife, baby. Get offa my back. If you wanna get outta here alive. (Freedom) Freedom, (Give it to me) that's what I want now. (Freedom) Freedom, (Give it to me) that's what I need now. (Freedom) Freedom, (Give it to me) to live. (Freedom) Freedom, (Give it to me) so I can give. You got my heart. Speak electric water. You got my soul. Screamin' and howlin'. You know you hook my girlfriend. You know the drugstore man. But I don't need it now. I was trying to slap it out of her hand. (Freedom) Freedom, (Give it to me) so I can live. (Freedom) Freedom, (Give it to me) so I can give. (Freedom) Freedom, (Give it to me) yeah. (Freedom) Freedom, (Give it to me) that's what I need. You don't have to say that you love me. If you don't mean it. You'd better believe. If you need me. Or you just wanna bleed me. You'd better stickin' your dagger in someone else. So I can leave. Set me free. Yeah. Right on, straight ahead. Stay up and straight ahead. Freedom. So I can live. Freedom, so I can give it. Freedom, so I can have it. Freedom. Keep on pushin', straight ahead. Keep on pushin', straight ahead. Keep on pushin', straight ahead. Keep on pushin', straight ahead. 
7d457af5-fb86-4bcc-811f-fb0935eb8c32;There goes Ezy. Ezy Ryder. Ridin' down the highway of desire. He says the free wind. takes him higher. Tryin' to find his heaven above. but he's dyin' to be loved, dyin' to be loved. He's tellin' me livin'. is so magic. Something is forever. so he claims. He's talkin' 'bout lyin'. it's so tragic baby. But don't you worry 'bout today. we got freedom comin' our way, freedom comin' our way. How long. do you. think he is gonna last. carryin' on outta gas. See all the others say. "do what you please". Gotta get the brothers together. and the right to be free. In a cloud of angel dust. I think I see me a freak. Hey motorcycle mama. you gonna marry me? Bridge:. I'll be stone crazy. love comin' in at you. Stone crazy baby. There goes Ezy. Ezy Ryder. Ridin' down the highway of desire. He says the free wind. takes him higher. Tryin' to find his heaven above. but he's dyin' to be loved, dyin' to be loved. 
5b956d3d-c31d-4a1e-8c56-8a4dd579b118;Drifting. On a sea of forgotten teardrops. On a lifeboat. Sailing for. Your love. Sailing home. Drifting. On a sea of old heartbreaks. On a lifeboat. Sailing for. Your love. Sailing home. 
7f223496-f744-4183-854c-fc85524b7aa8;Well, I stand up next to a mountain. And I chop it down with the edge of my hand. Yeah. Well, I stand up next to a mountain. And I chop it down with the edge of my hand. Well, I pick up all the pieces and make an Island. Might even raise a little sand. Yeah. Cause I'm a voodoo child. Lord knows I'm a voodoo child baby. You better listen when I say. I didn't mean to take up all your sweet time. I'll give it right back to ya one of these days. Ha ha ha. I said I didn't mean to take up all your sweet time. I'll give it right back one of these days. Oh yeah. If I don't meet you no more in this world then uh. I'll meet ya on the next one. And don't be late. Don't be late. Cause I'm a voodoo child voodoo child. Lord knows I'm a voodoo child. Hey hey hey. I'm a voodoo child baby. I don't take no for an answer. Question no. Yeah. 
5aa1da42-96f4-4702-9b0d-8eec14b9eebd;I'm coming out of my wishin well. Where only echoes lonely hear my prayers. I'm coming around to bending. Cause my resistance's been far too persistent. I've come too far to force it. so I'll watch it slide and land. I could come on strong and willful but. I'd rather watch it fall to the palm of my hand. And when I. set it free. like a feather. it will be. And when I rise. to see it done. like whatever. it will be. it will be. I'm taking a breather baby. From sitting on pins waiting for my sky to fall. I'm taking up giving in. So here's the wheel, I'm putting my feet up. Take another look at me baby. Today I'm taking on catastrophe. I'd rather take it easy. Than try to force what's on its way to me. And when I. set it free. like a feather. it will be. And when I rise. to see it done. like whatever. it will be. it will be. We're only afraid if we pull back the blinds too far. The light behind that we free will blind other stars. But the truth doesn't blind it helps to see far. So get ready to be. Who you are. 
765bff77-8eb4-43b0-a4f1-a660d74591fe;I am a woman with a mission and a past to outdo. I don't need a gun I've got a microphone and a melody or two. Just like the earth has spent a thousand years making up for what we do. So have I for you. Your seeds of misery have sprouted and they try to block my way. The worst gets the better of you and you try to disarm me with an embrace. Just like the heart that's spent a lifetime forgiving what is cruel. So have I for you. :/:Well mama you can choose the rain but I choose the sun:/:. :/:That's all I need to free myself:/:. I am a woman with a mission and a past to outdo. I don't need a gun I've got a microphone and a melody or two. Just like the earth has spent a thousand years making up for what we do. So have I for you. I have justified every wave in our ocean. I have covered every range of emotion. And just like the sea has spent eternity at the mercy of the moon. So have I for you. :/:Well mama you can choose the rain but I choose the sun:/:. :/:That's all I need to free myself:/:6. This bird's gonna fly so high. Watch my sky come undone. Mama you can choose the rain. But I choose the sun. 
11822159-a0c5-4021-ade0-29fd042a25e3;My face to the sky. Dreaming about just how high. I could go. and if I know. When I finally get there. Taking off my glasses. Sun pokes through my lashes. And somehow I know. There's a time for every star to shine. Everybody got their something. Make you smile like an itty bitty child. Everybody got their something. Everybody got their something. Hey hey. Hey hey hey hey hey hey. People keeping score. So ya better hurry up and get yours. Cause somebody else. Got your spot. Before you even dropped. Seek and you shall find. Everything in my own sweet time. I'll take my chances. With what I believe is only mine. Busy holding on. So the roof don't fly. Keep you from moving on. So get it right. Turn the tide over. Like a love song. Like a butterfly. Believe me if you hand it over. You'll come out. all right. Yeah. Everybody got their something. Make you smile, like an itty bitty child. Everybody got their something. Everybody got their something. Hey hey. Hey hey hey hey hey heey. Hey hey hey hey hey hey heeeeey. Uh huh. Uh huh. Illuminate the silly things. Shed some light on all that's wrong. Everybody need it. sometime. Sometimes the only thing you got is what makes. You. feel like you're something else. altogether. You have everything. You don't need another reason to be something. I've been on a ride. And caught up in the landslide. But I'm gonna spread my wings and fly. High high high high high high. High high high high high high high. Hoo hoo hoo hoo hoo hooo. Hoo hoo hoo hoo hoooohoo. Everybody got their something. Everybody got their something. Make you smile, like an itty bitty child. Everybody got their something. Everybody got their something. Hey hey. Hey hey hey hey hey hey. Everybody got their something. Everybody got their something. Make you smile, like an itty bitty child. Everybody got their something. Everybody got their something. Hey hey. Hey hey hey hey hey hey. Hey hey hey hey hey hey heeey. There's a time for every star. There's a time for every star. There's a time for every star. There's a time for every star. There's a time for every star. There's a time for every star. There's a time for every star. There's a time for every star. 
13b20fdf-2463-4541-a90c-fdedefb3ab2c;What. Let's go. Called you on the phone, said I'm coming through. Hope you're all alone 'cause I got plans for you. We could stay at home or dance and hang all night. As long as I'm with you, it doesn't matter what we do. Don't ask me where I've been. Or what I'm gonna do, just know that I'm here with you. Don't try to understand. Baby, there's no mystery 'cause you know how I am. I'm real, what you get is what you see. What you trying to do to me. You want to say you're mine. Be with me all the time. You're falling so in love. Say you just can't get enough. You're telling all your friends. You like the way I dress, the way I wear my hair. Show me off to all your friends and baby, I don't care. Just as long as you tell them who I am. Tell them I'm the one that made you give a damn. Don't ask me where I've been. Or what I'm gonna do, just know that I'm here with you. Don't try to understand. Baby, there's no mystery 'cause you know how I am. I'm real, what you get is what you see. What you trying to do to me. You want to say you're mine. Be with me all the time. You're falling so in love. Say you just can't get enough. You're telling all your friends. I'm real, what you get is what you see. What you trying to do to me. You want to say you're mine. Be with me all the time. You're falling so in love. Say you just can't get enough. You're telling all your friends. I'm real, what you get is what you see. What you trying to do to me. You want to say you're mine. Be with me all the time. You're falling so in love. Say you just can't get enough. You're telling all your friends. I'm real, what you get is what you see. What you trying to do to me. You want to say you're mine. Be with me all the time. You're falling so in love. Say you just can't get enough. You're telling all your friends. Don't ask me where I've been. Or what I'm gonna do just know that I'm here with you. Don't try to understand. Baby, there's no mystery 'cause you know how I am. I'm real, what you get is what you see. What you trying to do to me. You want to say you're mine. Be with me all the time. You're falling so in love. Say you just can't get enough. You're telling all your friends. I'm real, what you get is what you see. What you trying to do to me. You want to say you're mine. Be with me all the time. You're falling so in love. Say you just can't get enough. You're telling all your friends. I'm real, what you get is what you see. What you trying to do to me. You want to say you're mine. Be with me all the time. You're falling so in love. Say you just can't get enough. You're telling all your friends. 
152e2031-e69b-47bc-9c8b-416140c32cde;When I opened up my eyes today. Felt the sun shining on my face. It became so clear to me. That everything is going my way. I feel like there's no limit to what I can see. Got rid of fears that were holding me. My endless possibilities. Has the whole world opened for me. That's why I'm feeling. I'm feeling so good. I knew that I would. Been taking care of myself. Like I should, 'cause not one thing. Can bring me down. Nothing in this world's. Gonna turn me around. Now the day is turning into night. And everything is still going right. There's no way you can stop me this time. Or break this spirit of mine, oh no. Like the stars above I'm gonna shine. Anything I want will be mine. Tonight I'm gonna have a good time. Call a few friends of mine. 'Cause I'm loving life. And tonight's for feeling. I'm feeling so good. I knew that I would. Been taking care of myself. Like I should, 'cause not one thing. Can bring me down. Nothing in this world's. Gonna turn me around. I'm feeling so good. I knew that I would. Been taking care of myself. Like I should, 'cause not one thing. Can bring me down. Nothing in this world's. Gonna turn me around. When I opened up my eyes today. Felt the sun shining on my face. It became so clear to me. That everything is going my way. I feel like there's no limit to what I can see. Got rid of fears that were holding me. My endless possibilities. Has the whole world opened for me. That's why I'm feeling. I'm feeling so good. I knew that I would. Been taking care of myself. Like I should, 'cause not one thing. Can bring me down. Nothing in this world's. Gonna turn me around. I'm feeling so good. I knew that I would. Been taking care of myself. Like I should, 'cause not one thing. Can bring me down. Nothing in this world's. Gonna turn me around. I'm feelin' so. Party on tonight. Everything is feelin' right, DJ. Party on tonight. Everything is feelin' right. I'm feeling so good. I knew that I would. Been taking care of myself. Like I should, 'cause not one thing. Can bring me down. Nothing in this world's. Gonna turn me around. I'm feeling so good. I knew that I would. Been taking care of myself. Like I should, 'cause not one thing. Can bring me down. Nothing in this world's. Gonna turn me around. I'm feeling so good. I knew that I would. Been taking care of myself. Like I should, 'cause not one thing. Can bring me down. Nothing in this world's. Gonna turn me around. I'm feeling so good. I knew that I would. Been taking care of myself. Like I should, 'cause not one thing. Can bring me down. Nothing in this world's. Gonna turn me around. 
8135d955-35e7-4c07-83b9-6119ae8a3406;I could wait all night and day. To go to a party sit down and wait. Give my request to the DJ 'cause my song he's gotta play. And when I hear that beat I get my body up out my seat. I grab a guy and move my feet. He's playin' my song. Play, come on, play that song. Play it all night long. Just turn it up and turn me on. Play, come on DJ play that song you know that it turns me on. DJ just play that song. Just turn it up and turn me on. DJ just play that song, 'cause I wanna be dancin' all night long. Won't ya play my, play my, play my, play my, play my favorite song. I don't care if everybody's gone turn it up 'cause it turns me on. Keep dancin' all night long, feels so right that it can't be wrong. I get chills up and down my spine whenever I hear that song of mine. When it stops better press rewind. Play that shit again. Let me hear it one more time. Play, come on, play that song. Play it all night long. Just turn it up and turn me on. Play, come on DJ play that song you know that it turns me on. DJ just play that song. 'Cause I wanna be dancin' all night long. Play, come on, play that song. Play it all night long. Just turn it up and turn me on. For me? Play, come on DJ play that song. You know that it turns me on. DJ just play that song. 'Cause I wanna be dancin' all night long. I just wanna dance. Is that a crime? Alright then. Yeah that's the hotness right here. Play, play, play, play. Now Mr. DJ I've asked you three times. Play my muthafuckin' song! Play, come on, play that song. Play it all night long. DJ just play that song. Just turn it up and turn me on. Play, come on DJ play that song you know that it turns me on. DJ just play that song. 'Cause I wanna be dancin' all night long. Play, come on, play that song. Play it all night long. Just turn it up and turn me on. Play, come on DJ play that song you know that it turns me on. DJ just play that song. 'Cause I wanna be dancin' all night long. Play, come on, play that song. Play it all night long. Just turn it up and turn me on. Play, come on DJ play that song you know that it turns me on. DJ just play that song. Just turn it up and turn me on. 
2a5fa032-8ec1-4292-8f26-6b5aa4c4a954;Well it's 3 am I'm out here riding again. Through the wicked, winding streets of my world. I make a wrong turn, break it. Now i'm too far gone. I've got a siren on my tail. And that ain't the fine I'm lookin for. I see a stairway so I follow it down. Into the belly of a whale where my secrets echo all around. You know me now, but to do better than that. You got to follow me. Boy I'm trying to show you where I'm at. Hey pretty, don't you wanna take a ride with me. Through my world. Hey pretty, don't you wanna kick and slide. Through my world. Well I got a mind full of wicked designs. I got a non-stop hole in my head-imagination. I'm in a building that has 2000 floors. And when they all fall down. I think you know it's you they're fallin for. I can't forget I am my sole architect. I built the shadows here. I built the growlin voice I fear. You add it up, but to do better than that. You got to follow me. Boy I'm trying to show you where i'm at. Hey pretty, don't you wanna take a ride with me. Through my world. Hey pretty, don't you wanna kick and slide. Through my world. Hey pretty, my  pretty baby. Rock it through my world. Hey pretty, my pretty baby. Rock it through my world. Hey now can't you feel me longing. (do you get the gist of this song now). Hey now can't you feel me. Feel me. Hey pretty, hey pretty, hey pretty baby. Don't you wanna take a ride with me. Don't you wanna take a ride with me. My baby. Don't you wanna take a ride with me. My pretty baby. My baby. Don't you wanna. Rock it through my world. Don't you wanna take a ride with me. My baby. Don't you wanna. My baby. Don't you wanna take a ride with me. 
64a67036-fdb6-410c-96c1-ab4f48da3e06;Don't, you mess,. With a little girl's dream. 'Cause she's liable to grow up,. Mean. Surprise you to find that I'm laughing? You thought that you'd find me in tears. You thought I'd be crawling,. The walls like a tiny mosquito,. And trembling in fear. Well, you may be king for the moment,. But I am a queen understand,. And I've got your pawns and your bishops and,. Castles,. All inside the palm of my hand. While you were looking the other way,. While you had your eyes closed. While you were licking your lips,. 'Cause I was miserable. While you were selling your soul. While you were tearing a hole,. In me. I was taking control. Now I have taken control. (I have. control. ). Now I have taken control. (I have. control. ). Now I have taken control. Control. This is beginning to feel good,. Watching you squirm in your shoes,. A small bead of sweat on your brow,. And a growl in your belly,. You're scared to let through. You thought you could keep me from loving,. You thought you could feed on my soul. But while you were busy destroying my life,. What was half in me has become whole. While you were looking the other way. While you had your eyes closed. While you were licking your lips,. 'Cause I was miserable. While you were selling your soul. While you were tearing a hole,. In me. I was taking control. Now I have taken control. (I have. control. ). Now I have taken control. (I have. control. ). Now I have taken control. Control. So this is how it feels,. To breathe in the summer air. To feel the sand between my toes,. And love inside my ear. All those things, you taught me to fear,. I've got them in my garden now and,. You're not welcome here. Come here. Come a little bit closer. Let me look at you. I gave you the benefit of the doubt it's true,. But keep in mind my darling,. Not every saint is a fool! (Don't). While you were looking the other way, (you mess). While you had your eyes closed. (with me). While you were licking your lips,. 'Cause I was miserable. (Don't). While you were selling your soul (you mess). While you were tearing a hole,. In me. (I was taking control). Now I have taken control. (I was taking control). Now I have taken control. (control). Control. . (Control). Control. Don't you mess with me. This cannot be all that there is to life,. Because, in our confrontation, with,. An enormous and cold, universe. There is something comical, to the idea. That we can really enforce our will, on humanity. Power, corrupts. It's your world, do with it what you want! No, that's not the way to do it. Power. That's not the way to do it. Paradox. No. It's your world. No. It's your world. No. It's your world. NO! Control it! Control it! (This is scaring me. I live at the end of a 5 and 1/2 minute hallway. I live at the end of a 5 and 1/2 minute hallway). At the end of it all lies of course the final phenomenon of deterioration. Entropy. Which is a predictable deterioration when the creative energy ceases. 
17d1fa38-8c25-46e1-890d-97b9a881f4d0;My mother spent 10 years sitting by a window. Scared if she spoke she would die of a heart attack. She listened as her dreams silently screamed. They drowned like little dolphins caught in a fishnet. Dear world i'm pleased to meet you. Hey everybody when you walk the walk. You gotta back it all up you gotta talk the talk. Hey everybody when I hear the knock. Don't wanna measure out my life to the tick of a clock. Hey everybody when my daddy died. He had a sad sad story written in his eyes. Hey everybody when you walk the walk. You cannot measure out your life to the tick of a clock. I wanna walk to the beat of my own drum. I wanna walk to the beat of my own drum. I wanna walk to the beat of my own drum. I wanna walk to the beat of my own drum. Hey everybody. When you walk the walk you gotta back it all up. But can you talk the talk. Hey everybody when I hear the knock. Don't want to measure out my life to the tick of a clock. Hey every Hey everbody. I wanna walk to the beat of my own drums. (Say what?). I wanna walk to the beat of my own drums. (Say what?). I wanna walk to the beat of my own drums. (Say what?). I wanna walk to the beat of my own drums. (Say what?). I wanna walk to the beat of my own drum. I wanna live to the beat of my own drum. I wanna laugh to the beat of my own drum. I wanna hang ten, high, say pleased to meet you. Take to the beat of my own drum. Give to the beat of my own drum. I wanna sing to the beat of my own drum. I wanna fly, (cry), win, (lose), live, (die), take five. Pleased to meet you. My daddy spent 10 years living on the outside looking in. He thought that he would never get back (hey get back). Watched his dream walk across a silver screen. And he was standing there when the theatre went pitch black. Dear world I'm pleased to meet you. Hey everybody when I walk the walk. I gotta back it all up but can i talk the talk. Hey everybody when I hear the knock. Don't wanna measure out my life to the tick of a clock. Hey everybody (4x) --can you walk the walk? I wanna walk to the beat of my own drums. (Say what?). I wanna walk to the beat of my own drums. (Say what?). I wanna walk to the beat of my own drums. (Say what?). I wanna walk to the beat of my own drums. (Say what?). I wanna live (play) to the beat of my own drum. I wanna laugh (sing) to the beat of my own drum. I wanna play (pray) to the beat of my own drum. I wanna hang ten, high, say pleased to meet you. I wanna screw up to the beat of my own drum. I wanna take it out of town and do it to my drum. Scream (shout) Wipe (out), win (loose), wipe (out). Slumped down on the street making love to my baby. Make love to my baby. Father: It's a wonderful idea, but it doesn't work. My own drum my own beat. Hey did you ever get the feeling that it's really a joke. You think you've got it figured out and then you find that you don't. So you say goodbye to the world and now you're floating in space. You got no sense of nothing not even a time or a place. Then suddenly you hear it it's the beat of your heart. And for the first time in your life you know your life is about to start. I wanna walk to the beat of my own drum. Daughter:. There's someone knocking in the wall, was it an echo? ba da pa pa. 
04294965-136c-4fb1-a93c-d3f8d6fc67a2;NA
04f89f9f-982d-4a6f-b41b-157cc977cb63;NA
20bf8ce2-2e2c-48f4-ba81-4a1b24cf8fae;NA
2ab89025-c9c6-4db4-aab2-745d18dd3d59;Take this pink ribbon off my eyes. I'm exposed and it's no big surprise. Don't you think I know exactly where I stand? This world is forcing me to hold your hand. 'Cause I'm just a girl, oh little old me. Oh, don't let me out of your sight. I'm just a girl, all pretty and petite. So don't let me have any rights. Oh, I've had it up to here! The moment that I step outside. So many reasons for me to run and hide. I can't do the little things I hold so dear. 'Cause it's all those little things that I fear. 'Cause I'm just a girl, I'd rather not be. 'Cause they won't let me drive late at night. Oh, I'm just a girl, guess I'm some kind of freak. 'Cause they all sit and stare with their eyes. Oh, I'm just a girl, take a good look at me. Just your typical prototype. Oh, I've had it up to here! Oh, am I making myself clear? I'm just a girl. I'm just a girl in the world. That's all that you'll let me be. Oh, I'm just a girl, living in captivity. Your rule of thumb makes me worry some. Oh, I'm just a girl, what's my destiny?. What I've succumbed to is making me numb. Oh, I'm just a girl, my apologies. What I've become is so burdensome. Oh, I'm just a girl, lucky me. Tweedle-dum, there's no comparison. Oh, I've had it up to. Oh, I've had it up to. Oh, I've had it up to here! 
227e034a-c0fd-4892-bc5e-5cd99b1c965b;For a long time I was in love. Not only in love, I was obsessed. With a friendship that no one else could touch. It didn't work out, I'm covered in shells. And all I wanted was the simple things. A simple kind of life. And all I needed was a simple man. So I could be a wife. I'm so ashamed, I've been so mean. I don't know how it got to this point. I always was the one with all the love. You came along, I'm hunting you down. Like a sick domestic abuser looking for a fight. And all I wanted was the simple things. A simple kind of life. If we met tomorrow for the very first time. Would it start all over again? Would I try to make you mine?. I always thought I'd be a mom. Sometimes I wish for a mistake. The longer that I wait the more selfish that I get. You seem like you'd be a good dad. Now all those simple things are simply too complicated for my life. How'd I get so faithful to my freedom? A selfish kind of life. When all I ever wanted was the simple things. A simple kind of life. 
e904ad56-2ff1-4c85-8510-4946c878f58f;Since you've been gone. Since you've been unglued. It's hard to figure out. You're next move. One minute here. The next you're gone. Let's make an end. To this sad, sad song. For you it's hard to take. 'Cause the pill has an awful taste. Just open up and swallow down. Once it hits bottom. Things may turn around. Unfortunately this is the case. You've got to catch up. And win the race. Straighten yourself out. You can do it, you're gonna do it. Jumpin' through it, yeah, yeah! Every thing you say. Has been taken wrong. And let's just say. It's a sad sad song. They can't understand. That you mean to do good. I guess you could say. You're misunderstood. I know you're meaning well. But you're been shot to hell. Just come back and join us now. 'Cause I know that you know how. Unfortunately this is the case. You've got to catch up. And win the race. Oh, straighten yourself out. You can do it, you're gonna do it. Jumpin' through it, yeah, yeah, yeah, yeah. I know it seems. They're messing with your mind. But you don't have to go. Forward blind. So let the bygones be bygone. And let's make an end. To this sad, sad song. Unfortunately this is the case. You've got to catch up. And win the race. Straighten yourself out. You can do it, you're gonna do it. Jumpin' through it, You're gonna do it. You can do it, you're gonna do it. Jumpin' through it, You're gonna do it. You can do it, You're gonna do it. You can do it, You're gonna do it. You can do it, There's nothin' to it. You can do it, You're gonna do it. You can do it. You can do it. You can do it. You can do it. You can do it. You can do it. 
5f2a03a4-da33-4493-990e-a6fc5f4fc292;It's gettin' so lonely inside this bed. Don't know if I should lick my wounds. Or say woe is me instead. There's an achin' inside my head. It's tellin' me I'm better off alone. But after midnight morning will come. And the day will see. If you will get some. They say that girl you know she act too tough, tough, tough. Well it's till I turn off the light, turn off the light. They say that girl you know she act so rough, rough, rough. Well it's till I turn off the light, turn off the light. And I say follow me, follow me, follow me down, down, down, down. 'Til you see all my dreams. Not everything in this magical world is quite what it seems. I looked above the other day. Cuz I think I am good and ready for a change. I live my life by the moon. If it's high play it low, if it's harvest go slow and if it's full, then go. But after midnight morning will come. And the day will see. Yeah, if you're gonna get some. They say that girl you know she act too tough tough tough. Well it's till I turn off the light, turn off the light. They say that girl you know she act so rough rough rough. Well it's till I turn off the light, turn off the light. And I say follow me, follow me, follow me down, down, down, down. 'Til you see all my dreams. Not everything in this magical world is quite what it seems. I'm searching for things that I just cannot see. Why don't you, don't you, don't you, come and be with me. I pretend to be cool with me, wanna belive. I can do it on my own without my heart on my sleeve. I'm running, I'm running, catch up with me life. Where is the love that I'm lookin' to find. It's all in me, can't you see, why can't you, why can't you see. It's all in me, yeah. Turn off the light, turn off the light. Turn off the light, turn off the light. And I say follow me, follow me, follow me down, down, down, down. Till' you see all my dreams. Not everything in this magical world is quite what it seems. Turn off the light, turn off the light. Turn off the light, turn off the light. And I say follow me, follow me, follow me down, down, down, down. Till' you see all my dreams. Not everything in this magical world is quite what it seems. All in me, yeah. Where is your logic. Who do you need. Where can you turn in your delicate time of need. Follow me, follow me down, down, down, down. I do not need I do not need nobody. Follow me down, follow me down, down, down. I do not need I do not need nobody. Follow me, follow me, follow me down, down, down, down. See all my dreams, see all my dreams. Follow me, follow me, follow me down, down, down, down. See all my dreams, see all my dreams. Where is your logic. Who do you need. Where can turn. 
21b2d31b-acd8-4915-a72b-49104291a0bb;I left my heart in San Francisco with some club kids. On a crowded street somewhere. The sky was red and he said,. "Would you like to come be a part of my North American Dream?". I could try to chase life down. Down the street and I'd find. The separation of fact and. Fiction. I'm tryin' a find a way. I'm tryin' a find a right. And if I budge I just might. I'm tryin' a find a way. I'm tryin' a find a right. And if I budge I just might. I left my conscience somewhere with my rhythm. I heard about it from the mouth of a man. He was hopping some trains and combing the land. Looking for a lover planted in the east. Trying to run from the dreaded fist beast. And it lies, it lies. In the picket fence call. It was my own paradise with. My own private corridor. I'm tryin' a find a way. I'm tryin' a find a right. And if I budge I just might. I'm tryin' a find a way. I'm tryin' a find a right. And if I budge I just might. So I'm dancing to a new beat and it came to me in bed. My veins became a strain of light that I let to flow instead. And a wish came to me like Peter Pan at my window and said. "Evolve your destiny child and you'll never walk alone, no. You'll never walk alone," but. Travel to the land of surrender. Till' you can't cry no more. Till you can't, till you can't. And you'll never walk alone. All this inspiration is passing me by. All I can do is chill when I really wanna fly. And this pollution do nothing but dirty up my mind. Faster than forever in the blink of an eye. To see past my lethargy is hard I feign. The beauty of my youth is gone. But the chemicals remain. I'm tryin' a find a way. I'm tryin' a find a right. And if I budge I just might. I'm tryin' a find a way. I'm tryin' a find a right. And if I budge I just might. I'm tryin' a find a way. I'm tryin' a find a right. And if I budge I just might. I travel to this land of surrender but I see it's all over me, over and over. again. and I try and I try and I try. an angel on my left side and a devil. on my right. and they fight and they fight and they fight. they're fighting,. they're fighting, they're fighting for my attention. hello? You have my. attention. Do I have your attention. Can I have your attention. please? please, you've made such such an impression on me. 
6cdfa1bf-0e7c-496c-9747-984bb1b09c33;NA
13b4d269-4192-41e6-ba1f-e17853bb047c;NA
375e902a-9c97-4854-98fb-a61cc1279a31;NA
14068e4d-d79f-41c0-b63a-413b19015246;NA
3c29d086-efe4-4efd-ad0b-0387228ae93c;I came I saw I kicked some ass. The pain I cause it makes me laugh. 'Cause the way I do my thing is strange. I just inject myself into your veins, yeah. Can't run can't hide. There's no way out. The sun will rise and it's about. Time for the wreckoning. Time time for this girl to sing. Damn if I thought that you would change. And my life would stay the same. When you don't even care about me. You know, you don't give a damn. Well things will come and things will go. And one thing I know for sure is that. You don't give a shit about me. And so I'm walking out the door. (oh yeah). Can't move can't breathe it's gettin dark. The beast has come to steal your heart. So you better practice your scream. Well you may not live your dreams. Things will come and things will go. And one thing I know for sure is that. You don't give a shit about me. And so I'm walking out the door. The wreckoning. The wreckoning. The wreckoning. Oh, it's time. The wreckoning. The wreckoning. The wreckoning. Oh, it's time. Damn if I thought that you would change. And my life would stay the same. When you don't even care about me. You know, you don't give a damn. Things will come and things will go. And one thing I know for sure is that. You don't give a shit about me. And so I'm walking out the door. The wreckoning. The wreckoning. The wreckoning. Oh, it's time. The wreckoning. The wreckoning. The wreckoning. Ya don't give a damn. And I'm running from my problems. I got my funny face painted on. And then I'll think of what you said to me. And then I'll think of what you did to me. I'll think of you and probably laugh. And then I'll think of you and probably laugh. And then I'll think of you and probably laugh. You're the one I'm running from. Damn if I thought that you would change. And my life would stay the same. When you don't even care about me. Ah no, you don't give a damn. Well things will come and things will go. And one thing I know for sure is that. You don't give a shit about me. And so I'm walking out the door. The wreckoning. The wreckoning. The wreckoning. Oh, it's time. The wreckoning. The wreckoning. The wreckoning. Oh, it's time. The wreckoning. The wreckoning. The wreckoning. Ya don't give a damn. The wreckoning. The wreckoning. The wreckoning. I'm walking out the door. 
550852f3-8e45-4daa-83c5-84a698103bca;Lately I'm thinking. You've been such a good friend. Always listening. To my heart. And my head last at night. We've been frustrated. I know. You've been so patient. Now I admit it. I feel a synergy. I'm ready for your love. Yeah I am ready. I'm ready for your love. Ready for your love. Lately I'm feeling. Like a little girl. Day dreaming of being safe in your arms. Don't be scared, I'm scared too. But that's the best part. That's the best part of love. When its brand new. I'm ready for your love. Yeah I am ready. I'm ready for your love. Ready for your love. I hope its not too late. I didn't mean to make you wait for so long. Try to understand. I don't need an upper hand. I just need to know that's it's for real. Is it real? Feels so real, so real, so real. I'm ready for your love. Here I am. I'm ready for your love. I'm finally ready. I'm ready for your love. I'm all put together for you. I'm ready for your love. I want to share my love with you. I'm ready for your love. 
4fe57bdf-3c88-4140-9f0f-1a0d1023f1e3;NA
507f2f66-6f6c-4eb8-b129-daef9366c63c;The colors have built up in my mind. They're bleeding through my heart. But nobody knows that they exist. Look at my bursting veins. Now do you see the red in me. It's a sign for the end. Only the ends of the red. Will show you my blueside. Only the ends of the red. Will show you my blueside. I've been given my brush and plate. Where will I paint my life. And will the buyer in the sky. Believe in what I dream. And it's so hard for me to explain. What I will miss to myself. Only the ends of the red. Will show you my blueside. Only the ends of the red. Only the ends of the red. Will show you my blueside. Only the ends of the red. Will show you my blueside. Only the ends of the red. Will show you my blueside. Only the ends of the red. Will show you my blueside. 
0638c8f2-3687-4555-9355-8e16c7ab13d6;I'll be seeing you tomorrow. I'll be seeing you again. God knows we've said so little. I'd go so far as to call you a friend. But there's something in your ways. That keeps me vying for a connection. And I know you feel the same. It's become a two-way addiction. Come on and give me your heart. Write it on the back of my hand. And say it's forever. Well we never really said goodbye. Kinda left it in the air. And as the train pulled off I knew you loved her more. Oh no no no no. I'm not afraid to lose. Oh no no no no. Just give me some time and I'll walk to a different groove. Go on and give her your heart. Write it on the back of her hand. And say it's forever. Go on and give her your heart. Write it on the back of her hand. And say it's forever. That's alright, that's ok, the thoughts of you are leaving. That's alright, that's ok, the thoughts of you are leaving. Anyway, are fading anyway. Come on and give her your heart. Write it on the back of her hand. And say it's forever. Come on and give me your heart. Come on and give me your heart. Come on and give me your heart. 
e196466b-c17a-4542-a260-a47618b9c667;I was so high I did not recognize. The fire burning in her eyes. The chaos that controlled my mind. Whispered goodbye as she got on a plane. Never to return again. But always in my heart. Oh, this love has taken its toll on me. She said goodbye too many times before. And her heart is breakin' in front of me. And I have no choice, 'cause I won't say goodbye anymore. Whoa, whoa, whoa. I tried my best to feed her appetite. Keep her coming every night. So hard to keep her satisfied. Oh, kept playing love like it was just a game. Pretending to feel the same. Then turn around and leave again. But uh-oh, this love has taken its toll on me. She said goodbye too many times before. And her heart is breakin' in front of me. And I have no choice, 'cause I won't say goodbye anymore. Whoa, whoa, whoa. I'll fix these broken things. Repair your broken wings. And make sure everything's all right (It's all right, it's all right). My pressure on your hips. I'm sinking my fingertips. Into every inch of you. 'Cause I know that's what you want me to do. This love has taken its toll on me. She said goodbye too many times before. Her heart is breakin' in front of me. And I have no choice, 'cause I won't say goodbye anymore. This love has taken its toll on me. She said goodbye too many times before. And my heart is breakin' in front of me. She said goodbye too many times before. This love has taken its toll on me. She said goodbye too many times before. Her heart is breakin' in front of me. But I have no choice, 'cause I won't say goodbye anymore. 
2c17c930-3f04-42cb-846b-f0f99fc96e23;I'm not asking for perfection, I only ask that you try. 'Cause you keep looking for answers outside yourself. When you've had them the whole time. It's time to see yourself as holy. Time to see yourself complete. It's time to set aside the anger. And the spirit of defeat. Come into the light. Yeah, be the one you're born to be. Into the light. Wake up from your lonely sleep. The shadows can conceal. What the heart longs to heal. Come into the light, yeah. I think it's great that you're searching. Seek and you shall find. Knock and the door shall be opened. To the windows of your mind. Try not to be too impatient. Go easy on yourself. 'Cause you got me in your corner. If you need a little help. Come into the light. Yeah, be the one you're born to be. Into the light, oh yeah. Wake up from your lonely sleep. The shadows can conceal. What the heart wants to heal. Come into the light, come into the light. Oh yeah, oh yeah. Come into the light. Yeah, be the one you're born to be. Into the light, oh yeah. Wake up from your lonely sleep. Into the light. Be the one you're born to be. Into the light, oh yeah. Wake up from your lonely sleep. Into the light. Yeah, be the one you're born to be. Into the light, oh yeah. You got to wake up from your lonely sleep. And be the one you're born to be. Be the one you're born to be. Be the one you're born, born to be. 
df893edb-705a-479f-898c-1a54942e2924;NA
1fa36045-20a2-4941-af40-b881bb3aed00;Nothin like walkin down Avenue A. But it's not like any other day. 'Cause i feel you more than ever now. Throwin me off somehow. Nothin' like a girl with an attitude. But take it all away she don't know what to do. Now i got you in my fantasy. Over & over humblingme. You got a way/ Of finding me. Do the math/ It's meant to be. But how can this be good for me. If you never know where or when. I got. [CHORUS]. Blindsided. So used to seeing things my own way. And I liked it. But that just don't mean anything. Now I'm blindsided. you rocked my world i never saw it coming. Got nowhere to hide. And it's not fair. Well here's that other side of me. Where I sneak into your room & watch u sleep. And you bring out the high school in me. I can't pay attention. Give me detention. Living in the moment just kills the time. I wanna find u & make you mine. My heart's a boombox beating all over town. It goes bum bum bum. You got a way/ of finding me. Add it up/ can't you see. If this is your way of getting through to me. Your tripping me up again. [CHORUS]. [BRIDGE]. I don't know what's come over me. 'Cause I feel so differently. You got a way/of finding me. Do the math/it's meant to be. If this is your way of getting through to me. Well your tripping me up again. [CHORUS]. Blindsided. So used to seeing things my own way. And I liked it. But that just don't mean anything. Now I'm blindsided. You rock my world I never saw it coming. Got nowhere to hide. There's no point in askin why. 'Cause baby ur makin me high. Blindsided. You rocked my world i never saw it coming. Got nowhere to hide. And I like it. 'Cause baby. 
d99c2085-fdec-4eb4-9195-83412158a01d;I'm dressed all in blue. and I'm rememberin you. and the dress you wore,. When you broke my heart. I'm depressed upstairs. and I'm rememberin where. and when and how and why. You have to go so far. Am I gonna be lonely for the rest of my life. Am I gonna be lonely for the rest of my life. I'm gonna be lonely for the rest of my life. Unless you come around. So come around. I'm dressed all in white. and i remember the night. You came onto me. and opened up my heart. I was hollow then, till you filled me in. Now I'm empty again. I should have never let it start. Am I gonna be lonely for the rest of my life. Am I gonna be lonely for the rest of my life. I'm gonna be lonely for the rest of my life. Unless you come around. So come around. No one else can fix me. Although sometimes my heart tricks me. Into thinkin someone else will do. You are the only one, you are the only one. Am I gonna be lonely for the rest of my life. Am I gonna be lonely for the rest of my life. I'm gonna be lonely for the rest of my life. Unless you come around, So come around. So come around. So come around. I'm dressed all in blue. and I'm rememberin you. and the dress you wore,. When you broke my heart. 
9fd22cb0-a1ed-44ff-9209-89ac791aeee9;Feelin lost - in familiar places. Havin fallen from a few good graces. So many sandy years. Dusted and wasted. How from there did i get here. I wanna be east of anywhere. (take me) out of the everywhere. Into the here. Sublime to ride. Reside. Up high. In wide-open big sky country. Sweet space to satisfy me. Alone on the frontline of life. With no foundation. Return to my train of tought. But i miss the station. Wake up every morning. Heading for yesterday. How do I make all my troubles go far away. I wanna be east of anywhere. (take me) out of the everywhere. Into the here. Sublime to ride. Reside. Up high. In wide-open big sky country. Sweet space to satisfy me. It was easier for me to see. Without looking too far. (But) the more that it changes. The more it stays the same. Plus ca change. plus c'est la meme chose. And so it goes. Nobody knows. Why we're here. I wanna be east of anywhere. (take me) out of the everywhere. Into the here. Sublime to ride. Reside. Up high. In wide-open big sky country. Sweet space to elevate me. Sweet space to satisfy me. Sweet space to be when I've become. Sweet fate only knows when. I will be done. Into the here. Into the here. I wanna go. 
05a195a1-3316-4c00-b5b4-f74e8c6a1be8;1:45 and I feel barely alive. I think of you in these times. Soundcheck handstands in an icicle land. Carbon monoxide hymns in your hands. Young rebel with your head in the sky. You're never coming down, you're never gonna die. Young rebel with your head in the sky. You're never coming down, you're never gonna die. And then you trace your face with some late-summer grace. Gun down all the suits in this place. If the sun comes back like a sniper in black. You know how to medicate the sadness attack. Young rebel with your head in the sky. You're never coming down, you're never gonna die. Young rebel with your head in the sky. You're never coming down, you're never gonna die. Turning the page with your mischief and rage. Silent like a spy backstage. Forget the cocaine and wine because you're much smarter live. I think of you just to save me some time. Young rebel with your head in the sky. You're never coming down, you're never gonna die. Young rebel with your head in the sky. You're never coming down, you're never gonna die. Young rebel with your head in the sky. You're never coming down you're never gonna die. (Sing till the end of the world comes by, give us all a number while we're wondering why). 
00d52f68-8dc2-4e4c-8600-60909370c994;Last time I talked to you. You were lonely and out of place. You were looking down on me. Lost out in space. We laid underneath the stars. Strung out and feeling brave. I watched the red orange glow. I watched you float away. Down here in the atmosphere. Garbage and city lights. You've gone to save your tired soul. You've gone to save our lives. I turned on the radio. To find you on satellite. I'm waiting for this sky to fall. I'm waiting for a sign. And all we are. Is all so far. You're falling back to me. The star that I can see, yeah. I know you're out there. Somewhere out there. You're falling out of reach. Defying gravity, yeah. I know you're out there. Somewhere out there. Hope you remember me. when you're homesick and need a change. I miss your purple hair. I miss the way you taste. I know you'll come back someday. On a bed of nails I'll wait. I'm praying that you don't burn out. Or fade away. And all we are. Is all so far. You're falling back to me. The star that I can see, yeah. I know you're out there. Somewhere out there. You're falling out of reach. Defying gravity, yeah. I know you're out there. Somewhere out there. You're falling back to me. The star that I can see. I know you're out there. Oh. You're falling out of reach. Defying gravity. I know you're out there. Somewhere out there. You're falling back to me. The star that I can see, yeah. I know you're out there. Somewhere out there. You're falling out of reach. Defying gravity, yeah. I know you're out there. Somewhere out there. You're falling back to me. I know , I know. You're falling out of reach. I know. 
b04455fa-0ec1-4825-9d09-6f7cc4ee2278;I'm just a simple girl. In a high-tech digital world. I really try to understand. All the powers that rule this land. They say Ms. J's big butt is boss. Kate Moss can't find a job. In a world of post-modern fad. What was good now is bad. It's not hard to understand. Just follow this simple plan. CHORUS:. Follow your heart. Your intuition. It will lead you in the right direction. Let go of your mind. Your intuition. Is easy to find. Just follow your heart, baby. You look at me but you're not quite sure. Am I it, or could you get more? You learn cool from magazines. You learned love from Charlie Sheen. If you want me, let me know. I promise I won't say no. CHORUS. You got somethin' that you wantin' to sell. Sell your sin. Just cash in. You got somethin' that you wantin' to tell. You'll love me. Wait and see. If you want me, don't play games. I promise it won't be in vain. CHORUS X4. Follow your heart. Your intuition. It will lead you in the right direction. 
12ff08eb-e459-44cd-96b0-9a8307271372;I see the morning paper. I'll crumble it to bits. Cuz it's bad again. How long will it take us? To find out that this is it. 'Til it's bad again? The leaves are falling. The leaves are falling. Turning over and over. The leaves are turning over. Getting colder and colder. The leaves are turning over. Why so many races. Fight while our children play? Will we melt away? Try and they'll take your best friend. Try and they'll take your head. For caring about, for caring about. The leaves are falling. The leaves are falling. Turning over and over. The leaves are turning over. Getting colder and colder. The leaves are turning over. Will we care again? Will we care again? Everyone passes on. And believes in what they want to. If we heal, we can feel something. That we didn't want to. There's a sign for the time. You can read it if you want to. Or everyone will become numb. They're falling. They're falling. They're falling. They're falling. They're falling. 
177ed803-a545-4ff1-8e8c-a7b18945ebcc;I could tell, from the minute I woke up. it was gonna be a lonely lonely lonely lonely day. Rise and shine, rub the sleep out of my eyes. and try to tell myself I can't go back to bed. It's gonna be a lonely lonely lonely lonely day. Even though the sun is shining down on me. and I should feel about as happy as can be. I just got here, and I already want to leave. It's gonna be a lonely lonely lonely lonely day. It's gonna be a lonely lonely lonely lonely day. It's gonna be a lonely lonely lonely lonely day. Everybody knows that somethin's wrong. but nobody knows what's goin' on. We all sing that same old song. When you want it all to go away. It's shapin' up to be a lonely day. I could tell, from the minute I woke up. It was gonna be a lonely lonely lonely lonely day. It was gonna be a lonely lonely lonely lonely day. Everybody knows that somethin's wrong. but nobody knows what's goin' on. We all sing that same old song. When you want it all to go away. It's shapin' up to be a lonely day. I could tell, from the minute I woke up. it was gonna be a lonely lonely lonely lonely day. It was gonna be a lonely lonely lonely lonely. lonely lonely lonely lonely. Everybody knows that somethin's wrong. but nobody knows what's goin' on. Everybody knows that somethin's wrong. but nobody knows what's goin' on. (Oh oh oh oooh. why can't we see. ). 
0c9550b4-7b5d-4d06-abb3-e1eb68caa8f5;I read you. And god I'm good at it, I'm so spot on. Chord shapes in air. Go press that dissonance, if you dare. And you breathin' in. Finesse an innocent, from her partying. And I'm high enough from all the waiting. To ride a wave on your inhaling. And I'm high enough from all the waiting. To ride a wave on your inhaling. 'Cause I love you, no? Can't help but love, you know. What part of no. Don't you understand? I've told you before. So just get off my case. This isn't happening, stop this now. And I, where was I? I have to be somewhere. Now where did I put it? And I'm high enough from all the waiting. To ride a wave on your inhaling. And I'm high enough from all the waiting. To ride a wave on your inhaling. 'Cause I love you, no? Can't help but love, you know. Is this it? Is it? Is this it? Yeah. Is it? No. Is this it? No. Is this it? No. Is this it? No. Is this it? Yes. Hello we're back. And we're taking calls. Now what was the question? And I'm high enough from all the waiting. To ride a wave on your inhaling. And I'm high enough from all the waiting. To ride a wave on your inhaling. And I'm high enough from all the waiting. To ride a wave on your inhaling. And I'm high enough from all the waiting. To ride a wave on your inhaling. 'Cause I love you, no? Can't help but love, you know. 'Cause I love you, no? Can't help but love, you know. 'Cause I love you, no? Can't help but love, you know. 
4399971c-bb26-458d-afaa-406d0459142e;What I've seen, you might find it hard to believe. It left feeling like, no one had ever made me. I want something, unsurpassed in its pleasures. Because even the truest love, still can't last forever. I want something I've never seen through these eyes. I want to feel like I've never felt in this life. I want something I've never seen through these eyes. I want to feel like I've never felt in this life. In this body of mine. When you hurt me, is it because you hurt yourself. When you look at me, why not try to see yourself. I want something that won't force my ears to listen. Because even the truest love, is still gonna have something missing. I want something I've never seen through these eyes. I want to feel like I've never felt in this life. I want something I've never seen through these eyes. I want to feel like I've never felt in this life. In this body of mine. I'm uncomfortable, in regular clothes. I want something I can depend on. And watch it grow, and watch it grow. Enlighten to me, I never want to be here again. Set me free, I never want to feel fear again. Please Pardon me, as I never meant to hurt anyone. Let me be, stronger for everyone. I want something I've never seen through these eyes. I want to feel like I've never felt in this life. In this body of mine. I want something that doesn't come easy. I want it so bad, I know some day I'll be that. I want it, but i know I'll never feel it not in this body of mine. In this body of mine. 
179a48ec-62de-49bc-a135-01e31ccf4450;You left me like a broken doll. In pieces as I took the fall. For you, you dumb chump. You left me free fallin like space junk. Burnin up in the atmosphere of life. Well I sound like a philosopher. But I'm a fool who's off her rocker. Cause I let you in my heart that one last time. I've had enough, made up my mind. I'm gonna get up, and out, and wild. Chorus:. I love myself today. Not like yesterday. I'm cool, I'm calm, I'm gonna be ok, uh huh. I love myself today. Not like yesterday. Take another look at me now. Cause it's your last look. Your last look forever. Well look at you,. Your all puffed up. In a big red truck. But your out of luck this time. oh well thats tough. Cause I'm on fire too hot to touch. With a chat room full of lovers. on the line. I'll stand right up. Spit shine my soul. I'm gonna be proud and loud and outta control. (Chorus). *Guitar Solo*. I'm looking the mirror. And I like what I see. I've lost the fear and the horror. Thats been eatin at me. Cause bein with you was like a hangman's noose. I was livin my life in dead man's shoes. I've had enough, made up my mind. I'm gonna get up, and out, and wild. I love myself today. Not like yesterday. I'm cool, I'm calm, I'm gonna be ok, uh huh. I love myself today. Not like yesterday. Take another look at me now. Hey Hey Hey. I love myself today. Not like yesterday. Your dead, and gone, I'm gonna get my way, uh huh. I love myself today. Not like yesterday. Take another look at me now. Cause it's your last look. Your last look forever. I love myself today(x7). Today, today. 
1415e8ea-8c8f-45cf-a9e4-7527d2d8a5e2;Oh, Susie Q. Oh, Susie Q. Oh, Susie Q. Baby, I love you, Susie Q. I like the way you walk. I like the way you talk. I like the way you walk. I like the way you talk, Susie Q. Well, say that you'll be true. Well, say that you'll be true. Well, say that you'll be true. And never leave me blue, Susie Q. Well, say that you'll be mine. Well, say that you'll be mine. Well, say that you'll be mine. Baby, all the time, Susie Q. Oh, Susie Q. Oh, Susie Q. Oh, Susie Q. Baby, I love you, Susie Q. I like the way you walk. I like the way you talk. I like the way you walk. I like the way you talk, Susie Q. Oh, Susie Q. Oh, Susie Q. Oh, Susie Q. Baby, I love you, Susie Q. 
4852f83a-9ed0-42ed-8255-d1f1157867fc;Left a good job in the city,. Workin' for the man ev'ry night and day,. And I never lost one minute of sleepin',. Worryin' 'bout the way things might have been. Big wheel keep on turnin',. Proud Mary keep on burnin'. Rollin', rollin', rollin' on the river. Cleaned a lot of plates in Memphis,. Pumped a lot of 'pane down in New Orleans,. But I never saw the good side of the city,. 'Til I hitched a ride on a riverboat queen. Big wheel keep on turnin',. Proud Mary keep on burnin'. Rollin', rollin', rollin' on the river. Rollin', rollin', rollin' on the river. . If you come down to the river,. Bet you gonna find some people who live. You don't have to worry 'cause you have no money,. People on the river are happy to give. Big wheel keep on turnin',. Proud Mary keep on burnin'. Rollin', rollin', rollin' on the river. Rollin', rollin', rollin' on the river. Rollin', rollin', rollin' on the river. Rollin', rollin', rollin' on the river. 
c5f1a16c-79e3-42a4-bc65-28e8244bf251;Just got home from Illinois,. Lock the front door, oh, boy! Got to sit down,. Take a rest on the porch. Imagination sets in,. Pretty soon I'm singin'. Doo, doo, doo,. Lookin' out my back door. There's a giant doing cartwheels,. A statue wearin' high heels. Look at all the happy. Creatures dancing on the lawn. A Dinosaur Victrola. List'ning to Buck Owens. Doo, doo, doo,. Lookin' out my back door. Tambourines and elephants. Are playing in the band. Won't you take a ride. On the flyin' spoon? Doo, doo-doo. Wond'rous apparition. Provided by magician. Doo, doo, doo,. Lookin' out my back door. Tambourines and elephants. Are playing in the band. Won't you take a ride. On the flyin' spoon? Doo, doo-doo. Bother me tomorrow,. Today I'll buy no sorrows. Doo, doo, doo,. Lookin' out my back door. Forward troubles Illinois,. Lock the front door, oh, boy! Look at all the happy. Creatures dancing on the lawn. Bother me tomorrow,. Today I'll buy no sorrows. Doo, doo, doo,. Lookin' out my back door. 
ec5585c5-fcac-432a-bf4f-d96b132eed6e;Long as I remember. The rain been comin' down. Clouds of myst'ry pourin'. Confusion on the ground. Good men through the ages. Tryin' to find the sun. And I wonder. Still I wonder. Who'll stop the rain. I went down Virginia. Seekin' shelter from the storm. Caught up in the fable. I watched the tower grow. Five-year plans and new deals. Wrapped in golden chains. And I wonder. Still I wonder. Who'll stop the rain. Heard the singers playin'. How we cheered for more? The crowd had rushed together. Tryin' to keep warm. Still the rain kept pourin'. Fallin' on my ears. And I wonder. Still I wonder. Who'll stop the rain. 
f19b2c36-4822-469b-bafd-ef360fe2b8c7;There's a place up ahead and I'm goin'. Just as fast as my feet can fly. Come away, come away, if you're goin'. Leave the sinkin' ship behind. Come on the risin' wind. We're goin' up around the bend. Ooh. Bring a song and a smile for the banjo. Better get, while the gettin's good. Hitch a ride to the end of the highway. Where the neon's turn to wood. Come on the risin' wind. We're goin' up around the bend. Ooh. You can ponder perpetual motion. Fix your mind on a crystal day. Always time for a good conversation. There's an ear for, what you say. Come on the risin' wind. We're goin' up around the bend. Yeah. Ooh. Catch a ride to the end of the highway. And we'll meet by the big red tree. There's a place up ahead and I'm goin'. Come along, come along with me. Come on the risin' wind. We're goin' up around the bend. Yeah. Do-do-doo-do. Do-do-doo-do. Do-doo-do. Do-do-doo-do. Yeah. Do-do-doo-do. Do-do-doo-do. Do-do-doo. Do-do-doo. 
bb8233ed-68f7-4d1e-94e4-ca266e645f3b;I put a spell on you,. Because you're mine. You better stop. The things that you're doin'. I said, "Watch out,. I ain't lyin'". Yeah! I ain't gonna take none of your. Foolin' around,. I ain't gonna take none of your. Puttin' me down. I put a spell on you,. Because you're mine. Alright! I put a spell on you,. Because you're mine. You better stop. The things that you're doin'. I said, "Watch out,. I ain't lyin'". Yeah! I ain't gonna take none of your. Foolin' around,. I ain't gonna take none of your. Puttin' me down. I put a spell on you,. Because you're mine. Alright! 
bc183da7-f2ac-430a-982f-8230d7548b88;I see a bad moon rising. I see trouble on the way. I see earthquakes and lightning. I see bad times today. Don't go around tonight,. Well, it's bound to take your life,. There's a bad moon on the rise. I hear hurricanes a-blowin'. I know the end is comin' soon. I feel rivers overflowin'. I hear the voice of rage and ruin. Don't go around tonight,. Well, it's bound to take your life,. There's a bad moon on the rise. Alright! Hope you got your things together. Hope you are quite prepared to die. Looks like we're in for nasty weather. One eye is taken for an eye. Well, don't go round tonight,. Well, it's bound to take your life,. There's a bad moon on the rise. Don't come around tonight,. Well, it's bound to take your life,. There's a bad moon on the rise. 
cfd4a5d3-513d-43d1-9f15-3fd6840fe2f8;Early in the evenin', just about supper time. Over by the courthouse, they're startin' to unwind. Four kids on the corner, trying to bring you up. Willy picks a tune out and he blows it on the harp. Down on the corner. Out in the street. Willy and the Poor Boys are playin'. Bring a nickel, tap your feet. Rooster hits the washboard and people just got to smile. Blinky thumps the gut bass and solos for a while. Poor Boy twangs the rhythm out, on his Kalamazoo. And Willy goes into a dance, doubles on kazoo. Down on the corner. Out in the street. Willy and the Poor Boys are playin'. Bring a nickel, tap your feet. Down on the corner. Out in the street. Willy and the Poor Boys are playin'. Bring a nickel, tap your feet. You don't need a penny, just to hang around. But if you've got a nickel, won't you lay your money down. Over on the corner, there's a happy noise. People come from all around to watch the magic boy. Down on the corner. Out in the street. Willy and the Poor Boys are playin'. Bring a nickel, tap your feet. Down on the corner. Out in the street. Willy and the Poor Boys are playin'. Bring a nickel, tap your feet. Down on the corner. Out in the street. Willy and the Poor Boys are playin'. Bring a nickel, tap your feet. 
d2b07cf0-8ab2-4b18-b31f-2f3a3eea37c1;Some folks are born, made to wave the flag. Ooh, that red, white and blue. And when the band plays, "Hail to the Chief". Ooh, they point the cannon at you, Lord. It ain't me, it ain't me. I ain't no senator's son, son. It ain't me, it ain't me. I ain't no fortunate one, Lord. Some folks are born, silver spoon in hand. Lord, don't they help themselves, y'all. But when the taxman comes to the door. Lord, the house look-ah like a rummage sale, yes-ah. Uh-it ain't me, it ain't me. I ain't no millionaire's son, Lord, Lord. It ain't me, it ain't me. I ain't no fortunate one, Lord. Yeah, yeah, some folks inherit star-spangled eyes. Ooh, they'll send you down to war, Lord. And when you ask them, "How much should we give?". Ooh, they only answer, "More, more, more" y'all. It ain't me, it ain't me. I ain't no military son, son, son-ah. It ain't me, it ain't me. I ain't no fortunate one, one, y'all. It ain't me, it ain't me. I ain't no fortunate one, one, y'all. It ain't me, it ain't me. I ain't no fortunate son, no, no, no. 
5e045ab7-2563-454e-82e4-2f7b4a45638c;Someone told me long ago. There's a calm before the storm. I know. It's been comin' for some time. When it's over, so they say. It'll rain a sunny day. I know. Shinin' down like water. I wanna know, have you ever seen the rain. I wanna know, have you ever seen the rain. Comin' down on a sunny day. Yesterday and days before. Sun is cold and rain is hard. I know. Been that play for all my time. Till forever upon it goes. Through the circle fast and slow. I know. It can't stop, I wonder. I wanna know, have you ever seen the rain. I wanna know, have you ever seen the rain. Comin' down on a sunny day. Yeah. I wanna know, have you ever seen the rain. I wanna know, have you ever seen the rain. Comin' down on a sunny day. 
fcd4acb1-729a-48d7-97de-747419beb97a;Hey, tonight,. Gonna be tonight. Don't you know I'm flyin'. Tonight, tonight?. Hey, c'mon,. Gonna chase tomorrow. Tonight, tonight. Gonna get it to the rafters,. Watch me now. Jody's gonna get religion. All night long. . Hey, c'mon,. Gonna hear the sun. Tonight, tonight. Gonna get it to the rafters,. Watch me now. Jody's gonna get religion. All night long. . A-a-a-ah! Hey, tonight,. Gonna be tonight. Don't you know I'm flyin'. Tonight, tonight,. Tonight, tonight? 
cd8a24c7-f99d-412e-b179-2bbf61c3b762;First thing I remember. Was asking papa why. For there were many things I didn't know. And daddy always smiled. Took me by the hand. Saying, "someday you'll understand". Well, I'm here to tell you now each and every mother's son. You better learn it fast and you better learn it young. 'Cause someday never comes. The time and tears went by. And I collected dust. For there were many things I didn't know. When daddy went away. He said, "try to be a man. And someday you'll understand". But I'm here to tell you now each and every mother's son. You better learn it fast you better learn it young. 'Cause someday never comes. And then one day in April. I wasn't even there. For there were many things I didn't know. A son was born to me. Mama held his hand. Saying, "someday you'll understand". Well, I'm here to tell you now each and every mother's son. You better learn it fast and you better learn it young. 'Cause someday never comes. Ooh, someday never comes. Think it was September. The year I went away. For there were many things I didn't know. And still I see him standing. Trying to be a man. I said, "someday you'll understand". But I'm here to tell you now each and every mother's son. You better learn it fast and you better learn it young. 'Cause someday never comes. Ooh, someday never comes. 
f47745ff-8053-43be-a99b-c737c16e151f;Up and down the puppies' hair. Fleas and ticks jump everywhere. 'Cause of original sin. Down the hill fell Jack and Jill. And you came tumbling after. 'Cause of original sin. Rip away the tears. Drink a hope to happy years. And you may find. A lifetime's passed you by. What would you say. Don't drop the big one. If you a monkey on a string. Don't cut my lifeline. If you a doggie on a chain. Don't bite the mailman. What would you say? I was there when the bear. Ate his head, thought it was a candy. Everyone goes in the end. Knock knock on the door. Who's it for, there's nobody in here. Look in the mirror my friend. I don't understand at best. I cannot speak for all the rest. Morning arrives, a lifetime's passed me by. What would you say. Don't drop the big one. If you a monkey on a string. Don't cut my lifeline. If you a doggie on a chain. Don't bite the mailman. What would you say? Every dog has its day. Every day has its way. Of being forgotten. Mom, it's my birthday. Would you say? What would you say? What would you say? I was there when the bear. Ate his head, thought it was a candy. Everyone goes in the end. Knock knock on the door. Who's it for, there's nobody in here. Look in the mirror my friend. I don't understand at best. I cannot speak for all the rest. Morning arrives, a lifetime's passed me by. What would you say? 
1ea50997-b964-4523-9c12-b1d74db6320b;Sometimes I can't move my feet it seems. As if I'm stuck in the ground somehow like a tree. As if I can't even breathe. And my screams come whispering out. As if nobody can even see me, like a ghost. Sometimes I can't see myself sometimes. Then again if I were a king, If I had everything. If I had you and I could give you your dreams. If I were giant size, on top of it all. Then tell me what in the world would I sing for. If I had it all. Sometimes I feel lost. As I pull you out like strings of memories. Wish I could weave them into you. And I could figure the whole damn puzzle out. Then again, if I were a king, If I had everything. If I had you and I could give you your dreams. If I were giant size, on top of it all. Tell me what in the world would I go on for. If I had it all. I could take anything. If I had no greed to pay. Only the poison thats tainting the clean. Then nothing. Remembering times. Much younger than me now. When my breath was light. When the world raised me up kind. Here mother comforts child. Every moment was waking up. But now I've grown tired. If I had it all. You know, I'd fuck it up. If I were a king, If I had everything. If I had you and I could give you your dreams. If I were giant size, on top of it all. Tell me what in the world would I sing for. If I were a king, if I had everything. Piece by piece. If I had you if i could give you your dreams. If I were giant sized on top of it all. Then tell me why in the world would i go on for. If I had it all. If I had it all. If I had it all. 
e6a8e846-06ae-48a9-b726-6eea319fda83;When I step into the light. My arms are open wide. When I step into the light. My eyes searching wildly. Would you not like to be. Sitting on top of the world with. your legs hanging free. Would you not like to be ok, ok, ok? When I'm walking by the water. Splish splash me and you takin a bath. When I'm walking by the water. Come up through my toes. To my ankles. To my head. To my soul. I'm blown away. When I'm walking by the water. Splish splash me and you takin a bath. When I'm walking by the water. Come up through my toes. To my ankles. To my head. To my soul. I'm blown away. (various talking and laughter). I can't believe that we would. lie in our graves. Wondering if we had. spent our living days well. I can't believe that we would. lie in our graves. Dreaming of things that we. might have been. I can't believe that we would. lie in our graves. Wondering if we had. spent our living days well. I can't believe that we would. lie in our graves. Dreaming of things that we. might have been. Would you not like to be. I can't believe that you. would not like to be. Would you not like to be. ok, ok, ok. 
e56fa02b-788a-45c3-9ac5-a9756c546460;Satellite in my eyes. Like a diamond in the sky. How I wonder. Satellite strung from the moon. And the world your balloon. Peeping tom for the mother station. Winter's cold, spring races. And the calm away by the storm is chasing. Everything good needs replacing. Look up, look down all around, hey satellite. Satellite, headlines read. Someone's secrets you've seen. Eyes and ears have been. Satellite dish in my yard. Tell me more, tell me more. Who's the king of your satellite castle? Winter's cold spring erases. And the calm away by the storm is chasing. Everything good needs replacing. Look up, look down all around, hey satellite. Rest high above the clouds no resrictions. Television we bounce 'round the world. And while I spend these hours. Five senses reeling,. I laugh about this weatherman's satellite eyes. Satellite in my eyes. Like a diamond in the sky. How i wonder. Satellite strung from the moon. And the world your balloon. Peeping tom for the mother station. Winter's cold spring erases. And the calm away by the storm is chasing. Everything good needs replacing. Look up, look down all around, hey satellite. Rest high above the clouds no restrictions. Television you bounce from the world. And while I spend these hours. Five senses reeling. I laugh about this weatherman's satellite eyes. 
7f64f608-43a7-4252-9f16-375946146604;NA
cb03ee64-d86a-4913-93ae-7edc9fd14131;When the world ends. Collect your things. You're coming with me. When the world ends. You buckle up yourself with me. Watch it as the stars disappear to nothing. The day the world is over. We'll be lying in bed. I'ma rock you like a baby when the cities fall. We will rise as the buildings crumble. Float there and watch it all. Amidst the burning, we'll be churning. You know, love will be our wings. The passion rises up from the ashes. When the world ends. When the world ends. You're gonna come with me. We're going to be crazy. Like a river bends. We're going to float. Through the criss cross of the mountains. Watch them fade to nothing. When the world ends. You know that's what's happening now. I'm going to be there with you somehow, oh. I'ma tie you up like a baby in a carriage car. Your legs don't work cause you want me so. You just lie spread to the wall. The love you got is surely. All the love that I would ever need. I'ma take you by my side. And love you tall, 'til the world ends. Oh, but don't you worry about a thing. No, 'cause I got you here with me. Don't you worry about it. Just you and me. Floating through the empty, empty. Just you and me. Oh, graces. Oh, grace. Oh, when the world ends. We'll be burning one. When the world ends. We'll be sweet makin love. Oh, you know when the world ends. I'm going to take you aside and say. Let's watch it fade away, fade away. And the world's done. Ours just begun. It's done. Ours just begun. We're gonna dive into the emptiness. We'll be swimming. I'm going to walk you through the pathless roads. I'm going to take you to the top of the mountain that's no longer there. I'm going to take you to bed and love you, I swear. Like the end is near. I'm going to take you up to. I'm going to take you down on you. I'm going to hold you like an angel, angel. I'ma love you. I'ma love you. When the world ends. I'ma hold you. When the world is over. We'll just begin. 
e1c03d29-7c81-45ab-9cd4-a2700f382ab7;Standing here. The old man said to me. "Long before these crowded streets. Here stood my dreaming tree". Below it he would sit. For hours at a time. Now, progress takes away. What forever took to find. And now, he's falling hard. And feels the falling dark. How he longs to be. Beneath his dreaming tree. Conquered fear to climb. The moment froze in time. When the girl who first he kissed. Promised him she'd be his. Remembered Mother's words. There beneath the tree. "No matter what the world. You'll always be my baby". Mommy, come quick. The dreaming tree has died. The air is growing thick. A fear he cannot hide. The dreaming tree has died. Oh, have you no pity? This thing I do. I do not deny it. All through this smile. As crooked as danger. I do not deny. I know in my mind. I would leave you now. If I had the strength to. I would leave you up. To your own devices. Will you not talk? Can you take pity? I don't ask for much. But won't you speak, please? From the start. She knew she had it made. Easy up 'til then. For sure she'd make the grade. Adorers came in hordes. To lay down in her way. She gave it all she had. But treasures slowly faded. Now, she's falling hard. She feels the fall of dark. How did this fall apart? She drinks to fill the dark. A smile of sweetest flowers. Wilted so and soured. Black tears stain the cheeks. That once were so admired. She thinks when she was small. There on her father's knee. How he had promised her. "You'll always be my baby". "Daddy, come quick. The dreaming tree has died. I can't find my way home. There is no place to hide. The dreaming tree has died". Shake't, shake't, shake't, shake't. Oh, if I had the strength to. I would leave you up. To your own devices. Will you not talk? Can you take pity? I don't ask for much. Won't you speak, please? Too much time. Take me back. Take me back. Take me back. Take me back. Take me back. Save me, please. Take me back. 
e047067d-3616-47f6-bb91-3d442d73ac88;Where are you going, with your long face pulling down? Don't hide away, like an ocean. But you can't see, but you can smell. And the sound of waves crash down. I am no superman. I have no answers for you. I am no hero, oh that's for sure. But I do know one thing. Is where you are, is where I belong. I do know, where you go, is where I want to be. Where are you going, where do you go? Are you looking for answers, to questions under the stars? If along the way you are growing weary, you can rest with me until a brighter day. It's okay, where are you going, where do you go? I am no superman. I have no answers for you. I am no hero, oh that's for sure. But I do know one thing. Is where you are, is where I belong. I do know, where you go, is where I want to be. Where are you going, where do you go? Are you looking for answers, where do you go? Where are you going? Where do you go? Let's go. 
3e3b7393-eb69-45b4-b134-cd88859e89e3;You cannot quit me so quickly. There's no hope in you for me. No corner you could squeeze me. But I got all the time for you love. The space between. The tears we cry. Is the laughter that keeps us coming back for more. The space between. The wicked lies we tell and hope to keep safe from the pain. But will I hold you again. These fickle fuddled words confuse me. Like will it rain today. We waste the hours with talking, talking. These twisted games we're playing. We're strange allies. With warring hearts. What a wild eyed beast you be. The space between. The wicked lies we tell and hope to keep safe from the pain. But will I hold you again. Will I hold. Look at us spinning out in the madness of a roller coaster. You know you went off like the devil in the church. In the middle of a crowded room. All we can do my love. Is hope we don't take this ship down. The space between. Where you smile and hide. Is where you'll find me if I get to go. The space between. The bullets in our fire fight. Is where I'll be hiding waiting for you. The rain that falls. Splashed in your heart. Ran like sadness down the window into your room. The space between. Our wicked lies is. Where we hope to keep safe from pain. Take my hand. Cause we're walking out of here. Right out of here. Love is all we need dear. The space between. What's wrong and right. Is where you'll find me hiding. Waiting for you. The space between. In your heart and mine. Is the space we'll fill with time. The space between. 
4a2d3cae-c954-40d4-9cae-bb99d363d2c9;Don't drink the water, yeah. Come out, come out. No use in hiding. Come now, come now. Can you not see? There's no place here. What were you expecting? No room for both. Just room for me. So you will lay your arms down. Yes, I will call this home. Away, away. You have been banished. Your land is gone. And given to me. And here I will spread my wings. Yes, I will call this home. What's this you say? You feel the right to remain. Then stay, and I will bury you. What's that you say? Your father's spirit still lives in this place. Well, I will silence you. Here's the hitch. Your horse is leaving. Don't miss your boat. It's leaving now. And as you go I will spread my wings. Yes, I will call this home. I have no time to justify to you. Fool, you're blind, move aside for me. All I can say to you, my new neighbor. Is you must move on, or I will bury you. Now, as I rest my feet by this fire. Those hands once warmed here. Well, I have retired them. I can breathe my own air. And I can sleep more soundly. Upon these poor souls. I'll build Heaven and call it home. 'Cause you're all dead now. And I live with my justice. And I live with my greedy need. Or I live with no mercy. And I live with my frenzied feeding. I live with my hatred. And I live with my jealousy. Or I live with the notion. That I don't need anyone but me. Don't drink the water. Don't drink the water. There's blood in the water. Don't drink the water. Don't drink the water. Don't drink the water. There's blood in the water. Don't drink the water. There's blood in the water. 
141894a5-4bea-46fd-a507-3a46a5ab32e5;NA
a3178280-a63e-44c8-9192-cf7295f043a2;You've got your ball. You've got your chain. Tied to me tight tie me up again. Who's got their claws. In you my friend. Into your heart I'll beat again. Sweet like candy to my soul. Sweet you rock. And sweet you roll. Lost for you I'm so lost for you. You come crash into me. And I come into you,. I come into you. In a boy's dream. In a boy's dream. Touch your lips just so I know. In your eyes, love, it glows so. I'm bare-boned and crazy for you. When you come crash. Into me, baby. And I come into you. In a boys dream. In a boys dream. If I've gone overboard. Then I'm begging you. To forgive me. In my haste. When I'm holding you so girl. Close to me. Oh and you come crash. Into me, baby. And I come into you. Hike up your skirt a little more. And show the world to me. Hike up your skirt a little more. And show your world to me. In a boy's dream. In a boy's dream. Oh I watch you there. Through the window. And I stare at you. You wear nothing but you. Wear it so well. Tied up and twisted,. The way I'd like to be. For you, for me, come crash. Into me,. Crash into me. Crash into me. Crash into me. Crash into me. I'm the king of the castle. You're the dirty rascal. Crash into me. Oh see you crash into me baby,. 'Cause I am swimming in your seas. And in your ocean. And I feel your waves come and crash into me. Oh, yes, I see the waves come and crash into me. Oh, yes, I feel the waves come and crash into me. 
c717fb87-8ad2-4655-b29d-a364637c1019;If I go. Before I'm old. Oh, brother of mine. Please don't forget me if I go. Bartender, please. Fill my glass for me. With the wine you gave Jesus. That set him free after three days in the ground. Oh, and if I die. Before my time. Oh, sweet sister of mine. Please don't regret me if I die. Bartender, please. Fill my glass for me. With the wine you gave Jesus. That set him free after three days in the ground. Bartender, please. Fill my glass for me. With the wine you gave Jesus. That set him free after three days in the ground. I'm on bended knees. I pray, bartender please. When I was young, I didn't think about it. Now I can't get it out of my mind. I'm on bended knees. Father, please. Oh, and if all this gold. Should steal my soul away. Oh, dear mother of mine. Please redirect me if this gold. Bartender, you see. The wine that's drinking me. Came from the vine that strung Judas from the Devil's tree. His roots deep, deep in the ground. Bartender, you see. The wine that's drinking me. Came from the vine that strung Judas from the Devil's tree. His roots deep, deep in the ground, ground. I'm on bended knees. Oh, bartender, please. I'm on bended knees. Father, please. When I was young, I didn't think about it. Now I just want to run and hide. I'm on bended knees. Oh, bartender, please. Bartender, please. 
5104ea17-4830-41a6-b54a-bf2fd0e5fdf8;Spoon in spoon. Stirring my coffee. I thought of you. And turned to the gate. And on my way. Came up with the answers. I scratched my head. And the answers were gone. From hand to hand. Wrist to the elbow. Red blood sand. Could Dad be God? Crosses cross hung. Out like a wet rag. Forgive you? why? You hung me out to dry, and. Maybe, I'm crazy. But laughing out loud. Makes the pain pass by. And maybe you're a little crazy. But laughing out loud makes. It all subside (ah). Holding, I'm holding. I'm still falling. I'm still falling. Spoon in spoon. Stirring my coffee. I thought of this. And turned to the gate (ah). But on my way, crack. Lightning and thunder. I hid my head. And the storm slipped away. Well, maybe I'm crazy. And laughing out loud. Makes it all pass by. And maybe you're a little crazy. So laughing out loud. Makes it all alright. Laughing out loud. (From time to time). (Minutes and hours). (Some move ahead while). (Some lag behind). (It's like the balloon that). (Rise and then vanish). (This drop of hope). (That falls from his eyes). Spoon in spoon. Stirring my coffee. I think of this. And turn to go away. But as I walk. There're voices behind me saying. Sinners sin. Come now and play. Laughing out loud. Come now and play. Come in from the cold for us. Everything will be alright. Come in from the noise for us. Everything will be alright. Everything will be alright. From now, good-bye. Friend, good-bye. 
0207a842-3875-465a-9f06-6d4e39001268;I woke up in New York City. From my sleep behind the wheel. Caught a train to Poughkeepsie. And time stood still. She wrote me a letter from San Diego. To qualify her luck. These flights connect through Arizona. But I think I'll stay stuck. So here I am. Here I am. Well, I woke up in a car. I traced away the fog. So I could see the Mississippi on her knees. I've never been so lost. I've never felt so much at home. Please write my folks and throw away my keys. I woke up in a car. I woke up in a car. I met a girl who kept tattoos. For homes that she had loved. If I were her I'd paint my body. Til all my skin was gone. She wrote me a letter. As we passed through Rockford. She said she wont forget. Maybe I do maybe I don't. But I know I haven't yet. So here I am. Here I am. Well, I woke up in a car. I traced away the fog. So I could see the Mississippi on her knees. I've never been so lost. I've never felt so much at home. Please write my folks and throw away my keys. I woke up in a car. I woke up in a car. And maybe I could live forever. If not ever I had known. That you'd be waiting there whenever. I am all alone. but here I am. Well, I woke up in a car. I traced away the fog. So I could see the Mississippi on her knees. I've never been so lost. I've never felt so much at home. Please write my folks and throw away my keys. Well, I woke up in a car. I traced away the fog. So I could see the Mississippi on her knees. I've never been so lost. I've never felt so much at home. Please write my folks and throw away my keys. I woke up in a car. I woke up in a car. I woke up in a car. 
58b6d69a-efd0-4245-a26b-9ee6298f19d2;That ain't a parachute. That ain't a ripcord. That ain't a body of water we're headed for. There's so little time left. So much to be done. Even you are gonna need someone. That ain't a trick of light. Or the morning haze. Come on in from the lake. Get it into your eyes. This invisible breath of a storm on the rise. That I feel whenever you arrive. I may not be quick. I maybe never was. But tell me what the hell it is that you've become. Baby if you never got sick. I wouldn't get to hold you. Baby if you never got sick. I wouldn't get to hold you. This ain't a righteous love. Even a good one. These ain't the kinds of returns that I was thinking of. I'm unbearable now, you ain't seen nothin yet. You'll see me dead before you see me quit. That ain't a jug of wine that you been drinkin from. Now lay back, now baby and let your fever come. I'll bury you in just to dig you out. I haven't a use for being proud. And the deeper the slide. The higher the rise. Now don't be disappointed how I'm usin' mine. Baby if you never got sick. I wouldn't get to hold you. Baby if you never got sick. I wouldn't get to hold you. I think I made a mistake. I think I pushed when you said wait. But I never get to hold you. I followed you deep into a barren field. There was someone you were running from. When I needed to sleep that's when you disappeared. But I did get the impossible done. I always knew that there was god inside of you. I just never did learn which one. Baby if you never got sick. I wouldn't get to hold you. Baby if you never got sick. I wouldn't get to hold you. Baby if you never got sick. I wouldn't get to hold you. Baby if you never got sick. I would never get to hold you. 
1bcc000f-7031-4789-abff-8a6952d0063d;I played the fool today. And I can see us vanishing into the crowd. Longing for home again. But home is a feeling I've buried in you. I'm all right. I'm all right. It only hurts when I breathe. And I can't ask for things to be still again. Oh I can't ask for you to offer the world through your eyes. Longing for home again. But home is a feeling I've buried in you, oh. I'm all right. I'm all right. It only hurts when I breathe. I'm all right. I'm all right. It only hurts when I breathe. My window through which nothing hides and everything sings. I'm counting the signs and cursing the miles in between (home). But home is a feeling I've buried in you. That I've buried in you. I'm all right. I'm all right. It only hurts when I breathe. I'm all right. I'm all right. It only hurts when I breathe. When I breathe. It only hurts when I breathe. When I breathe. It only hurts when I breathe. 
acc6e8de-02ea-4a1c-a63f-d61cc2200709;Leaving terra. Leaving terra. Leaving terra. If you're a thought. You will want me to think you and I did. Invited a guest. Up until you announced that you had moved in. "What do you plan to do with all your freedom?". The new sheriff said, quite proud of his badge. "You must admit the land is now in good hands". Yes, time will tell that you just lift your lamp. I will follow her on her path. Scarlet's walk through the violets. Just tell your gods for me. All debts are off this year. They're free to leave. Yes, they're free to leave. Leaving terra. Leaving terra. There was a time. When I thought that her destiny should've been mine. Big brave nation. But instead her medicine now forgotten. "What do you plan to do with all your stories". The new sheriff said, quite proud of his badge. We'll weave them through every rocket's red glare. And huddled masses, you just lift your lamp. I will follow her on her path. Scarlet's walk through the violets. Just tell your gods for me. All debts are off this year. They're free to leave. Yes, they're free to leave. Leaving terra. Leaving terra. If you're a thought. You will want me to think you and I did. And I did. 
a79b9b2f-332f-4277-9ac3-1b0610687717;(Chali 2na). Yo, this is a lesson in friendship. The depths of a kinship. What women and men begin with, and then slip. My pen drips. As I scribble my thoughts on thin strips. Of emotion. A fraction, seduction, attraction. Eruption of passion. Corrupts if a lasted friendship's involved. But love to cross the line. But that's why we built these walls. (Hook: Nelly Furtado). We been friends for a long time, a very close friend of mine. Love you like you was mine, but respect a thin line. I love you like you was mine, think about you all the time. Very close friend of mine, but respect a thin line. (Akil). Opposite's attract. When the female and male come in contact. Sticky situation in fact. Tryin not to let the feelings catch. But there's a thin line between both of y'all. So you respect that. And entertain the idea, but get brought back. To reality, and could you really live with that? Decision, based on intuition. You love and keep your distance. Hug and kiss in friendship. (Marc 7). An ongoing kinship, we was people to begin with. Disrespect was not intended. but your feelings sparked the sentence. Sometimes you're too intense in your quest to invent. The perfect man, please understand, my rhyme is your repent. (Hook) - repeat 2X. (Soup). Man, too bad that we became friends first. I'm not on expert on how relationships should work. But, (echos) from the minute it was known. It changed the whole tone the way we spoke on the phone. Yo, it was cool but I felt it wasn't enough. And I was stuck when your moms would pick it up. Over you, all my buddies would swoon. But I felt we were in tune, you let me up in your room. (Damn). But to me girl, you're still off limits. No matter all the times that I hinted (Yo, whatchu doin after this?). Infactuation was authentic, but yo I just pretended. So I wouldn't lose the friendship. Maybe, I should spill all my guts. Or write a letter, then tear it up. Or do a song, just to say what's up. I want. just. a touch. (Hook) - repeat 2X. (Nelly Furtado). I can't do this anymore. See my heart just spills out when you walk in the door. Friendship turns into lust and this only tip. That I can't comprehend even if I knew it. Can't do justice to these things that I'm feeling. You got someone else, don't wanna be caught stealing. Hell if she knew she would never leave us alone. in the roo-ooo-ooom. (Chali 2na). This was a lesson in friendship. I stress in this sentence. Should women and men be friends first? And then slip? My pen drips as I scribble my thoughts on thin strips. of devotion. (Akil). Opposites attract. And best friends make a perfect match. If you only knew that. Once you cross, ain't no turning back. The minute you let him in it and he hit that. That's that. (Marc 7). We was people to begin with, but you was too relentless. Jeporidizing kinship, respect is intended. Resolve is my intent. While we got it in. I'm tryin to salvage a friendship. (Hook) - repeat 2X. 
03144c77-b203-40b9-af0b-d14869fc88fd;The paint's peeling off the streets again. And I'll drive and close my eyes in Michigan. And I feel nothing, not brave. It's a hard day for breathing again. The heat is chasing off all your friends. And their scattered bodies part to the shore again. And I feel nothing, not sane. It's a hard day for dreaming again. And, oh, I'm not going back to the assholes that made me. In a perfect display of random acts of hopelessness. I wish I could stay here, but I think we're all ready. I think we're all ready. And I feel nothing, not sane. It's a hard day for dreaming again. And, oh, now that you've seen almost all of America. All you can say is, "Where is all the water?". And the war has been over for years since you gave up. And last night, where the road had started. And last night, when my hands were choking you. Last night, when the room and your mood was dipping. And last night, when the ropes were pulling you in. You said, "Hey, how could you love me this way?". You said, "Hey". But I think we're all ready. I think we're all ready. 
05b95469-56cf-42f0-b442-79ed90c71e5c;I crawled out from the pain of yesterday. I crawled to you and. I said all the things that you said to say. Have I said enough. Do you like it yeah-e-yeah. Do you like it yeah-e-yeah. I know why you're playing these dirty games. They're killing me and. I know how you love to watch me beg. Well here I am. Do you like it yeah-e-yeah. And do you like it yeah-e-yeah. And do you like it yeah-e-yeah, yeah-e-yeah, yeah-e-yeah. I don't wanna be a puppet for you. Don't wanna bite the hand that's feeding. I don't wanna be a sucker for you, oh yes you. I hate myself for begging. I hate myself for staying. I hate myself for listening to. you. It's too little too late. Well I can't escape. So begging you please. I changed all the things that you told me to change. I'm on my knees. Do you like it yeah-e-yeah. And do you like it yeah-e-yeah. And do you like it yeah-e-yeah, yeah-e-yeah, yeah-e-yeah. I don't wanna be a puppet for you. Don't wanna bite the hand that's feeding. I don't wanna be a sucker for you, ah yes you. I hate myself for begging. I hate myself for staying. I hate myself for listening to you. I just wanna get out. Stuck inside of this. Waiting for something else. Waiting to exist. Can you offer me help. Help from what I've missed, I've missed, I. Do you like it yeah-e-yeah. Do you like it yeah-e-yeah. Do you like it yeah-e-yeah, yeah-e-yeah, yeah-e-yeah. I don't wanna be a puppet for you. Don't wanna bite the hand that's feeding. I don't wanna be a sucker for you, ah yes you. I hate myself for begging. I hate myself for staying. I hate myself for listening to you, oh. For listening to you, oh. For listening to you, oh. For listening to you, oh. 
3b3a8b3e-0fbc-48a8-bb34-22c5e6916684;At Cavanaugh Park. Where I used to sit. All alone in the dark. And dream about things. That I cannot say. You always said destiny. Would blow me away. And nothings gonna blow me away. At Cavanaugh Park. Where you used to take me. To play in the sand. And said to me son. One day you'll be a man. And men can do terrible things. Yes they can. There was never any place. For someone like me. To be totally happy. I'm running out of clock. And that ain't a shock. Some things never do change. Never do change. At Cavanaugh Park. We used to get high. Watchin teams as they fought. They loved my friend Adam. But he always got caught. Man that kid made fucking up look cool. Aren't we all so cool now, No. There was never any place. For someone like me. To be totally happy. I'm running out of clock. And that ain't a shock. Some things never do change. Never do change. Never do change. Never do change. Never do change. At Cavanaugh Park. Where I used to think. That this life would be good. And I would do things. That I thought that I should. And no ones going to tear me down. There was never any place. For someone like me. To be totally happy. I'm running out of clock. And that ain't a shock. Some things never do change. There was never any place. For someone like me. To be totally happy. I'm running out of clock. And that ain't a shock. Some things never do change. Never do change. Never do change. Never do change. Never do change. 
4f6f42df-fdd6-484c-b555-f96b4d7afee2;Good and bad, I swear I've had them both they're overrated. But isn't it fun, when you get hold of one. Some go bad and some come back, the good ones all get taken. I'm calling a bluff, you ain't strong enough. Wait and pray you'll pick on me,. The day I raise my hand. Guess that I've been blessed, but I'll be damned. Halo. God only knows. Right behind me everywhere I go. Halo. God only knows. Right behind me everywhere I go. Say your prayers when you get scared,. pray you're gonna make it. and then we're done, you keep fucking up. One day soon I'll disappear and if you'll come I'll take you. Somewhere go, to keep from growing old. Wait and pray you'll pick on me,. The day I raise my hand. Guess that I've been blessed, but I'll be damned. Halo. God only knows. Right behind me everywhere I go. Halo. God only knows. Right behind me everywhere I go. Oh. Oh. Oh. Disappear the light is fading. Disappear outside their rage. Disappear I'm tired of waiting. Disappear before we fade away. Halo. God only knows. Right behind me everywhere I go. Halo. God only knows. Right behind me everywhere I go. 
fa40cba6-20a3-49c9-af1b-5e0fa68c8d33;Tender is the night. Lying by your side. Tender is the touch. Of someone that you love too much. Tender is the day. The demons go away. Lord I need to find. Someone who can heal my mind. Come on, come on, come on. Get through it. Come on, come on, come on. Love's the greatest thing. Come on, come on, come on. Get through it. Come on, come on, come on. Love's the greatest thing that we have. I'm waiting for that feeling. I'm waiting for that feeling. Waiting for that feeling to come. Oh, my baby. Oh, my baby. Oh why. Oh my. Tender is the ghost. The ghost I love the most. Hiding from the sun. Waiting for the night to come. Tender is my heart. I'm screwing up my life. Lord I need to find. Someone who can heal my mind. Come on, come on, come on. Get through it. Come on, come on, come on. Love's the greatest thing. Come on, come on, come on. Get through it. Come on, come on, come on. Love's the greatest thing that we have. I'm waiting for that feeling. I'm waiting for that feeling. Waiting for that feeling to come. Oh, my baby. Oh, my baby. Oh why. Oh my. Come on, come on, come on. Get through it. Come on, come on, come on. Love's the greatest thing. Come on, come on, come on. Get through it. Come on, come on, come on. Love's the greatest thing that we have. I'm waiting for that feeling. I'm waiting for that feeling. Waiting for that feeling to come. Oh, my baby. Oh, my baby. Oh, why. Oh, my. Tender is the light. Lying by your side. Tender is the touch. Of someone that you love too much. Tender is my heart you know. I'm screwing up my life. Oh Lord I need to find. Someone who can heal my mind. Come on, come on, come on. Get through it. Come on, come on, come on. Love's the greatest thing. Come on, come on, come on. Get through it. Come on, come on, come on. Love's the greatest thing that we have. I'm waiting for that feeling. I'm waiting for that feeling. Waiting for that feeling to come. Oh, my baby. Oh, my baby. Oh, why. Oh, my. 
12ff08eb-e459-44cd-96b0-9a8307271372;I see the morning paper. I'll crumble it to bits. Cuz it's bad again. How long will it take us? To find out that this is it. 'Til it's bad again? The leaves are falling. The leaves are falling. Turning over and over. The leaves are turning over. Getting colder and colder. The leaves are turning over. Why so many races. Fight while our children play? Will we melt away? Try and they'll take your best friend. Try and they'll take your head. For caring about, for caring about. The leaves are falling. The leaves are falling. Turning over and over. The leaves are turning over. Getting colder and colder. The leaves are turning over. Will we care again? Will we care again? Everyone passes on. And believes in what they want to. If we heal, we can feel something. That we didn't want to. There's a sign for the time. You can read it if you want to. Or everyone will become numb. They're falling. They're falling. They're falling. They're falling. They're falling. 
c9203f58-400a-4c6d-ba89-cc59dbf8821d;I've been the needle and the thread. Weaving figure eights and circles 'round your head. I try to laugh but cry instead. Patiently wait to hear the words you've never said. Fumbling through your dresser drawer. Forgot what I was looking for. Try to guide me in the right direction. Making use of all this time. Keeping everything inside. Close my eyes and listen to you cry. I'm lifting you up. I'm letting you down. I'm dancing till dawn. I'm fooling around. I'm not giving up. I'm making your love. This city's made us crazy and we must get out. Oh yeah. This is not goodbye, she said. It is just time for me to rest my head. She does not walk, she runs instead. Down these jagged streets and into my bed. When I was fumbling through your dresser drawer. Forgot what I was looking for. Try to guide me in the right direction. Making use of all this time. Keeping everything inside. Close my eyes and listen to you cry. I'm lifting you up. I'm letting you down. I'm dancing till dawn. I'm fooling around. I'm not giving up. I'm making your love. This city's made us crazy and we must get out. There's only so much I can do for you. After all of the things you put me through. Oh, I'm lifting you up. I'm letting you down. I'm dancing till dawn. I'm fooling around. I'm not giving up. I'm making your love. This city's made us crazy and we must get out. I'm lifting you up. I'm letting you down. I'm dancing till dawn. I'm fooling around. I'm not giving up. I'm making your love. This city's made us crazy and we must get out. I'm lifting you up (Woah). I'm letting you down (Woah). I'm dancing till dawn (Woah). I'm fooling around. I'm not giving up (Woah). I'm making your love (Woah, yeah). This city's made us crazy and we must get out. 
231b5cf4-f277-477e-a929-c490bd4a3c9f;I've got a 1980 Volvo. I get in start it up and I go. It ain't a vintage Cadillac. And it don't have fins on the back. And it'll always be good to me. Always be good to me. Always be good to me. I got a beat up Supro amp. I plug in and it sound like a champ. Not a fender tweek deluxe. It cost me 'bout a couple hundred bucks. And it'll always sound good to me. Yeah good to me. And these things are all I need. All these things are good to me. I got a girlfriend and she's so true. And no other kinda girl will do. Coz I've known some girls in the past. The kinda love they got don't last. And she'll always be true to me. 
c8359519-ed6c-4032-81c1-e9e17527b1a4;Her green plastic watering can. For a fake Chinese rubber plant. In the fake plastic earth. That she bought from a rubber man. In a town full of rubber plans. To get rid of itself. It wears her out. It wears her out. It wears her out. It wears her out. She lives with a broken man. A cracked polystyrene man. Who just crumbles and burns. He used to do surgery. For girls in the eighties. But gravity always wins. And it wears him out. It wears him out. It wears him out. It wears. She looks like the real thing. She tastes like the real thing. My fake plastic love. But I can't help the feeling. I could blow through the ceiling. If I just turn and run. And it wears me out. It wears me out. It wears me out. It wears me out. And if I could be who you wanted. If I could be who you wanted. All the time. All the time. 
e39068c2-f550-4920-8486-c7327219087b;What tongueless ghost of sin crept through my curtains? Sailing on a sea of sweat on a stormy night. I think he don't got a name but I can't be certain. And in me he starts to confide. That my family don't seem so familiar. And my enemies all know my name. And if you hear me tap on your window. You better get on your knees and pray, panic is on the way. My pulse pumps out a beat to the ghost dancer. My eyes are dead and my throat's like a black hole. And if there's a god, would he give another chancer. An hour to sing for his soul. Cos my family don't seem so familiar. And my enemies all know my name. And when you hear me tap on your window. You better get on your knees and pray, panic is on the way. Cos my family don't seem so familiar. And my enemies all know my name. And when you hear me tap on your window. Then you get on your knees and you better pray. Cos my family don't seem so familiar. And my enemies all know my name. And when you hear me tap on your window. You better get on your knees and pray, panic is on the way. Panic is on the way. 
ffbad1c3-952a-4183-964e-d6c2c1f8b7ed;I wanna live life, never be cruel. I wanna live life, be good to you. I wanna fly, never come down. And live my life, and have friends around. We never change, do we? No, no. We never learn, do we? So I wanna live in a wooden house. I wanna live life, always be true. I wanna live life, and be good to you. I wanna fly, and never come down. And I live my life, and have friends around. We never change, do we? No, no. We never learned to leave. So I wanna live in a wooden house. Making more friends would be easy. Oh and I don't have a show to say, yes, and I sin every single day. We never change, do we? We never learned to leave. So, I wanna live in a wooden house. Making more friends would be easy. I wanna live where the sun comes out. 
183c1734-5370-4907-8eb2-76bb754fe15c;I read it all every word. And I still don't understand a thing. What had you heard. What had you heard, was it love. Was it take another walk in the dark. You'll never learn. I'd pray to God if there was heaven. But heaven seems so very far from here. And it all boils down to the same thing. Just a yin and a yang or a couple of pipe dreams. And it all boils down to the same old pain. Whether you win or you lose isn't gonna change a single thing. I stood in line and a thought crossed my mind. I had been dreaming but I didn't mind. I signed the line and the woman looked right through me. She didn't smile. I'd pray to God if there was heaven. But heaven seems so very far from here. And it all boils down to the same old thing. Just a yin and a yang or a couple of pipe dreams. And it all boils down to the same old pain. Whether you win or you lose isn't gonna change a single thing. I'd pray to God if there was heaven. But heaven seems so very far from here. And it all boils down to the same old thing. Just a yin and a yang or a couple of pipe dreams. And it all boils down to the same old pain. Whether you win or you lose isn't gonna change a single thing. And it all boils down to the same old fear. Just a link in a chain just a puppet on a string. And it all boils down to the same old fear. Whether you win or lose. Whether you win or lose. Whether you win or lose. Whether you win or lose. 
82a580ef-41e6-4a54-b6a7-3074148c57f9;Stephanie stares at the posters on the wall. Tina sits and waits for a telephone call. Maxine mixes alcohol with polythene and paint. Sylvia stays in bed on her own. She can hear the cars outside and wonders where they go. And if you call her answerphone she'll get back to you one day. And lonely girls lonely girls fill the world. Oh Julia dreams while she's typing away. Jackie kills time while the company pays. Tracy still hears 808s ringing in her brain. Jane slaps paint on the walls of her home. Lydia sings when she thinks she's alone. Jean gets drunk and wanders home through the car parks that eat her change. Yeah lonely girls lonely girls fill the world. And they smile through the summer. And laugh in the rain. And sing through the winter. But never show the pain. Oh sometimes our lives are not what they seem. Sometimes things aren't like they are in lifestyle magazines. We see what we want to see. In this miracle of clay. Where lonely girls lonely girls fill the world. 
07025f16-45cc-4263-bad9-c76218976147;There's nothing I could say. To make you try to feel okay. And nothing you could do. To stop me feeling the way I do. And if the chance should happen. That I never see you again. Just remember that I'll always love you. I'd be a better person. On the other side I'm sure. You'd find a way to help yourself. And find another door. To shrug off a minor incident. And make us both feel proud. I just wish I could be there to see you through. You always were the one. To make us stand out in the crowd. Though every once upon a while. Your head was in a cloud. There's nothing you could never do. To ever let me down. And remember that I'll always love you. 
f8c06494-8d58-4a0e-bd3d-cef4989e88cd;Well that fragile happiness. Keeps me from forgetting. That this fragile happiness. Keeps me afloat when I'm sinking. The first generation. Caused such a sensation. Gave all an elation. But I'm in Deep Space Nine. Hitting wormholes all of the time. But that fragile happiness. Stops the nightmares when I'm sleeping. And where catholics confess. From my guilt there's no escaping. We'll go to Miami. Take old friends and family. We'll stay out and party. Does Will Smith lie? Does he ever cave in and cry? 
a74eec8c-32b8-4107-a650-6dd1ad266e67;Come back and be. Come back for free. Come back and stay. Child have you gone crazy. Molly it must be fine. It seems so dreamy to be so blind. And molly has gone to space. Has gone with Venus to watch the rain. It seems thats not the place where you belong. It seems thats not the place where you belong. When there's no sun. And there's no moon and there's no stars. child have you gone crazy. Come back and be. Come back for free. Come back and stay. Child have you gone crazy. Molly it must be fine. It seems so dreamy to be so blind. And Molly the whisper will. She's gone to space where she is there still. When there's sun. And there's moon and there's no stars. Child have you gone crazy. 
1886d335-f811-4fbf-a2a4-38f70f88db26;Green river flows like grass melting. Later it will run black down it's track into an ocean. She stands on the bridge,. dim light on her back. Well, someday. I will carry you. I will carry you. I will carry you. I will carry you. I wanna float higher. above waves of electric wires. and stare down onto the street. I see a drunk with kiln glazed eyes,. tellin' me about the girl I should meet someday. I will carry you. I will carry you. I will carry you. I will carry you. Ooh. musical interlude. I will carry you. I will carry you. I will carry you. I will carry you. I will carry you. I will carry you. 
002bacd3-deaa-4609-b6be-382cf8302742;Good morning my child. Stay with me a while. You not got any place to be. Won't you sit a spell with me. You've got diamonds for eyes. It's time for you to rise. And evaporate. In the sun. Sometimes it can weigh. A ton. Keep all your crows away. Hold skinny wolves at bay. In silver piles of smiles. May all your days be gold my child. A necklace of leaves. Spirits in the trees. And drown all the clocks 'til there's none. Little ambient in the sun. Keep all your crows away. Hold skinny wolves at bay. In silver piles of smiles. May all your days be gold my child. Ha-ah, ha-ah, ha-ah, hah-ahh. Good morning my child. Stay with me a while. And evaporate in the sun. Sometimes it can weigh a ton. Keep all your crows away. Hold skinny wolves at bay. In silver piles of smiles. May all your days be gold my child. May all your days be gold my child. May all your days be gold my child. May all your days be gold my child. 
76ddce28-5513-4d6d-80dd-9a1c4b67f758;You are loved and you know you are. Yeah you know, you know, you know you are. And you know, you know, you know you are. You'll endure and you know you will. Yeah you know, you know, you know you will. And you know, you know, you know you will. But you can't count it on your fingers. 'Cause there's more than you think. You can't use your head to figure. 'Cause there's much too much. For our little minds to deal with. So let's get it up. You will reap and you know you will. Yeah you know, you know, you know you will. And you know, you know, you know you will. But please don't every try to. Count it on your fingers 'cause there's more than you think. You can't use your head to figure 'cause there's much too much. For our little minds to deal with so let's get it up. But you can't count it on your fingers. 'Cause there's more than you think (just try). You can't use your head to figure (yeah yeah). 'Cause there's much too much (yeah). For our little minds to deal with so let's get it up. One two three. Give it up, lift your hands, everybody. Give it up, lift your hands, everybody, everybody. Give it up, lift your hands, everybody. Give it up, lift your hands, everybody, everybody. Give it up, lift your hands, everybody. Give it up, lift your hands, everybody, everybody. Give it up, lift your hands, everybody. Give it up, lift your hands, everybody, everybody. Give it up, lift your hands, everybody. Give it up, lift your hands, everybody. 
6dd6761a-7198-43af-965b-d863323b0854;Now the rain comes down the windows and it,. Drops onto the forehead of the waiting boy,. He surveys his rental kingdom and he,. Wonders if he's really lost his one joy. Another fool would go down to the,. Only place she ever went to lose herself,. She's gone to the movies now and she,. Don't need your help. Now the rain turns into snowfall as the,. City sky reflects the silver street below,. And it covers up the cars,. And the Wall-flowers CD ended half an hour ago. Another fool would dig the broken car out from the snow,. And drive to find the show,. She's gone to the movies now and she's,. Not coming home,. She's gone to the movies now and she's,. Not coming home. Now he looks around his place and anyways,. There's nowhere she could sit besides the bed,. And he wonders if the car will start tomorrow,. Or he'll have to take the bus instead. Any other fool would be out on the roadway,. Trying to spot her rusted Pontiac,. She's gone to the movies now and she's,. Not coming back,. She's gone to the movies now and she's,. Not coming back. 
1203bc54-941c-4bfc-9b93-079b5452f13e;So Future Boy where are you from? My time machine crashed over yonder. The syphillis is a bitch, but contracting HIV is much worse. Why are you pushing info into me. I have no need for it, I'm from the stars. I thought you'd like to know the scoop. I'm taking babies back with me, yeah. I'm taking them back home. So they can see there's a much better place. I've got a sister with an open mind. And my friends are all junkies. But they're still my friends. As long as they don't use monkeys. We enjoyed the heat of stolen days in the summer of '93. Well the future boy said. "I've got friends but you know some times. it all depends on how tall they are against yourself". I am the future boy (Hello, the future boy). I am the future boy (Hello, the future boy). I am the future boy (Hello, the future boy). I am the future boy (Hello, the future boy). I am the future boy (Hello, the future boy). I am the future boy (Hello, the future boy). I am the future boy (Hello, the future boy). I am the future boy (Hello, the future boy). My friends have all gone and left me. so I decided to come here and see myself as a baby. But it looks like I'm stuck here this time. Oh shit, gonna miss my friends. And no, you're still you're the future. Yes I'm still the future boy. We'll build you a time machine to get back home. Still the future boy. Still the future boy. Still the future boy. Oh, I'm still the future boy. Still the future boy. Still the future boy. Still the future boy. Well, I'm still the future boy. 
4298ee2e-d194-482a-94de-851c2815176d;She just wept. Like I could not ignore. How can I act. When my heart's on the floor? She just wept. 'Til her eyes became sore. I knew who she was. But I don't any more. She just cried. To the ruins of time. That kept us apart. We were doing just fine. She just wept. She was put to the test. Those that she'd loved. She had learnt to detest. Daddy I've got nothing left. My life is good, my love's a mess. Daddy I've got nothing left. What can I do that's for the best? Daddy I've got nothing left. My life is good, my love's a mess. Daddy I've got nothing left. What can I do that's for the best? 
c8a52b9b-f932-4f0c-b0e2-83e5f8f45a81;she stops out till morning. she hangs out at fairgrounds. moving to a new sound. waiting to forget the past. a melody calls. loops around, a setting sun. time to lose herself again. a melody calls. a setting sun, a melody calls. time to lose myself again. the words don't come so easy. she can't say what's inside. the sounds they do speak for me. the sounds remain forever. stays with her till morning time. 
05fc7a69-1403-4f9e-a66c-cb0f35ec4c23;It's late in the day,. I'm thinking of you,. The things that you say,. So long,. So long for me,. Its late in the day,. I'm talking to you,. Hear what i say,. So long,. So long for me,. All the time I thought of you,. In an ordinary way,. We'd slip off down the oily way,. All I really have to say,. Is people pass along the way,. Had thoughts of you and me again,. I lay on my bed,. Searching my mind,. Writing my love,. So long,. So long for me,. I sleep on the road,. Dream of a sound,. Coming my way,. So long,. So long for me,. All the time I thought of you,. In an ordinary way,. We'd slip off down the oily way,. All I really have to say,. Is people pass along the way,. Had thoughts of you and me again,. oooooooo. All the time I thought of you,. In an ordinary way,. We'd slip off down the oily way,. And all I really have to say,. Is people pass along the way,. I close my eyes and turn away,. And all the time I've been with you,. In an ordinary way,. We'd slip off down the oily way,. And all I really have to say,. Is people pass along the way,. And thoughts of you and me again. 
2e878ee0-5752-4d2c-8174-3e5398356678;Sad, drunk and poorly. Sleeping really late. Sad, drunk and poorly. Not feeling so great. Wandering lost in a town full of frowns. Sad, drunk and poorly. Dog's digging up the ground. And I feel the light in the night and in the day. And I feel the light when the sky's just mud and grey. And I feel the light when you tell me it's okay. 'Cause you're so great and I love you. Tea, tea and coffee. Helps to start the day. Tea, tea and coffee. Shake it all the way. City's alive, and surprise, so am I. Tea, tea and coffee. Got no sleep today. And I feel the light in the night and in the day. And I feel the light when the sky's just mud and grey. And I feel the light when you tell me it's okay. 'Cause you're so great and I love you. 
f47586bf-99e4-4019-8aa0-f39347381e5e;I saw the gap again today. While you were begging me to stay. Take care not to make me enter. If I do, we both may disappear. Know that I will choke until I swallow. Choke this infant here before me. What is this but my reflection? Who am I to judge or strike you down? But you're. Pushing, shoving, pushing, shoving. Pushing and shoving me, pushing and shoving me. Pushing and shoving me, pushing and shoving me. Pushing and shoving me. Pushing me, shoving me. You still love me, you still love me. Push it on me, you shit on me. You still love me, you still love me. Push it on me, you shit on me. Rest your trigger on my finger. Bang my head upon the fault line. You better take care not to make me enter,. 'Cause if I do, we both may disappear. But you're. Pushing and shoving, pushing and shoving. Pushing and shoving me, pushing me, shoving me. You still love me, you still love me. Push it on me, you shit on me. You're pushing and shoving me. Pushing and shoving me. Yeah, I'm slipping back into the gap again. I'm alive when you're touching me. Alive when you're shoving me down. But I'd trade it all for just a little peace of mind. Push it on me, push it on me. Push it on me, push it on me. You're pushing and shoving. I'm scrambling to keep my feet flat on the ground. I am somewhere I don't want to be. Push me somewhere I don't want to be. Put me somewhere I don't want to be. Seeing someplace I don't want to see. Never wanna see that place again. I saw the gap again today. While you were begging me to stay. Managed to push myself away. And you, as well, my dear. If, when I say I might fade like a sigh if I stay. You minimize my movement anyway. I must persuade you another way. Pushing and shoving and pushing and shoving and pushing me. There's no love in fear. I'm staring down the hole again. Your hands are on my back again. Survival is my only friend. Terrified of what may come. Remember, I will always love you. As I claw your fucking throat away. It will end no other way. It will end no other way. 
0310b993-c955-4753-af30-f98284414e0a;Saloman hung down her head. Laid bare her heart. For the world to see. She craved for intimacy. Through darkened doors. Her aspect veiled with indecision. Gazed out to sea. She craved lucidity. Cast adrift. Fom past relationships in her life. Hoisted up the ideal. This was her saving grace. Seas of rage that once assailed. Her concern for the truth. Had passed her by. And left her high and dry. In her saviour's arms. In her saviour's arms. In her saviour's arms. In her saviour's arms. Across the sea. Lies the fountain of renewal. Where you will see. The whole cause of your loneliness. Can be measured in dreams. That transcend all these lies. And I wish and I pray. That there may come a day. For a saviour's arms. For a saviour's arms. For a saviour's arms. For a saviour's arms. 
ffbad1c3-952a-4183-964e-d6c2c1f8b7ed;I wanna live life, never be cruel. I wanna live life, be good to you. I wanna fly, never come down. And live my life, and have friends around. We never change, do we? No, no. We never learn, do we? So I wanna live in a wooden house. I wanna live life, always be true. I wanna live life, and be good to you. I wanna fly, and never come down. And I live my life, and have friends around. We never change, do we? No, no. We never learned to leave. So I wanna live in a wooden house. Making more friends would be easy. Oh and I don't have a show to say, yes, and I sin every single day. We never change, do we? We never learned to leave. So, I wanna live in a wooden house. Making more friends would be easy. I wanna live where the sun comes out. 
e10a9d4b-3cdd-4b55-8da9-4a60ccacf01d;You, with your hand outstretched. Finger on the key. This lock that you release. Is opening but isn't free. And I hope that you can see. How it beats inside of me. Instead of pushing fear aside. I want to run, I want to hide. I am vulnerably yours. She, who is wanting me. Whose touch can make me cry. I can only understand. By never asking her why. Hear the contradictions fly. And as hard as I may try. Every truth becomes a lie. In the ache of her reply. I am passionately. Yours. And the saddest eyes are. Yours. And the softest skin is yours. Yours. And the hope I borrow is. Yours, yours, yours. So won't you let me in, I'm yours. All that I begin is yours. Every prize I win is yours. At your feet again, I'm yours. All I am is yours. All I am is wanting you. I've fallen down and I can't seem to come to. If I should die before I wake. I commend my soul into this ache. Up above the world so high. Where the water tends to meet the sky. She's all I'm after by the toe. And I won't let go. And I wanted you to know. That if you reap what you would sew. I would take it blow by blow. All I am is. Yours. And the saddest eyes are. Yours, yours. And the softest skin is. Yours, yours. And the hope I borrow is. Yours, yours. So won't you let me in, I'm yours. All that I begin is yours. Every prize I win is yours. At your feet again, I'm yours. All I am is yours. Yours. 
c38132ea-97ac-4349-acbe-fdd70926a4aa;My friend assures me, "It's all or nothing. ". I am not worried, I am not overly concerned. My friend implores me, "For one time only,. Make an exception. " I am not worried. Wrap her up in a package of lies. Send her off to a coconut island. I am not worried, I am not overly concerned. About the status of my emotions. "Oh," she says, "you're changing. ". We're always changing. It does not bother me to say this isn't love. 'Cause if you don't want to talk about it then it isn't love. And I guess I'm gonna have to live with that. But I'm sure there's something in a shade of gray or something in between. And I can always change my name, if that's what you mean. My friend assures me, "It's all or nothing. ". But I am not really worried, I am not overly concerned. You try to tell yourself the things you try to tell yourself. To make yourself forget, to make yourself forget. I am not worried. "If it's love," she said,. "Then we're going to have to think about the consequences. ". And she can't stop shaking. And I can't stop touching her. And this time when kindness falls like rain, it washes her away. And Anna begins to change her mind. "These seconds when I'm shaking leave me shuddering for days," she says. And I'm not ready for this sort of thing. But I'm not gonna break. And I'm not gonna worry about it anymore. I'm not gonna bend and I'm not gonna break. I'm not going to worry about it anymore, no no no no no. It seems like I should say, "As long as this is love. ". But it's not all that easy, so maybe I should. Snap her up in a butterfly net, pin her down on a photograph album. I am not worried, 'cause I've done this sort of thing before. But then I start to think about the consequences. And I don't get no sleep in a quiet room. And then this time when kindness falls like rain. It washes me away and Anna begins to change my mind. Every time she sneezes I believe it's love. And oh Lord, I'm not ready for this sort of thing. She's talking in her sleep, it's keeping me awake. And Anna begins to toss and turn. And every word is nonsense but I understand. And oh Lord, I'm not ready for this sort of thing. Her kindness bangs a gong, it's moving me along. And Anna begins to fade away. It's chasing me away, she disappears. And oh Lord, I'm not ready for this sort of thing. 
f317b848-8597-41a7-b13b-b5705a2ea8fc;Do you not hear me anymore? I know it's not your thing to care. I know it's cool to be so bored. It sucks me in when you're aloof. It sucks me in, it sucks it works. I guess it's cool to be alone. Do you never rest. Fighting the Battle of Who Could Care Less. Everyday you wake up late. Sometimes I wish I was that way. And you think Rockford Files is cool. But there are some things that you would change. If it were up to you. So think about your masterpiece. Watch the Rockford Files. And call to see if Paul can score some weed. Will you never rest. Fighting the Battle of Who Could Care Less. Unearned unhappiness. That's all right I guess. I've got this great idea. Why don't we pitch it to the Franklin fucking Mint? Fine pewter portraits of. General Apathy and Major Boredom singing. Oh well, maybe not, I'll try again. Well, this should cheer you up for sure. See, I've got your old I. D. And you're all dressed up like the Cure. You never rest. Fighting the Battle of Who Could Care Less. Unearned unhappiness. You're my hero, I confess. 
8c1f9f2a-5d88-45fb-8a6f-bd02ad6e857d;There's a world outside. And I know, 'cause I've heard talk. In my sweetest dream. I would go out for a walk. But I don't think I'm ready yet. Not feelin' up to it now. Just not that steady yet. And I don't need you telling me how. There's some happiness. If my stone face cracks again. Maybe some time sooner or later. But I don't think I'm ready yet. I'm not feelin' up to it now. Just not that steady yet. And I don't need you telling me how. So if I leave my room. Don't you tell me to lighten up. Maybe some time sooner or later. But I don't think I'm ready yet. Not feelin' up to it now. Just not that steady yet. I don't need you telling me how. I don't need you telling me how. I don't need you telling me how. I don't need you telling me how. I don't need you telling me how. I don't need you telling me how. I don't need you telling me how. I don't, don't need you telling me how. 
9d29e243-0b0e-4154-8d99-424f85815abd;I can't use what I can't abuse. And I can't stop when it comes to you. You burned me out, but I'm back at your door. Like Joan of Arc coming back for more. I nearly died. I nearly died. I nearly died. I came to cut you up. I came to knock you down. I came around to tear your little world apart. I came to shut you up. I came to drag you down. I came around to tear your little world apart. And break your soul apart. Ah, you burn and burn to get under my skin. You've gone too far now, I won't give in. You crucify me, but I'm back in your bed. Like Jesus Christ coming back from the dead. I nearly died. I nearly died. I nearly died. I came to knock you up. I came to cut you down. I came around to tear your little world apart. I came to rip you up. I came to shut you down. I came around to tear your little world apart. And break your soul apart. I nearly died. I nearly died. I nearly died. I came to cut you up. I came to knock you down. I came around to tear your little world apart. I came to shut you up. I came to suck you down. I came around to tear your little world apart. Tear your little world apart. Tear your little world apart. And break your soul apart. I can't stop when it comes to you. I can't stop when it comes to you. When it comes to you. 
b0aace8e-2500-4a4f-94dd-990e7b670659;Life is hard, and so am I. You'd better give me something, so I don't die. Novocaine for the soul. Before I sputter out. Before I sputter out. Life is white and I am black. Jesus and his lawyer are coming back. Oh my darling, will you be here. Before I sputter out. Before I sputter out. Before I sputter out. Guess who's living here, with the great undead. This paint-by-numbers life is fucking with my head. Once again. Life is good and I feel great. 'Cause mother says I was a great mistake. Novocaine for the soul. You'd better give me something to fill the hole. Before I sputter out. Before I sputter out. Before I sputter out. Before I sputter out. Before I sputter out. 
056a86ed-b38d-422f-a955-39569fee259e;We're going down the road towards tiny cities made of ashes. I'm gonna hit you on the face, I'm gonna punch you in your glasses, oh no. I just got a message that said, yeah, hell has frozen over. I got a phone call from the Lord saying, "Hey boy, get a sweater right now". So we're drinking, drinking, drinking, drinking Coca, Coca-Cola. I can feel it rollin' right on down, oh, right on down my throat. And as we're headed down the road towards tiny cities made of ashes. I'm gonna get dressed up in plastic, gonna shake hands with the masses, oh no. Does anybody know a way that a body could get away? Does anybody know a way? Does anybody know a way that a body could get away? Does anybody know a way? We're going down the road towards tiny cities made of ashes. I'm gonna hit you on the face, I'm gonna punch you in your glasses. I'm wearing myself a T-shirt that says the world is my ashtray. Our hearts pump dust and our hair's all gray. And I just got a message that says, yeah, hell has frozen over. I got a phone call from the Lord saying, "Hey boy get a sweater right now". Does anybody know a way that a body could get away? Does anybody know a way? Does anybody know a way? We're drinking, drinking, drinking, drinking Coca, Coca-Cola. I can feel it rollin' right on down my, oh, right on down my throat. And as we're heading down the road towards tiny cities made of ashes. I'm gonna lay down at the spa where they coat you in molasses, what now? Does anybody know a way that a body could get away? Does anybody know a way? Does anybody know a way that a body could get away? Does anybody know a way? 
a321f626-4a17-4162-b956-db7b746bf553;Mm. Mm. "Let us be lovers, we'll marry our fortunes together". "I've got some real estate here in my bag". So we bought a pack of cigarettes and Mrs. Wagner pies. And walked off to look for America. "Kathy," I said, as we boarded a Greyhound in Pittsburgh. "Michigan seems like a dream to me now. It took me four days to hitchhike from Saginaw. I've come to look for America". Laughing on the bus. Playing games with the faces. She said the man in the gabardine suit was a spy. I said, "Be careful, his bowtie is really a camera". "Toss me a cigarette, I think there's one in my raincoat". "We smoked the last one an hour ago". So I looked at the scenery, she read her magazine. And the Moon rose over an open field. "Kathy, I'm lost," I said, though I knew she was sleeping. "I'm empty and aching, and I don't know why". Counting the cars on the New Jersey Turnpike. They've all come to look for America. All come to look for America. All come to look for America. 
0905931f-93b9-4a5d-aa74-43e60fea037b;It's a fire. These dreams that pass me by. This salvation I desire. Keeps getting me down. 'Cause we need to. Recognize mistakes. For time and again. So let it be known for what we believe in. I can see no reason for it to fail. 'Cause this life is a farce. I can't breathe through this mask. Like a fool. So breathe on, sister, breathe on. From this warm cell. Testify or tell. It's fooling us now. So let it be known for what we believe in. I can see no reason for it to fail. 'Cause this life is a farce. I can't breathe through this mask. Like a fool. So breathe on, little sister, breathe on. Ohh so breathe on, little sister, like a fool. 
49ab9868-3316-47a8-806b-b8ea103d7986;Somewhere searching to figure it out. You take me back again. Somewhere drifting above and beyond. The sky and everyone. Chorus. What you are. What you are. What you are. Is the voice behind that dream. Sleeping quiet I float in the air. Searching for you there. Miles and miles away from your touch. Aching everywhere. Chorus. 
e92193b8-c248-4831-bd4d-2f70ced69505;I am the key to the lock in your house. That keeps your toys in the basement. And if you get too far inside. You'll only see my reflection. It's always best when the colour is off. I am the pick in the ice. Do not cry out or hit the alarm. You know we're friends till we die. And either way you turn, I'll be there. Open up your skull, I'll be there. Climbing up the walls. It's always best when the light is off. It's always better on the outside. Fifteen blows to the back of my head. Fifteen blows to your mind. So lock the kids up safe tonight. And shut the eyes in the cupboard. I've got the smell of a local man. Who's got the loneliest feeling. And either way you turn, I'll be there. Open up your skull, I'll be there. Climbing up the walls. Climbing up the walls. Climbing up the walls. 
b87faff8-ae2c-4c03-b688-c54702db4943;Three important rules for breaking up:. Don't put off breaking up when you know you want to. Prolonging the situation only makes it worse. Tell him honestly, simply, kindly, but firmly. Don't make a big production. Don't make up an elaborate story. This will help you avoid a big tear-jerking scene. If you wanna date other people say so. Be prepared for the boy to feel hurt and rejected. Even if you've gone together for only a short time and haven't been too serious. There's still a feeling of rejection when someone says she prefers the company of others to your exclusive company. But if you're honest and direct and avoid making a flowery emotional speech when you break the news. The boy will respect you for your frankness. And honestly, he'll appreciate the kind of straight forward manner in which you told him your decision. Unless he's a real jerk or a cry baby, you will remain friends. I'm head of the class. I'm popular. I'm a quarter back. I'm popular. My mom says I'm a catch. I'm popular. I'm never last picked. I got a cheerleading chick. Being attractive is the most important thing there is. If you wanna catch the biggest fish in your pond. You have to be as attractive as possible. Make sure to keep your hair spotless and clean. Wash it at least every two weeks. Once every two weeks. And if you see Johnny Football Hero in the hall. Tell him he played a great game. Tell him you liked his article in the newspaper. I'm the party star. I'm popular. I've got my own car. I'm popular. I'll never get caught. I'm popular. I make football bets. I'm a teacher's pet. I propose we support a one month limit on going steady. I think it would keep people more able to deal with weird situations. And get to know more people. I think if you're ready to go out with Johnny. Now's the time to tell him about your one month limit. He won't mind, he'll appreciate your fresh look on dating. And once you've dated someone else you can date him again. I'm sure he'll like it. Everyone will appreciate it. You're so novel, what a good idea. You can keep your time to yourself. You don't need date insurance. You can go out with whoever you want to. Every boy, every boy in the whole world could be yours. If you'll just listen to my plan:. The Teenage Guide To Popularity. I'm head of the class. I'm popular. I'm a quarter back. I'm popular. My mom says I'm a catch. I'm popular. I'm never last picked. I'm a cheerleading chick. I'm the party star. I'm popular. I've got my own car. I'm popular. I'll never get caught. I'm popular. I'm the teacher's pet. I make football bets. 
0addb08c-1fa7-49e3-8f08-c005a0e0827c;Had me a trick and a kick and your message. You'll never gain weight from a doughnut hole. Then thought that I could decipher your message. There's no one here dear, no one at all. And if I'm wasting all your time this time. Maybe you never learned to take. And if I'm hanging on to your shade. I guess I'm way beyond the pale. And southern men can grow gold can grow pertty. Blood can be pertty like a delicate man. Copper to steel to a hinge that is faltered. That lets you in, lets you in, lets you in. And if I'm wasting all your time this time. I guess you never learned to take. And if I'm hanging on to your shade. I guess I'm way beyond the pale. Something's just. Something's just keeping you numb. You told me last night you were a sun now. With your very own devoted satellite. Happy for you and I am sure that I hate you. Two sons too many, too many able fires, hey, yes. You've been wasting my time this time. I said you never learned to take. And if I'm hanging on to your shade. I guess I'm way beyond the pale. I guess I'm way beyond the pale. Had me a trick and a kick and your message. You'll never gain weight from a doughnut hole. 
a5af99cf-a410-452f-99c4-8a9aec49b7fa;Children are innocent, yeah. Teenagers fucked up in the head. Adults are even more fucked up. And elderlies are like children. Will there be another race. To come along and take over for us? Maybe Martians could do. Better than we've done. We'll make great pets. We'll make great pets. We'll make great pets. We'll make great pets. We'll make great pets. We'll make great pets. We'll make great pets. We'll make great pets. My friend says we're like the dinosaurs. Only we are doing ourselves in. Much faster than they ever did. We'll make great pets. We'll make great pets. We'll make great pets. We'll make great pets. We'll make great pets. We'll make great pets. We'll make great pets. We'll make great pets. We will make great pets. We'll make great pets. We'll make great pets. We'll make great pets. We will make great pets. We'll make great pets. We'll make great pets. We'll make great pets. 
0c62d368-8c2d-44f4-b1d5-93fe6e16bacb;And even though the moment passed me by. I still can't turn away. 'Cause all the dreams you never thought you'd lose. Got tossed along the way. And letters that you never meant to send. Get lost or thrown away. And now we're grown up orphans. That never knew their names. We don't belong to no one. That's a shame. But if you could hide beside me. Maybe for a while. And I won't tell no one your name. And I won't tell 'em your name. And scars are souvenirs you never lose. The past is never far. Did you lose yourself somewhere out there. Did you get to be a star. And don't it make you sad to know that life. Is more than who we are. We grew up way too fast. And now there's nothing to believe. Reruns all become our history. A tired song keeps playing on a tired radio. And I won't tell no one your name. And I won't tell em' your name. I won't tell em' your name. Mmm, mmm, mmm,. I won't tell 'em your name, ow! Mmmmmm. I think about you all the time. But I don't need the same. It's lonely where you are, come back down. And I won't tell 'em your name. 
dd4ad055-ae09-4694-bd19-ee0874ce7cf1;L. A. proved too much for the man. So he's leaving a life. He's come to know, ooh. He said he's going back to find. Ooh, what's left of his world. The world he left behind not so long ago. He's leaving. On that midnight train to Georgia, yeah. yeah. Said he's going back. To a simpler place and time, oh yes he is. I'll be with him. On that midnight train to Georgia. I'd rather live in his world. Than live without him in mine. He kept dreaming. Ooh, that some day he'd be a star. But he sure found out the hard way. That dreams don't always come true, oh no, uh uh. So he pawned all his hopes. And even sold his old car. Bought a one way ticket back to the life he once knew. Oh yes he did, he said he would. Oh-oh, he's leaving. On that midnight train to Georgia, yeah. Said he's going back to find, ooh. A simpler place and time, ooh, yeah. Yeah, I'm gonna be with him. On that midnight train to Georgia. I'd rather live in his world. Than live without him in mine. Ooh, he's leaving. On the midnight train to Georgia. , yeah, ooh y'all. Said he's going back to find. Ooh, a simpler place and time, ooh y'all, uh-huh. I've got to be with him. On that midnight train to Georgia. I'd rather live in his world. Than live without him in mine. For love, gonna board the midnight train to ride. For love, gonna board, gotta board the midnight train to go. For love, gonna board, uh huh, the midnight train to go. My world, his world, our world, mine and his alone. My world, his world, our world, mine and his alone. I got to go. I got to go. I got to go, hey. I got to go. I got to go. My world, his world, my man, his girl. I got to go. I got to go, oh. I got to go. My world, his world, our world, his girl. 
9b3bc03f-5f56-40e0-b2ad-d2ac66145e61;Uh. Ooh. What, what, what, what. 1, 2. 1, 2, 3, ooh. Wake up, kids, we got the dreamers' disease. Age 14, they got you down on your knees. So polite, we're busy still saying please. Frenemies, who, when you're down, ain't your friend. Every night we smash a Mercedes-Benz. First we run, and then we laugh till we cry. But when the night is falling. You cannot find the light (Light). You feel your dreams are dying. Hold tight. You've got the music in you. (Don't let go). You've got the music in you. (One dance left). This world is gonna pull through. (Don't give up). You've got a reason to live. (Can't forget). We only get what we give. I'm comin' home, baby. You're the tops. Give it to me now. Four A. M. , we ran the Miracle Mile. We're flat broke, but, hey, we do it in style. The bad rich, God's flying in for your trial. Ha-ha-ha. But when the night is falling. You cannot find a friend (Friend). You feel your tree is breaking. Just bend. You've got the music in you. (Don't let go). You've got the music in you. (One dance left). This world is gonna pull through. (Don't give up). You've got a reason to live. (Can't forget). We only get what we give. Ow. This whole damn world can fall apart. You'll be okay, follow your heart. You're in harm's way, I'm right behind. Now say you're mine. You've got the music in you. (Don't let go). You've got the music in you. (One dance left). This world is gonna pull through. (Don't give up). You've got a reason to live. (Can't forget). We only get what we give. (Don't let go). I feel the music in you. Yeah, yeah, yeah. Fly high. What's real can't die. You only get what you give. You're gonna get what you give. (Don't give up). Just don't be afraid to leave. Health insurance ripoff lying. FDA big bankers buying. Fake computer crashes dining. Cloning while they're multiplying. Fashion shoots with Beck and Hanson. Courtney Love and Marilyn Manson. You're all fakes, run to your mansions. Come around, we'll kick your ass in. (Don't let go). (One dance left). (Don't give up). (Can't forget). (Don't let go). 
e1942152-ae46-4e45-aa6b-6ecaf4d8c2fc;Trailing off the likes of it. She likes it when it grows. Sending out a candidate. She's sinking her foes. Peaking out then leveling. Wherever it goes. And her mother will greet you. And a river will reach you. Breaking out to make you slave again. Chasing Heather crazy. Chasing Heather crazy. Making sure that all the world is coming down. All the world is coming down on her. Anywhere I want to. And if you want to come too. We'll go down where. All the girls are stumblin' round. All the world is crumbling down around her. Staring out from otherworldly windows painted red. Doesn't have to listen to the voices in your head. That's a different lie. Do you remember what was said? And her mother will greet you. And a river will reach you. Breaking out to make you slave again. Chasing Heather crazy. Chasing Heather crazy. Making sure that all the world is coming down. All the world is coming down on her. Anywhere I want to. And if you want to come too. We'll go down where. All the girls are stumblin' round. All the world is crumbling down around her. Around her. Around her. Around her. Around her. 
6321625f-fe95-47ee-8c34-b71e6f7c41fb;same old story back again. she's not a lover. she's just a friend. i'm sick and tired for you to blame on me. now you think it's funny. now you wanna spend your money on girls. but you forgot when you were down. that i was around. call my lover, hang up, call again. what in the world is happening. listen in, but don't yell at me. isn't it ironic all you wanna do is smoke chronic. boy, you forgot when you were down. who was around. i can't eat, i can't sleep anymore. waiting for love to walk through the door. i wish i didn't miss you anymore. memories don't live like people do. i'm sick for ever believing you. wish you'd bring back the man i knew. was good to me, oh lord. everytime you say you're coming. boy, you disappoint me, honey. how well you forgot when you were down. and i was around. i can't eat, i can't sleep anymore. waiting for love to walk through the door. i wish i didn't miss you anymore. i can't eat, i can't sleep anymore. waiting for love to walk through the door. i wish i didn't miss you anymore. one of these days, it's gonna happen to you. missing a love like i'm missing you, babe yeah yeah. one of these days, when your dreams come true. that's the one that's gonna do it to you. oh oh oh, yeah, yeah, yeah yeah yeah yeah. i can't eat, i can't sleep anymore. waiting for love to walk through the door. i wish i didn't miss you anymore. 
1af03dca-e170-47e6-a35b-cc487b6da59c;(Zaakir). Well my name, Zaakir. I'm versatile. Plus I never eat the cow if ain't Hilal. While you rap or bit our styles in the third degree. Myself and 7even tight like cornbread Earl and me. Showcase with the voice that's Oh so fresh. And I can still serve a brotha in a minute or less. I can talk all day but I'mma save my breath. And let my nigga Marc 7even just do the rest. (Marc 7). I'll do the rest. But I won't rest. Get fresh off of any beat you suggest. High tech with the combination we prepare. Rap concierge behind there kickin' the snare. Now check it. Marc's the word. 7even marks the spot. Guaranteed to keep it hot. If you like it or not. MC's is ink blots. We verbal potshots. Takin' the top spot. We clutchin' top notch like. (Soup). And together we, will forever be. High Fidelity. Definitely. Switchin' the melody. Can it be. The Casanova speech therapy. That heavily puts the flavor right where it should be. My words have been connected to the poets of old. The way I utilize the pen I turn ink to gold. Keep it overly creative. Innovator of soul. Now check the flavor from the fader. Which my DJ holds. *Samples*. (Both) (2X). And together we. Will forever be. High Fidelity. Definitely. Switchin' the melody. Can it be the brothers that you rarely see. That got together for the better. Whether him or me. (Marc 7). You better remember these. Incredible MC's. Our sounds invade spread plagues just like a lepresy. Our weapons be our vocals. Guaranteed to smoke you. Better think twice about steppin'. We nice. Never focused on ice. And still comin' off tight. It's like the color of night. I mean the beat is so right. Damn! Soup and 7even. Infiltrate your heart. The beat that's compliment of DJ Nu-Mark. (Soup). And it's the fifth element. Never repetitive. Highly competitive. Classy and elegant. Super intelligent we're tellin' it to ladies and gents. Never irrelevant now do I have to say it again. (Marc 7). The fifth element. Never be hesitant. Totally accurate. Present or past tense. We immaculate in fact you get a whole crew. Backin' it. Hit 'chu with my two inch tape. And show you what workin' with. (Both). And together we. Will forever be. High Fidelity. Definitely. Switchin' the melody. Can it be the way that we demonstrate. Our Wonder-Twin powers we activate. (Soup). I'll tear a competitor. Pluck 'em like chicken feathers. I'm better than ever. Incredible poetical editor. Dead or be better. I bet'cha regardless the whether. Whenever with clever endeavors. When me and 7even rappin' together. (Marc 7). Your style is post mortem. No decorum. Style pourin'. We explorin'. You ignorin'. I'm the foreman. Longshoreman. And I'm sure when you tourin'. That you whack and you borin'. 
e3eb2605-6665-4fc9-8a6e-d5479b485cf1;Sweet seduction in a magazine,. endless pleasure in a limousine,. in the back shakes a tambourine,. Nicotine from a silver screen. Sweet seduction in a magazine,. endless pleasure in a limousine,. in the back shakes a tambourine,. Nicotine from a silver screen. Sweet seduction in a magazine,. endless pleasure in a limousine,. in the back shakes a tambourine,. Nicotine from a silver screen. Sweet seduction in a magazine,. endless pleasure in a limousine,. in the back shakes a tambourine,. Nicotine from a silver screen. Sweet seduction in a magazine,. endless pleasure in a limousine,. in the back shakes a tambourine,. Nicotine from a silver screen. Sweet seduction in a magazine,. endless pleasure in a limousine,. in the back shakes a tambourine,. Nicotine from a silver screen. Sweet seduction in a magazine,. endless pleasure in a limousine,. in the back shakes a tambourine,. Nicotine from a silver screen. In the music,. say the word,. see the light,. join the herd,. Levit comes,. Levit goes,. diamond memories,. go with the flow. In the music,. say the word,. see the light,. join the herd,. Levit comes,. Levit goes,. diamond memories,. go with the flow. Sweet seduction in a magazine,. endless pleasure in a limousine,. in the back shakes a tambourine,. Nicotine from a silver screen. Sweet seduction in a magazine,. endless pleasure in a limousine,. in the back shakes a tambourine,. Nicotine from a silver screen. Sweet seduction in a magazine,. endless pleasure in a limousine,. in the back shakes a tambourine,. Nicotine from a silver screen. Sweet seduction in a magazine,. endless pleasure in a limousine,. in the back shakes a tambourine,. Nicotine from a silver screen. (dararam dam daram daram. dararam dam daram darararam. dararam dam daram darararam). 
9b61b364-6049-4cbb-87f4-8331afc80a75;Hoo, my little pretty one, my pretty one. When you gonna give me some time, Sharona? Hoo, you make my motor run, my motor run. Gun it comin' off of the line, Sharona. Never gonna stop, give it up, such a dirty mind. I always get it up for the touch of the younger kind. My, my, my, aye-aye, woo! M-m-m-my Sharona. Come a little closer, huh, a-will ya, huh? Close enough to look in my eyes, Sharona. Keepin' it a mystery, it gets to me. Runnin' down the length of my thigh, Sharona. Never gonna stop, give it up, such a dirty mind. I always get it up for the touch of the younger kind. My, my, my, aye-aye, woo! M-m-m-my Sharona. M-m-m-my Sharona. When you gonna give to me, g-give to me. Is it just a matter of time, Sharona? Is it d-d-destiny, d-destiny. Or is it just a game in my mind, Sharona? Never gonna stop, give it up, such a dirty mind. I always get it up for the touch of the younger kind. My, my, my, aye-aye, woo! M-m-m-m-m-m-m-my, my, my, aye-aye, woo! M-m-m-my Sharona. M-m-m-my Sharona. M-m-m-my Sharona. M-m-m-my Sharona. Hoooooo-ohhh, my Sharona. Hoooooo-ohhh, my Sharona. Hoooooo-ohhh, my Sharona. 
b3e47ab0-b658-4c45-b25b-463b4ef31d58;NA
13748995-ab48-4558-88c7-7a4ae4f9eec3;Welcome to the lonesome world of Abel. Where every brother's knife is set to slay you. And paranoia keeps you healthy. Crooked deals can keep you wealthy. Serum vials to help you when you're sad. Every other face is bent and broken. Wrap your teeth around the only game in town. Made you clothes from insulation. Break your day for pay and ration. Hide. Hide. Hide. Killed by an angel. Lost inside amazing colors. It's never how you feel. It comes in a bottle. Let's say you found a gun,. How would your bad side burn? It's never how you feel. It comes in a bottle. Relax and all these whores will lick the membrane. Just a touch, a stain, a hole in your brain. It's cold when you remove the nails. Beg for more when all else fails. Serum vials to help you when you're sad. Killed by an angel. Lost inside amazing colors. It's never how you feel. It comes in a bottle. Let's say you found a gun,. How would your bad side burn? It's never how you feel. It comes in a bottle. The way the sea reflects the sun. Long gone. And all the miracles of love. Long gone. You hold your heart out in your hand. One last long sigh gone. One last long sigh gone. When you see the sores you can't believe them. Pathogenic lovers in a basement cell. Dirty white sheets cut up in strips. Cracks in the mirror and your mind slips. Serum vials to help you when you're sad. Killed by an angel. Lost inside amazing colors. It's never how you feel. It comes in a bottle. Let's say you found a gun,. How would your bad side burn? It's never how you feel. It comes in a bottle. Killed by an angel. Killed by an angel. 
eeb68e55-c679-471e-9dbc-80bd83ba621f;It's all about a secret I had or kept or stole from you. It's all about not knowing if I missed out on something new. You only know what I know. I never meant to keep you in the dark. I know it doesn't mean much coming from me. You want to laugh like they laugh? Go ahead and laugh your face off, faker. Just make sure to leave me home. This is all about a secret I had. 
80f81682-001b-4a97-8faf-9169e1cdbf27;Is she really going out with him? Ah. I got a feeling inside of me. It's kind of strange like a stormy sea. I don't know why, I don't know why. I guess these things have got to be. I gotta new rose, I got it good. Guess I knew that I always would. I can't stop to mess around. I got a brand new rose in town. See the sun, see the sun, it shines. Don't get too close or it'll burn your eyes. Don't you run away that way. You can come back another day. I got a new rose, I got it good. Guess I knew that I always would. I can't stop to mess around. I got a brand new rose in town. I never thought this could happen to me. This is strange, why should it be. I don't deserve somebody this great. I'd better go or it'll be too late. I got a feeling inside of me. It's kind of strange like a stormy sea. I don't know why, I don't know why. I guess these things have got to be. I got a new rose, I got her good. Guess I knew that I always would. I can't stop to mess around. I got a brand new rose in town, uh. 
1682433f-a9ab-4551-a92b-c710236cd88a;I'll write you a letter tomorrow. Tonight, I can't hold a pen. Someone's got a stamp that I can borrow. I promise not to blow the address again. Lights that flash in the evening. Through a crack in the drapes. Jesus rides beside me. He never buys any smokes. Hurry up, hurry up, ain't you had enough of this stuff. Ashtray floors, dirty clothes and filthy jokes. See you're high and lonesome. Try and try and try. Lights that flash in the evening. Through a hole in the drapes. I'll be home when I'm sleeping. I can't hardly wait. I can't wait. Hardly wait. I can't wait. Hardly wait. I can't wait. Hardly wait. I can't wait. Hardly wait. I can't wait. Hardly wait. 
de3b022b-08ed-4284-8ae0-e63b1f06bf99;There's great danger (Danger). For the loneliest ranger in town. No silver bullets (Bullets). Tonto's split the scene. Next week will solve your problems. But now, fish fingers all in a line. The milk bottles stand empty. Stay glued to your TV set (TV). There's great danger (Danger). At hand, most caped crusader of all. No cloak of justice (Justice). Robin's quit the scene. Next week will solve your problems. But now, fish fingers all in a line. The milk bottles stand empty. Stay glued to your TV set (TV). Stay glued to your TV set, oh (TV). Stay glued to your TV set, oh (TV). Stay glued to your TV set, oh (TV). Stay glued to your TV set, oh, oh, oh, oh, oh, oh, oh, oh, oh (TV). Stay glued to your TV set, oh why don't ya, don't ya, don't ya? (TV). Stay glued to your TV set (TV). Stay glued to your TV set, oh why don't ya, don't ya, don't ya? (TV). Stay glued onto your TV set (TV). 
39eb0cc4-df71-4bbe-9280-e3010522fcab;The change will do you good. I always knew it would. Sometimes I'm thinking that I love you. But I know it's only lust. Your kiss so sweet. Your sweat so sour. Your kiss so sweet. Your sweat so sour. Sometimes I'm thinking that I love you. But I know it's only lust. The sins of the flesh. Are simply sins of lust. Sweat's running down your back. Sweat's running down your neck. Heated couplings in the sun (Or is that untrue?). Colder couplings in the night (Never saw your body). Your kiss so sweet. Your sweat so sour. Sometimes I'm thinking that I love you. But I know it's only lust. The change will do you good. I always knew it would. You know the change will do you good. You know the change will do you good. Damaged goods, send 'em back. I can't work, I can't achieve, send me back. Open the till, give me the change you said would do me good. Refund the cost, you said you're cheap but you're so smart. Your sweat so sour. Sometimes I'm thinking that I love you. But I know it's only lust. The change will do you good. I always knew it would. You know the change will do you good. You know the change will do you good. I'm kissing you goodbye. I'm kissing you goodbye. I'm kissing you goodbye. I'm kissing you goodbye. Goodbye, goodbye, goodbye, goodbye, goodbye. Goodbye, goodbye, goodbye. Goodbye, goodbye, goodbye, goodbye, goodbye. Goodbye, goodbye, goodbye. 
a360be2e-5cbf-4b54-a524-5d5344379660;We met when we were in school. Never took no shit from no one, we weren't fools. The teacher says we're dumb, we're only having fun. We piss on everyone in the classroom. When we got thrown out, I left without much fuss. And weekends we'd go dancing down Streatham on the bus. You always made me laugh, got me in bad fights. Played me pool all night, smoking menthol. I practiced daily in my room. You were down the crown planning your next move. Go on a nicking spree, hit the wrong guy. Each of you get three years in Brixton. I did my very best to write. How was Butlins, were the screws too tight? When you lot get out, we're gonna hit the town. We'll burn it fucking down to a cinder. Cause years have passed and things have changed. I move any way I wanna go. And I'll never forget the feeling I got. When I heard that you'd got home. And I'll never forget the smile on my face. Cause I knew where you would be. And if you're in the crown tonight. Have a drink on me. Go easy, step lightly. Stay free. 
d462c1ba-0454-4065-9b31-add909d7dd60;We passed upon the stair, we spoke of was and when. Although I wasn't there, he said I was his friend. Which came as some surprise I spoke into his eyes. I thought you died alone, a long, long time ago. Oh no, not me. I never lost control. You're face to face. With the man who sold the world. I laughed and shook his hand, and made my way back home. I searched for form and land, for years & years, I roamed. I gazed a gazely stare at all the millions here. We must have died alone, a long, long time ago. Who knows? Not me. We never lost control. You're face to face. With the man who sold the world. Oh no, not me. I never lost control. You're face to face. With the man who sold the world. 
11ab867b-e1d4-4cd0-bc6b-3b8d78174c87;All around me are familiar faces. Worn-out places, worn-out faces. Bright and early for their daily races. Going nowhere, going nowhere. Their tears are filling up their glasses. No expression, no expression. Hide my head, I want to drown my sorrow. No tomorrow, no tomorrow. And I find it kind of funny. I find it kind of sad. The dreams in which I'm dying. Are the best I've ever had. I find it hard to tell you. I find it hard to take. When people run in circles it's a very, very. Mad world. Mad world. Children waiting for the day they feel good. Happy birthday, happy birthday. And I feel the way that every child should. Sit and listen, sit and listen. Went to school and I was very nervous. No one knew me, no one knew me. Hello, teacher, tell me, what's my lesson? Look right through me, look right through me. And I find it kind of funny. I find it kind of sad. The dreams in which I'm dying. Are the best I've ever had. I find it hard to tell you. I find it hard to take. When people run in circles it's a very, very. Mad world. Mad world. Enlarging your world. Mad world. 
364a7031-0aeb-4f9b-ae25-93d269ff6dc3;I will never bother you. I will never promise to. I will never follow you. I will never bother you. Never speak a word again. I will crawl away for good. I will move away from here. You won't be afraid of fear. No thought was put into this. I always knew it would come to this. Things have never been so swell. I have never failed to fail. Pain! Pain! Pain! You know you're right. You know you're right. You know you're right. I'm so warm and calm inside. I no longer have to hide. Let's talk about someone else. The stinging soon begins to melt. Nothing really bothers her. She just wants to love himself. I will move away from here. You won't be afraid of fear. No thought was put into this. I always knew to come like this. Things have never been so swell. I have never failed to feel. Pain! Pain! Pain! Pain! Pain! You know you're right. You know you're right. You know you're right. You know you're right. You know you're right. You know you're right. You know you're right. You know you're right. You know you're right. You know you're right. You know you're right (Pain!). You know you're right. You know you're right (Pain!). You know you're right. You know you're right (Pain!). You know you're right. You know you're right (Pain!). 
0e9b66ea-72a1-420b-880d-7e188f9b3a2e;I've seen you laugh at nothing at all. I've seen you sadly weeping. The sweetest thing I ever saw. Was you asleep and dreaming. Well, you may not be beautiful. But it's not for me to judge. I don't know if you're beautiful. Because I love you too much. I've seen you laugh at nothing at all. I've seen you sadly weeping. The sweetest thing I ever saw. Was you asleep and dreaming. I've seen you when your ship came in. And when your train was leaving. The sweetest thing I ever saw. Was you asleep and dreaming. 
d7575dfc-f2bc-4bba-ab02-33c7838693e0;Don't hold yourself like that. You'll hurt your knees. I kissed your mouth and back. But that's all I need. Don't build your world around volcanoes melt you down. What I am to you is not real. What I am to you you do not need. What I am to you is not what you mean to me. You give me miles and miles of mountains. And I'll ask for the sea. Don't throw yourself like that. In front of me. I kissed your mouth your back. Is that all you need? Don't drag my love around volcanoes melt me down. What I am to you is not real. What I am to you you do not need. What I am to you is not what you mean to me. You give me miles and miles of mountains. And I'll ask for what I give to you. Is just what I'm going through. This is nothing new. No no just another phase of finding what I really need. Is what makes me bleed. And like a new disease she's still too young to treat. Volcanoes melt me down. She's still too young. I kissed your mouth. You do not need me. 
32cbbe68-65d1-478e-89d2-e7b47bdf03e4;I'm so tired of being here. Suppressed by all my childish fears. And if you have to leave. I wish that you would just leave. 'Cause your presence still lingers here. And it won't leave me alone. These wounds won't seem to heal. This pain is just too real. There's just too much that time cannot erase. When you cried I'd wipe away all of your tears. When you'd scream I'd fight away all of your fears. And I held your hand through all of these years. But you still have all of me. You used to captivate me. By your resonating light. Now I'm bound by the life you left behind. Your face it haunts my once pleasant dreams. Your voice it chased away all the sanity in me. These wounds won't seem to heal. This pain is just too real. There's just too much that time cannot erase. When you cried I'd wipe away all of your tears. When you'd scream I'd fight away all of your fears. And I held your hand through all of these years. But you still have all of me. I've tried so hard to tell myself that you're gone. But though you're still with me. I've been alone all along. When you cried I'd wipe away all of your tears. When you'd scream I'd fight away all of your fears. And I held your hand through all of these years. But you still have all of me. Me. Me. 
40c34961-5db7-4be7-a607-4503a61971b1;NA
025a369d-d6d4-402e-9a81-8239dc58fca6;Home, is this a quiet place where you should be alone? Is this where the tortured and the troubled find their own? I don't know, but I can tell this isn't you, your cover's blown. But oh no, don't you dare hang up this phone. Hey! Give me space so I can breathe. Give me space so I can sleep. Give me space so you can drown in this with me. In this place. The lonely escapade in outer space. There's no anecdote for irony. You say that you have, when you know. That you don't, and you say that you can. When you know that you won't. Hey! Give me space so I can breathe. Give me space so I can sleep. Give me space so you can drown in this with me. Hey! Give me space but I can't breathe. Give me space but I can't sleep. Give me just one inch I swear that's all I need, oh. These battered walls and TV screens. Sometimes they make me want to scream. Ahhh! Hey! Give me space so I can breathe. Give me space so I can sleep. Give me space so you can drown in this with me. Hey! Give me space but I can't breathe. Give me space but I can't sleep. Give me just one inch I swear that's all I need. 
4a9e3b92-4fd3-4935-b5a8-263bf777a36e;I forget when words were only words. She knows the party makes me nervous. In this stage we can't get hurt. Don't try to understand me. We're too cool to be alone. But, not too crazy to get busted. I found out one life just ain't enough. I need another soul to feed on. I'm the flame I can't get burnt. I'm wholly understated. I found silence in this place. An on and off again attraction. I need such amazing grace. Heaven sweep me away. Love don't change, don't come around here. Don't wear my heart on your sleeve. Like a high school letter. Don't strain, cuz nothing ever comes from it. And the people we've become, well. They've never been the people who we are. I strap on one horse and prayed for luck. I dug another hole to bleed. I know exactly how this works. I need a new feel dirty. I don't need you crowding up my space. I just want to get inside you. You can't believe the heart you save. Giving something away. Love don't change, don't come around here. Don't wear my heart on your sleeve. Like a high school letter. Don't strain, cuz nothing ever comes from it. And the people we've become, well. They've never been the people who we are. I dreamed that the world was crumbling down. We sat on my back porch and watched it. (background) Jesus is knocking on the door of your heart, eh? I dreamed that the buildings all fell down. We sat on my back porch and watched it. Yeah well i dreamed that the world was crumbling down. We sat on my back porch and watched. In my head I heard the sound. Like fifteen strangers dancing. But oh how I want you to know me. Oh how I want you to know me. Oh how I wish I was somebody else, baby. Oh how I wish you could own me. Love don't change, don't come around here. Don't wear my heart on your sleeve. Like a high school letter. Don't strain, cuz nothing ever comes from it. And the people we've become, well. They've never been the people who we are. Love don't change, don't come around here. Don't wear my heart on your sleeve. Like a high school letter. Don't strain, cuz nothing ever comes from it. And the people we've become, well. They've never been the people who we are. Who we are, who we are. 
2fab1d1d-aa1c-4dd3-b351-732fad112568;Don't tell me what to think. Cause I don't care this time. Don't tell me what you believe. Cause you won't be there. To catch me when I fall. But you'll need me when I'm not here at all. Miss me when I'm gone again, yeah. I'm going down in flames. I'm falling into this again, yeah. I'm going down in flames. I'm falling into this again. Don't tell me how life is. Cause I don't really don't want to know. Don't tell me how this game ends. Cause we'll just see how it goes. Catch me when I fall. Or you'll need me when I'm not here at all. Miss me when I'm gone again, yeah. I'm going down in flames. I'm falling into this again, yeah. I'm going down in flames. I'm falling into this again, yeah. Now, I'm all the way down here. I'm falling. I'm all the way down here. I'm falling down again. I'm falling down. I'm falling down. I'm falling down. I'm going down in flames. I'm falling into this again,. I'm going down in flames. I'm falling into this again. Now, I'm all the way down here. I'm falling. All the way. All the way down here. I'm falling down again now I'm falling down. 
0010a71e-17b6-4f44-93f3-addcf8a6329b;I've seen you hanging 'round. This darkness where I'm bound. And this black hole I've dug for me. And silently within. With hands touching skin. The shock breaks my disease. And I can breathe. And all of your weight, all you dream. Falls on me, it falls on me. And your beautiful sky, the light you bring. Falls on me, it falls on me. Your faith like the pain. Draws me in again. She washes all my wounds for me. The darkness in my veins. I never could explain. And I wonder if you ever see. Will you still believe. And all of your weight, all you dream. Falls on me, it falls on me. And your beautiful sky, the light you bring. Falls on me, it falls on me. Am I that strong. To carry on. I might change your life. I might save my world. Could you save me? And all of your weight, all you dream. Falls on me, it falls on me. And your beautiful sky, the light you bring. Falls on me, it falls on me. And all of your weight, all you dream. Falls on me, it falls on me. And your beautiful sky, the light you bring. Falls on me, it falls on me. 
cef09a0a-bf16-4497-8208-280726cd3f46;This is my life, it's not what it was before. All these feelings I've shared. And these are my dreams. That I'd never lived before. Somebody shake me. 'Cause I, I must be sleepin'. Now that we're here, it's so far away. All the struggle we thought was in vain. An' all the mistakes one life contained. They all finally start to go away. An' now that we're here, it's so far away. An' I feel like I can face the day. An' I can't forget that I'm not ashamed. To be the person that I am today. These are my words. That I've never said before. I think I'm doing okay. And this is the smile. I've never shown before. Somebody shake me. 'Cause I, I must be sleeping. An' now that we're here, it's so far away. All the struggle we thought was in vain. An' all the mistakes one life contained. They all finally start to go away. An' now that we're here, it's so far away. An' I feel like I can face the day. An' I can't forget that I'm not ashamed. To be the person that I am today. I'm so afraid of waking. Please don't shake me. Afraid of waking. Please don't shake me. Now that we're here, it's so far away. All the struggle we thought was in vain. An' all the mistakes one life contained. They all finally start to go away. An' now that we're here, it's so far away. An' I feel like I can face the day. An' I can't forget that I'm not ashamed. To be the person that I am today. 
419199a0-9bab-4064-8690-15af5d9fc115;I'm not supposed to be scared of anything, but I don't know where I am. I wish that I could move but I'm exhausted and nobody understands (how I feel). I'm trying hard to breathe now but there's no air in my lungs. There's no one here to talk to and the pain inside is making me numb. I try to hold this under control. They can't help me 'cause no one knows. Now I'm going through changes, changes. God, I feel so frustrated lately. When I get suffocated, save me. Now I'm going through changes, changes. I'm feeling weak and weary walking through this world alone. Everything you say, every word of it, cuts me to the bone. I've got something to say, but now I've got no where to turn. It feels like I've been buried underneath all the weight of the world. I try to hold this under control. They can't help me 'cause no one knows. Now I'm going through changes, changes. God, I feel so frustrated lately. When I get suffocated, save me. Now I'm going through changes, changes. I'm blind and shakin'. Bound and breakin'. I hope I make it through all these changes. Now I'm going through changes, changes. God, I feel so frustrated lately. When I get suffocated, save me. Now I'm falling apart, now I feel it. But I'm going through changes, changes. God, I feel so frustrated lately. When I get suffocated, I hate this. But I'm going through changes, changes. 
4c81d3af-bcfc-4b06-a083-4a45e62c8f2a;They say freak. When you're singled out. The red. Well it filters through. So lay down. The threat is real. When his sight goes red again. Seeing red again. Seeing red again. This change he won't contain. Slip away to clear your mind. When asked what made it show? The truth he gives in to most. So lay down. The threat is real. When his sight goes red again. So lay down. The threat is real. When his sight goes red again. So lay down. The threat is real. When his sight goes red again. Seeing red again. Seeing red again. Seeing red again. Seeing red again. Seeing red again. Seeing red again. Seeing red again. Seeing red! They say freak. When you're singled out. The red. It filters through. 
1a636512-84c5-459c-9c30-9067f53a0082;Circling your. Circling your. Circling your head. Contemplating everything you ever said. Now I see the truth, I got a doubt. A different motive in your eyes and now I'm out. See you later. I see your fantasy. You wanna make it a reality paved in gold. See inside, inside of our heads, yeah, well now that's over. I see your motives inside. Decisions to hide. Back off I'll take you on. Headstrong to take on anyone. I know that you are wrong. Headstrong, we're headstrong. Back off I'll take you on. Headstrong to take on anyone. I know that you are wrong. And this is not where you belong. I can't give everything away. I won't give everything away. Conclusions manifest. Your first impression's got to be your very best. I see you're full of shit and that's alright. That's how you play, I guess you get through every night. Well now that's over. I see your fantasy. You wanna make it a reality paved in gold. See inside, inside of our heads, yeah, well now that's over. I see your motives inside. Decisions to hide. Back off I'll take you on. Headstrong to take on anyone. I know that you are wrong. Headstrong, we're headstrong. Back off I'll take you on. Headstrong to take on anyone. I know that you are wrong. If this is not where you belong. I can't give everything away. (this is not where you belong). I won't give everything away. I know, I know all about. I know, I know all about. I know, I know all about. I know, I know all about your motives inside. And your decision to hide. Back off I'll take you on. Headstrong to take on anyone. I know that you are wrong. Headstrong, we're headstrong. Back off I'll take you on. Headstrong to take on anyone. I know that you are wrong. If this is not where you belong. I can't give everything away. (this is not where you belong). I won't give everything away. (where you belong. this is not where you belong). 
41be9dde-2769-4f40-989d-99cf5e4db2a4;I'm tired of being what you want me to be. Feeling so faithless, lost under the surface. Don't know what you're expecting of me. Put under the pressure of walking in your shoes. (Caught in the undertow, just caught in the undertow). Every step that I take is another mistake to you. (Caught in the undertow, just caught in the undertow). I've become so numb. I can't feel you there. I've become so tired. So much more aware. I'm becoming this. All I want to do. Is be more like me. And be less like you. Can't you see that you're smothering me? Holding too tightly, afraid to lose control. 'Cause everything that you thought I would be. Has fallen apart right in front of you. (Caught in the undertow, just caught in the undertow). Every step that I take is another mistake to you. (Caught in the undertow, just caught in the undertow). And every second I waste is more than I can take. I've become so numb. I can't feel you there. I've become so tired. So much more aware. I'm becoming this. All I want to do. Is be more like me. And be less like you. And I know. I may end up failing too. But I know. You were just like me with someone disappointed in you. I've become so numb. I can't feel you there. I've become so tired. So much more aware. I'm becoming this. All I want to do. Is be more like me. And be less like you. I've become so numb. I can't feel you there. I'm tired of being what you want me to be. I've become so numb. I can't feel you there. I'm tired of being what you want me to be. 
ae627075-0269-49b3-b836-1127d5e138c3;I think I'm breaking out. I'm going to leave you now. Theres nothing for me here, it's all the same. And even though I know. That everything might go. Go downhill from here, I'm not afraid. Way away away from here I'll be. Way away away so you can see. How it feels to be alone and not believe (Feels to be alone and not believe). Feels to be alone and not believe anything. You can't stop me now. You can't hold me down. You can't keep me here, I'm on my way. I've made it this far now. And I'm not burning out. No matter what you say, I'm not afraid. Way away away from here I'll be. Way away away so you can see. How it feels to be alone and not believe (Feels to be alone and not believe). Feels to be alone and not believe anything. Letting out the noise inside of me (Letting out the noise inside of me). Every window pane is shattering (Every window pane is shattering). Cutting off my words before I speak (Cutting off my words). This is how it feels to not believe. Letting out the noise inside of me (Letting out the noise inside of me). Every window pane is shattering (Every window pane is shattering). Cutting off my words before I speak (Cutting off my words). This is how it feels to not believe. Way away away from here I'll be. Way away away so you can see. How it feels to be alone and not believe (feels to be alone and not believe). Feels to be alone and not believe anything. 
026f4164-355d-45a8-9b29-14c23e76c798;Haaaa haa a, Oooh Ooh. My love she throws me like a rubber ball. Oh oh oh, the sweetest thing. She won't catch me or break my fall. Oh oh oh, the sweetest thing. Baby's got blue skies up ahead. But in this I'm a rain cloud. You know she wants a dry kind of love. Oh oh oh, the sweetest thing. I'm losing you. I'm losing you. Ain't love the sweetest thing. I wanted to run but she made me crawl. Oh oh oh, the sweetest thing. Eternal fire, she turned me to straw. Oh oh, the sweetest thing. I know I got black eyes. But they burn so brightly for her. This is a blind kind of love. Oh oh oh, the sweetest thing. I'm losing you. Whoa haaa, I'm losing you. Ain't love the sweetest thing. Ain't love the sweetest thing. Ain't love the sweetest thing. Ain't love the sweetest thing. Ahhhh haaa haaaa. Ahhhh haaa haaaa. Blue-eyed boy meets a brown-eyed girl. Oh oh oh, the sweetest thing. You can sew it up but you still see the tear. Oh oh oh, the sweetest thing. Baby's got blue skies up ahead. But in this I'm a rain cloud. Ours is a stormy kind of love. Oh oh oh, the sweetest thing. Do do do do, do do do do. Do do do do, do do do do. Do do do do, do do do do. Do do do do, do do do do. Do do do do, do do do do. The sweetest thing. Do do do do, do do do do. Ooh Ooh The Sweetest Thing (Bono). 
00744e14-07ae-402b-abb1-36a9b7fe86c9;There comes a time to be free of the heart. I wanna be ready, ready to start. On a love journey, got places to go. Made up my mind and I have got to let you know. Heaven help the heart that lets me inside. Heaven help the one who comes in my life. Heaven help the fool that walks through my door. 'Cause I decided right now. I'm ready for love. A funny feeling's coming over me. Now I'm inspired and open to being. In a love place but it's out of my hands. I'm telling you baby that you got to understand. Heaven help the heart that lets me inside. Heaven help the one who comes in my life. Heaven help the fool that walks through my door. 'Cause I decided right now. I'm ready for love. I can't see what's out there for me. And I know love offers no guarantees. I'll take a chance and I'm telling you something babe. I got to let you know. Heaven help the heart that lets me inside. Heaven help the one who comes in my life. Heaven help the fool that walks through my door. 'Cause I decided right now. I'm ready for love, ready for love. Take a chance, take the chance on love. 
d045d802-b6e3-440d-8d02-09253713d4ba;My girl, my girl, don't lie to me. Tell me where did you sleep, last night. In the pines, in the pines. Where the sun don't ever shine. I would shiver the whole, night through. My girl, my girl, where will you go. I'm goin' where the cold, wind blows. In the pines, in the pines. Where the sun don't ever shine. I would shiver the whole, night through. Her husband, was a hard working man. Just about a mile, from here. His head, was found, in a drivin' wheel. But his body never was found. My girl, my girl, don't lie to me. Tell me where did you sleep last night. In the pines, in the pines. Where the sun don't ever shine. I would shiver the whole, night through. My girl, my girl, where will you go. I'm going where the cold, wind blows. In the pines, in the pines. Where the sun don't ever shine. I would shiver the whole, night through. My girl, my girl, don't lie to me. Tell me where did you sleep, last night. In the pines, in the pines. Where the sun don't ever shine. I would shiver the whole, night through. My girl, my girl, where will you go. I'm going where the cold, wind blows. In the pines, the pines. Sun, shine. I shiver, the whole, night through. 
3e1c6293-1bd4-46cf-9f1f-5bc4d58bfcb1;You believe there's something else. To relieve your emptiness. And you dream about yourself. And you bleed and breathe the air. And it's on and on and on and on and on. I just kinda died for you. You just kinda stared at me. We will always have the chance. We can do this one more time. Hell yeah, I remember aurora. Hell yeah, I remember aurora. All this time. Hell yeah, I remember aurora. Take me now, we can spin the sun around. And the stars will all come out. Then we'll turn and come back down. Turn and come back down. You believe there's somewhere else. Where it's easier than this. And you see outside yourself. And you buy the hole you'll fill. And still it's on and on and on and on and on. Hell yeah, I remember aurora. Hell yeah, I remember aurora. All this time. On and on and on aurora wait for everyone. Wait till the last one's done. 
9f4d1bd0-f55c-464e-9a9d-946f52dafeda;NA
c8e6087d-b3c4-4ee8-b3bd-a710fa1044fd;Scar tissue that I wish you saw. Sarcastic mister know it all. Close your eyes and I'll kiss you 'cause. With the birds I'll share. With the birds I'll share. This lonely view. With the birds I'll share. This lonely view. Push me up against the wall. Young Kentucky girl in a push-up bra. Fallin' all over myself. To lick your heart and taste your health 'cause. With the birds I'll share. This lonely view. With the birds I'll share. This lonely view. With the birds I'll share. This lonely view. Blood loss in a bathroom stall. Southern girl with a scarlet drawl. Wave good-bye to ma and pa 'cause. With the birds I'll share. With the birds I'll share. This lonely view. With the birds I'll share. This lonely view. Soft spoken with a broken jaw. Step outside but not to brawl in. Autumn's sweet we call it fall. I'll make it to the moon if I have to crawl and. With the birds I'll share. This lonely view. With the birds I'll share. This lonely view. With the birds I'll share. This lonely view. Scar tissue that I wish you saw. Sarcastic mister know it all. Close your eyes and I'll kiss you 'cause. With the birds I'll share. With the birds I'll share. This lonely view. With the birds I'll share. This lonely view. With the birds I'll share. This lonely view. 
3f00b7d0-3e2c-48c4-bcf9-7b239b51a38d;Twilight fades through blistered avalon. The sky's cruel torch on aching autobahn. Into the uncertain divine. We scream into the last divide. You make me real. You make me real. Strong as I feel. You make me real. Sheila rides on crashing nightingale. Intake eyes leave passing vapor trails. With blushing brilliance alive. Because it's time to arrive. You make me real. You make me real. Strong as I feel. You make me real. Lately I just can't seem to believe. Discard my friends to change the scenery. It meant the world to hold a bruising faith. But now it's just a matter of grace. A summer storm graces all of me. Highway warm sing silent poetry. I could bring you the light. And take you home into the night. You make me real (Lately I just can't seem to believe). You make me real (Discard my friends to change the scenery). Strong as I feel (It meant the world to hold a bruising faith). You make me real (But now it's just a matter of grace). 
04ff4c7d-2e34-49f6-816a-231be66d673a;Everybody's here with me. Ain't got no camera to see. Don't think I'm all in this world. The camera won't let me go. The burden doesn't love our soul. The digital won't let me go. Yeah yeah yeah, I'll pay (Yeah, yeah). When tomorrow, tomorrow comes today. Stereo, I want it on. It's taken me far too long. Don't think I'm all in this world. I don't think I'll be here too long. I don't think I'll be here too long. I don't think I'll be here too long. Yeah yeah yeah, I'll pay. When tomorrow, tomorrow comes today. Yeah, yeah. [Vocalizing, whistling]. 
945ac94a-eb7c-4177-88c7-4da45741ac07;I was bruised and battered, I couldn't tell what I felt. I was unrecognizable to myself. Saw my reflection in a window and didn't know my own face. Oh, brother, are you gonna leave me wasting away. On the streets of Philadelphia? I walked the avenue 'til my legs felt like stone. I heard voices of friends vanished and gone. At night I could hear the blood in my veins. Just as black and whispering as the rain. On the streets of Philadelphia. Ain't no angel gonna greet me. It's just you and I, my friend. And my clothes don't fit me no more. I walked a thousand miles just to slip this skin. The night has fallen and I'm lying awake. I can feel myself fading away. So receive me, brother, with your faithless kiss. Or will we leave each other alone like this. On the streets of Philadelphia? 
04454b83-a819-4acd-93cb-53ee9a4fe74c;Hello, darkness, my old friend. I've come to talk with you again. Because a vision softly creeping. Left its seeds while I was sleeping. And the vision that was planted in my brain. Still remains. Within the sound of silence. In restless dreams I walked alone. Narrow streets of cobblestone. 'Neath the halo of a streetlamp. I turned my collar to the cold and damp. When my eyes were stabbed by the flash of a neon light. That split the night. And touched the sound of silence. And in the naked light I saw. Ten thousand people, maybe more. People talking without speaking. People hearing without listening. People writing songs that voices never shared. And no one dared. Disturb the sound of silence. "Fools," said I, "You do not know. Silence like a cancer grows. Hear my words that I might teach you. Take my arms that I might reach you". But my words like silent raindrops fell. And echoed in the wells of silence. And the people bowed and prayed. To the neon god they made. And the sign flashed out its warning. In the words that it was forming. And the sign said, "The words of the prophets. Are written on the subway walls. And tenement halls. And whispered in the sounds of silence". 
10860b6b-3026-429f-8844-be5dbebe1023;See the storm is broken. In the middle of the night. Nothing left here for me. It's washed away. The rain pushes. The buildings aside. The sky turns black. The sky. Wash it far. Push it out to sea. There's nothing left here. For me. I watch it lift up to the sky. I watch it crush me. And then I die. Speak to me baby. In the middle of the night. Pull your mouth. Close to mine. I can see the wind coming down. Like black night. So speak to me. Like the winds outside. It's broken up, pushing us. Hear the rain fall. See the wind come to my eyes. See the storm broken. Now nothing. Speak to me baby. In the middle of the night. Speak to me. Hold your mouth to mine. 'Cause the sky is breaking. It's deeper than love. I know the way you feel. Like the rains outside. Speak to me. 
f344565b-7c8b-4505-bb18-4dc1b0f3b93d;Speak to me in a language I can hear. Humor me before I have to go. Deep in thought I forgive everyone. As the cluttered streets greet me once again. I know, I can't be late. Supper's waiting on the table. Tomorrow's just an excuse away. So I pull my collar up and face the cold. On my own. The earth laughs beneath my heavy feet. At the blasphemy in my old, jangly walk. Steeple guide me to my heart and home. The sun is out and up and down again. I know, I'll make it. Love can last forever. Graceful swans of never topple to the earth. And you can make it last forever. You can make it last forever. You can make it last. And for a moment, I lose myself. Wrapped up in the pleasures of the world. I've journeyed here and there and back again. But in the same old haunts, I still find my friends. Mysteries not ready to reveal. Your sympathies I'm ready to return. I'll make the effort. Love can last forever. Graceful swans of never topple to the earth. Tomorrow's just an excuse. Tomorrow's just an excuse. And you can make it last forever. You can make it last forever. You can make it last forever you. Forever you. 
d35200cc-c573-492d-8306-5882278edfc7;Once divided, nothing left to subtract. Some words when spoken can't be taken back. Walks on his own with thoughts he can't help thinking. Future's above, but in the past, he's slow and sinking. Caught a bolt 'a lightning, cursed the day he let it go. Nothingman. Nothingman. Isn't it something? Nothingman. She once believed in every story he had to tell. One day she stiffened, took the other side. Empty stares from each corner of a shared prison cell. One just escapes, one's left inside the well. And he who forgets will be destined to remember. Nothingman. Nothingman. Isn't it something? Nothingman. Oh, she don't want him. Oh, she won't feed him after he's flown away. Oh, into the sun, ah, into the sun. Burn, burn. Nothingman. Nothingman. Isn't it something? Nothingman. Nothingman. Nothingman. Could've been something. Nothingman. Oh. oh. oh. 
fd3f1ebc-3044-4fb7-ba4f-ecf69448e6c3;Blank page was all the rage. Never meant to say anything. In bed I was half dead. Tired of dreaming of rest. Got dressed drove the state line. Looking for you at the five and dime. Stop sign told me stay at home. Told me you were not alone. Blank page was all the rage. Never meant to hurt anyone. In bed I was half dead. Tired of dreaming of rest. You haven't changed. You're still the same. May you rise as you fall. You were easy you are forgotten. You are the ways of my mistakes. I catch the rainfall. Through the leaking roof. That you had left behind. You remind me. Of that leak in my soul. The rain falls. My friends call. Leaking rain on the phone. Take a day plant some trees. May they shade you from me. May your children play beneath. Blank page was all the rage. Never meant to say anything. In bed I was half dead. Tired of dreaming of rest. Got dressed drove the state line. Looking for you at the five and dime. But there I was picking pieces up. You are a ghost. Of my indecision. No more little girl. 
ec125118-5ab8-4d5f-9cf4-652655286f2f;There must be something. In the way I feel. That she don't want me to feel. The stare she bares cut me. I don't care. You see so what if I bleed. I could never change. Just what I feel. My face will never show. What is not real. A mountain never seems to have. The need to speak. A look that shares so many seek. The sweetest feeling. I got from you. The things I said to you were true. I could never change. Just what I feel. My face will never show. What is not real. I could have lied I'm such a fool. My eyes could never never never. Keep their cool. Showed her and I told her how. She struck me but I'm fucked up now. But now she's gone yes she's gone away. A soulful song. That would not stay. You see she hides 'cause she is scared. But I don't care. I won't be spared. I could have lied I'm such a fool. My eyes could never never never. Keep their cool. Showed her and I told her how. She struck me but I'm fucked up now. I could have lied I'm such a fool. My eyes could never never never. Keep their cool. Showed her and I told her how. She struck me but I'm fucked up now. 
fa40cba6-20a3-49c9-af1b-5e0fa68c8d33;Tender is the night. Lying by your side. Tender is the touch. Of someone that you love too much. Tender is the day. The demons go away. Lord I need to find. Someone who can heal my mind. Come on, come on, come on. Get through it. Come on, come on, come on. Love's the greatest thing. Come on, come on, come on. Get through it. Come on, come on, come on. Love's the greatest thing that we have. I'm waiting for that feeling. I'm waiting for that feeling. Waiting for that feeling to come. Oh, my baby. Oh, my baby. Oh why. Oh my. Tender is the ghost. The ghost I love the most. Hiding from the sun. Waiting for the night to come. Tender is my heart. I'm screwing up my life. Lord I need to find. Someone who can heal my mind. Come on, come on, come on. Get through it. Come on, come on, come on. Love's the greatest thing. Come on, come on, come on. Get through it. Come on, come on, come on. Love's the greatest thing that we have. I'm waiting for that feeling. I'm waiting for that feeling. Waiting for that feeling to come. Oh, my baby. Oh, my baby. Oh why. Oh my. Come on, come on, come on. Get through it. Come on, come on, come on. Love's the greatest thing. Come on, come on, come on. Get through it. Come on, come on, come on. Love's the greatest thing that we have. I'm waiting for that feeling. I'm waiting for that feeling. Waiting for that feeling to come. Oh, my baby. Oh, my baby. Oh, why. Oh, my. Tender is the light. Lying by your side. Tender is the touch. Of someone that you love too much. Tender is my heart you know. I'm screwing up my life. Oh Lord I need to find. Someone who can heal my mind. Come on, come on, come on. Get through it. Come on, come on, come on. Love's the greatest thing. Come on, come on, come on. Get through it. Come on, come on, come on. Love's the greatest thing that we have. I'm waiting for that feeling. I'm waiting for that feeling. Waiting for that feeling to come. Oh, my baby. Oh, my baby. Oh, why. Oh, my. 
628f7f6d-c138-42be-873e-467154a64349;See the stone set in your eyes. See the thorn twist in your side. I wait for you. Sleight of hand and twist of fate. On a bed of nails she makes me wait. And I wait without you. With or without you. With or without you. Through the storm, we reach the shore. You give it all but I want more. And I'm waiting for you. With or without you. With or without you. I can't live with or without you. And you give yourself away. And you give yourself away. And you give, and you give. And you give yourself away. My hands are tied, my body bruised. She's got me with nothing to win. And nothing left to lose. And you give yourself away. And you give yourself away. And you give, and you give. And you give yourself away. With or without you. With or without you. I can't live. With or without you. Oh, oh, oh. With or without you. With or without you, oh. I can't live. With or without you. With or without you. Ooh. Ooh. 
32540240-c59a-458c-871b-0e536fcdb111;The best thing about life is knowing you should be here (x6) [Inaudible]. 
09d94d79-eba2-44ed-be5e-64acbc0320ad;Sometimes I feel like I don't have a partner. Sometimes I feel like my only friend. Is the city I live in. The city of angels. Lonely as I am. Together we cry. I drive on her streets 'cause. She's my companion. I walk through her hills 'cause. She knows who I am. She sees my good deeds and. She kisses me windy. Well I never worry, now that is a lie. And I don't ever want to feel. Like I did that day. Take me to the place I love. Take me all the way. Well I don't ever want to feel. Like I did that day. Take me to the place I love. Take me all the way, yeah. Yeah, yeah. It's hard to believe that. There's nobody out there. It's hard to believe. That I'm all alone. At least I have her love. The city, she loves me. Lonely as I am, together we cry. Well I don't ever want to feel. Like I did that day. Take me to the place I love. Take me all the way. Well I don't ever want to feel. Like I did that day. Take me to the place I love. Take me all the way, yeah. Yeah, yeah. Oh, no, no, no, yeah, yeah. Love me, I said, yeah, yeah. One time. Under the bridge downtown. Is where I drew some blood. Under the bridge downtown. I could not get enough. Under the bridge downtown. Forgot about my love. Under the bridge downtown. I gave my life away, yeah, yeah, yeah. Oh, no, no, no, yeah, yeah. Love me, I said, yeah, yeah. Will I stay? 
41f3cb92-34f0-4afe-809c-68a2f36e6688;NA
eb9c4ec1-ebcb-423c-97e7-64687903a3d0;I've been searching for you. I heard a cry within my soul. I've never had a yearning quite like this before. Now here you are walking right through my door. All of my life. Where have you been. I wonder if I'll ever see you again. And if that day comes. I know we could win. I wonder if I'll ever see you again. A sacred gift of heaven. For better, worse, wherever. And I would never let somebody break you down. Or take your crown, never. All of my life. Where have you been. I wonder if I'll ever see you again. And if that day comes. I know we could win. I wonder if I'll ever see you again. I've searched through time. I've always known. That you were there upon your throne. A lonely queen without her king. I've longed for you my love forever. All of my life. Where have you been. I wonder if I'll ever see you again. And if that day comes. I know we could win. I wonder if I'll ever see you again. All of my life. Where have you been. I wonder if I'll ever see you again. And if that day comes. I know we could win. I wonder if I'll ever see you again. All of my life. Where have you been. I wonder if I'll ever see you again. And if that day comes. I know we could win. I wonder if I'll ever see you again. I wonder if I'll ever see you again. I wonder if I'll ever see you again. I wonder if I'll ever see you again. I wonder if I'll ever see you again. I wonder if I'll ever see you again. I wonder if I'll ever see you again. I wonder if I'll ever see you again. 
a3b39649-8424-4ea3-903c-730babe27362;Take me down, to the underground. Won't you take me down, to the underground. Why oh why, there is no light. And if I can't sleep, can you hold my life? And all I see is you. And take my hand, I lost where I began. In my heart I know all of my faults,. Will you help me understand? And all I believe in you, you're the other half of me. Soothe and heal. When you sleep, when you dream, I'll be there if you need me,. Whenever I hear you sing. There is a sun, it'll come, the sun, hear them call me down. I held you once, a love that once, and life had just begun. And you're all I see. And trumpets blew, and angels flew on the other side. And you're all I see, and you're all I'll need. There's a love that God puts in your heart. 
0344e517-9e30-45c2-9a8e-1fad6f892e6b;This is the greatest and best song in the world. Tribute. Long time ago, me and my brother Kyle here. We was hitchhikin' down a long and lonesome road. All of a sudden. There shined a shiny demon. In the middle of the road. And he said! "Play the best song in the world, or I'll eat your souls". Well, me and Kyle. We looked at each other. And we each said. "Okay". And we played the first thing that came to our heads. Just so happened to be. The best song in the world. It was the best song in the world. Look into my eyes and it's easy to see. One and one make two, two and one make three. It was destiny. Once every hundred-thousand years or so. When the sun doth shine, and the moon doth glow. And the grass doth grow. Needless to say. The beast was stunned. A-whip-crack went his whippy tail! And the beast was done. He asked us. "Be you angels?". And we said "Nay,. We are but men". Rock! Ah, ah, ah,. Ho, whoa, oh-yo! This is not the greatest song in the world, no. This is just a tribute! Couldn't remember the greatest song in the world, yeah, no! This is a tribute, oh. To the greatest song in the world. All right! It was the greatest song in the world. All right! It was just the best motherfuckin' song. The greatest song in the world, all right! Dee soo guh goo gee goo gee. Goo guh fli-goo gee goo, guh fli-goo ga goo buh dee. Ooh guh goo bee, ooh guh guh bee guh guh bee. Fli-goo gee goo, a-fli-guh woo wa mama. Lucifer. And the peculiar thing is this, my friends. The song we sang on that fateful night. It didn't actually sound anything like this song! This is just a tribute! You gotta believe me,. And I wish you were there. Just a matter of opinion. Ha, ha, ha, ha, ha! Good God, got lovin'. Just so surprised to find you can't stop it. Oh hallelujah, I'm found. Rich motherfucking ka-chug. All right! All right! 
9ff651a2-1576-4de3-92bd-8f41b5958bcc;Please could you stop the noise, I'm trying to get some rest. From all the unborn chicken voices in my head. What's that? (I may be paranoid, but not an android). What's that? (I may be paranoid, but not an android). When I am king you will be first against the wall. With your opinion which is of no consequence at all. What's that? (I may be paranoid, but no android). What's that? (I may be paranoid, but no android). Ambition makes you look pretty ugly. Kicking, squealing Gucci little piggy. You don't remember, you don't remember. Why don't you remember my name? Off with his head, man, off with his head, man. Why don't he remember my name, I guess he does. Rain down, rain down. Come on, rain down on me. From a great height, from a great height. Height. Rain down, rain down. Come on, rain down on me. From a great height, from a great height. Height. That's it, sir, you're leaving (rain down). The crackle of pigskin (rain down, come on, rain). The dust and the screaming (down on me). The yuppies networking. The panic, the vomit (from a great height). The panic, the vomit (from a great height). God loves his children. God loves his children, yeah. 
173df583-529a-40be-baf5-31103e603ccd;I'm tired of feelin' sick and useless. Then speakin' every other way. Gluin' my eyes together girl. Might be the right escape. There's nothin' in the secret garden. Just images of blue and white. Losin' my mind forever girl. May be the only sign. Down in a country yard. I was taken by the shadows. Although we couldn't see that far. I was dreamin' of tomorrow. I really don't need a change. I really don't need what's mine. Out in a country yard. It'll be just fine. 
5caabad4-29ec-4cd3-8814-b4a1215be2e6;We left behind the busy crowd. So it seems we slow down. Meet me with a way out through the lies. Nowhere, going nowhere in the fake yellow light. Blame no one, blame no one. The feelings change so fast. Safety scares them away. I can't bring myself to say it, it's my own advice I need. Nowhere and then nowhere, living trapped inside the chase. Blame no one, blame no one (so blame no one, would you look in my eyes and). Blame no one, blame no one. Our weakness is the same. We need poison sometimes. So take another drink with me. Blame no one, blame no one (so blame no one, could you look in my eyes and). Blame no one, blame no one. 
348f9f45-e584-453e-8e00-ac56c9f5b1bb;Street's like a jungle. So call the police. Following the herd. Down to Greece. On holiday. Love in the nineties. Is paranoid. On sunny beaches. Take your chances. Looking for girls who are boys. Who like boys to be girls. Who dig boys like they're girls. Who dig girls like they're boys. Always should be someone you really love. Avoiding all work. 'Cause there's none available. Low battery thinkers. Count your thoughts. On one, two, three, four, five fingers. Nothing is wasted. Only reproduced. You get nasty blisters. Du bist sehr schön. But we haven't been introduced. Girls who are boys. Who like boys to be girls. Who dig boys like they're girls. Who dig girls like they're boys. Always should be someone you really love. Girls who are boys. Who like boys to be girls. Who dig boys like they're girls. Who dig girls like they're boys. Always should be someone you really love. Ah ah ah ah ah ah. Ah ah ah ah ah. Looking for. Girls, boys. Boys, girls. Girls, boys. Boys, girls. Always should be someone you really love. Girls who are boys. Who like boys to be girls. Who dig boys like they're girls. Who dig girls like they're boys. Always should be someone you really love. Girls who are boys. Who like boys to be girls. Who dig boys like they're girls. Who dig girls like they're boys. Always should be someone you really love. Girls who are boys. 
09c9eeee-e209-4cf6-a77b-6315eea6daf7;If dust could only talk. What would we hear it say? Before it's brushed aside. Just as it's swept away. It's just the evidence. It's of no consequence. It's only flesh and bone. Why don't you leave it alone? If dust could only speak. Caught in a falling beam. If dust could only cry. If dust could only scream. For it's the single witness that might testify. Could I spit out the truth? Or would you rather just swallow a lie? But dust is always caught behind a coat of paint. Beneath the marble fingernails of kings and saints. And in the theatre curtain where they hang a drape. Or in the ticket pocket where your hands escape. Before they start to wander. Or they start to shrink. You rub your eye a little and appear to blink. And then she caught you staring. She knows just what you're thinking. What got into you was not a ghost as such. It was just dust. Here comes the juggernaut. Here come The Poisoners. They choke the life and land. And rob the joy from us. Why do they taste of sugar. Oh, when they're made of money. Here comes the lamb of God. And the butcher's boy, Sonny. Well I believe we just. Become a speck of dust. 
345ce241-49ea-42ce-a3f9-74ba50e28e59;At first I was afraid. I was petrified. I kept thinking I could never live. Without you by my side. But then I spent so many nights. Just thinking how you've done me wrong. I grew strong. I learned how to get along. And so you're back. From outer space. I just walked in to find you. Here without that look upon your face. I should have changed my fucking lock. I would have made you leave your key. If I'd have known for just one second. You'd be back to bother me. Oh now go. Walk out the door. Just turn around now. You're not welcome anymore. Weren't you the one. Who tried to break me with desire? Did you think I'd crumble? Did you think I'd lay down and die? Oh not I. I will survive. Yeah. As long as I know how to love. I know I'll be alive. I've got all my life to live. I've got all my love to give. I will survive. I will survive. Yeah, yeah. It took all the strength I had. Just not to fall apart. I'm trying hard to mend the pieces. Of my broken heart. And I spent oh so many nights. Just feeling sorry for myself. I used to cry. But now I hold my head up high. And you see me. With somebody new. I'm not that stupid little person. Still in love with you. And so you thought you'd just drop by. And you expect me to be free. But now I'm saving all my lovin'. For someone who's lovin' me. Oh now go. Walk out the door. Just turn around now. You're not welcome anymore. Weren't you the one. Who tried to break me with desire? Did you think I'd crumble? Did you think I'd lay down and die? Oh not I. I will survive. Yeah. As long as I know how to love. I know I'll be alive. I've got all my life to live. I've got all my love to give. I will survive. I will survive. Yeah, yeah. Da da, da da, da da dada. Da, da, da, da, dada dada dada dada. Oh no. 
1a5e2acc-6b28-4a82-b942-2808995646f7;You're a few years overdue. I spent them waiting here for you. Now your charity's refused,. I can name a penance for abuse. Twenty four years overdue,. what kind of role model are you? Very least learn not to do,. I think I might be over you. Do hope I won't. Learn to make. The same mistakes,. That you would. Make me aware. That only fear,. My only hope,. Is letting go. Went on a limb for you,. Capsized when I turned twenty two. Did it burn as bad for you? No bottle serves to soothe my wounds. Do hope I won't. Learn to make. The same mistakes,. That you would. Make me aware. That only fear,. My only hope,. Is letting go. . My only hope. Is letting go. You're a few years overdue. I spent them waiting here for you. 
30e8205f-67f0-4081-8a10-1a42e71fda45;A nice heart and a white suit and a baby blue Sedan. And I am doing the best that I can. All the eunuchs, they were standing in rows, singing. Please stud us out just as fast as you possibly can. Sad song, last dance and no one knows who the band was. And Henry, you danced like a wooden Indian. Except this one mattered and I felt it had a spirit. And I shot the stork because I didn't hear it that way. And it's hard to be a human being. And it's harder as anything else. And I'm lonesome when you're around. And I'm never lonesome when I'm by myself. And I miss you when you're around. And I miss you when you're around. And I miss you when you're around. A nice heart and a white suit and a baby blue Sedan. And I am doing the best that I can. All the eunuchs, they were standing in rows, singing. Please stud us out just as fast as you possibly can. Sad song, last dance and no one knows who the band was. And Henry, you danced like a wooden Indian. And it's hard to be a human being. And it's harder as anything else. And I'm lonesome when you're around. And I'm never lonesome when I'm by myself. And I miss you when you're around. And I miss you when you're around. And I miss you when you're around. A nice heart and a white suit and a baby blue Sedan. 
735b92c4-5552-411e-9a57-be49a3a4c928;I've been. Waiting a long time for this. Moment to come, I'm destined. For anything at all. Downtown. Lights will be shining on me. Like a new diamond, ring out. Under the midnight hour. Well, no one. Can touch me now, well, and I. Can't turn my back, it's too late. Ready or not at all. Well, I'm so much closer than. I have ever known. Wake up! Dawning. Of a new era calling. Don't let it catch you falling. Ready or not at all. Well, so close. Enough to taste it, almost. I can embrace this feeling. On the tip of my tongue. Well, I'm so much closer than. I have ever known. Wake up! Better thank your lucky stars. Shay-hey-hey. Well, I'm so much closer than. I have ever known. Wake up! Better thank your lucky stars. Shay-hey-hey. I've been. Waiting a long time for this. Moment to come, I'm destined. For anything at all. Dumbstruck. Color me stupid, good luck. You're gonna need it, where I'm. Going if I get there at all. Wake up. Better thank your lucky stars. 
183c1734-5370-4907-8eb2-76bb754fe15c;I read it all every word. And I still don't understand a thing. What had you heard. What had you heard, was it love. Was it take another walk in the dark. You'll never learn. I'd pray to God if there was heaven. But heaven seems so very far from here. And it all boils down to the same thing. Just a yin and a yang or a couple of pipe dreams. And it all boils down to the same old pain. Whether you win or you lose isn't gonna change a single thing. I stood in line and a thought crossed my mind. I had been dreaming but I didn't mind. I signed the line and the woman looked right through me. She didn't smile. I'd pray to God if there was heaven. But heaven seems so very far from here. And it all boils down to the same old thing. Just a yin and a yang or a couple of pipe dreams. And it all boils down to the same old pain. Whether you win or you lose isn't gonna change a single thing. I'd pray to God if there was heaven. But heaven seems so very far from here. And it all boils down to the same old thing. Just a yin and a yang or a couple of pipe dreams. And it all boils down to the same old pain. Whether you win or you lose isn't gonna change a single thing. And it all boils down to the same old fear. Just a link in a chain just a puppet on a string. And it all boils down to the same old fear. Whether you win or lose. Whether you win or lose. Whether you win or lose. Whether you win or lose. 
5bc1a05b-93d1-4a07-9ba5-735dd226f7fa;I waited till I saw the sun. I don't know why I didn't come. I left you by the house of fun. I don't know why I didn't come. I don't know why I didn't come. When I saw the break of day. I wished that I could fly away. Instead of kneeling in the sand. Catching teardrops in my hand. My heart is drenched in wine. But you'll be on my mind forever. Out across the endless sea. I will die in ecstasy. But I'll be a bag of bones. Driving down the road alone. My heart is drenched in wine. But you'll be on my mind forever. Something has to make you run. I don't know why I didn't come. I feel as empty as a drum. I don't know why I didn't come. I don't know why I didn't come. I don't know why I didn't come. 
a959e495-c05a-4c17-903f-353a39835177;Talking to the songbird yesterday. Flew me to a place not far away. She's a little pilot in my mind. Singin' songs of love to pass the time. Gonna write a song so she can see. Give her all the love she gives to me. Talk of better days that have yet to come. I never felt this love from anyone. She's not anyone. She's not anyone. She's not anyone. A man can never dream these kind of things. Especially when she came and spread her wings. Whispered in my ear the things I'd like. Then she flew away into the night. Gonna write a song so she can see. Give her all the love she gives to me. Talk of better days that have yet to come. Never felt this love from anyone. She's not anyone. She's not anyone. She's not anyone. 
2d3e9f36-e35e-4e71-9427-ba699b7066f0;Oh no, I see. A spider web, it's tangled up with me. And I lost my head. The thought of all the stupid things I'd said. Oh no, what's this? A spider web, and I'm caught in the middle. So I turned to run. The thought of all the stupid things I'd done. I never meant to cause you trouble. I never meant to do you wrong. And I, well if I ever caused you trouble. Oh no, I never meant to do you harm. Oh no, I see. A spider web and it's me in the middle. So I twist and turn. Here am I in my little bubble. Singing I never meant to cause you trouble. I never meant to do you wrong. And I, well if I ever caused you trouble. Oh no, I never meant to do you harm. They spun a web for me. They spun a web for me. They spun a web for me. 
662eef72-f432-4712-8cad-efe4e33c33f0;Do you like American music? I like American music. Don't you like American music, baby? I want you to hold me, I want your arms around me. I want you to hold me, baby. Did you do too many drugs? I did too many drugs. Did you do too many drugs, too, baby? You were born too late, I was born too soon,. But every time I look at that ugly moon, it reminds me of you. It reminds me of you. ooh-ooh-ooh. I need a date to the prom, would you like to come along? But nobody would go to the prom with me, baby. They didn't like American music, they never heard American music. They didn't know the music was in my soul, baby. You were born too soon, I was born too late,. But every time I look at that ugly lake, it reminds me of me. It reminds me of me. Do you like American music?. I like American music. . Do you like American music?. But I like American music best. baby. You were born too late, and I was born too late,. But every time I look at that ugly lake, it reminds me of me. 
1cb29032-188f-49f0-87b0-16dcbd5638a1;Consider the odds, consider the obvious. The martyr is meaningless, the campaign has died. In the planning stages and the fallen faces are the singular proof. That it was ever alive. This purchased rebellion has been outbidded. Denounced and rescinded and left to die. Championless, championless, championless. I begged you not to go. I begged you. I pleaded. Claimed you as my only hope. And watched the floor as you retreated. I begged you not to go. I begged you. I pleaded. Claimed you as my only hope. And watched the floor as you retreated. Hope has sprung a perfect dive. A perfect day. A perfect lie. A slowly crafted monologue conceding your defeat. This purchased rebellion has been outbidded. Denounced and rescinded and left to die. Championless, championless, championless. I begged you not to go. I begged you. I pleaded. Claimed you as my only hope. And watched the floor as you retreated. I begged you not to go. I begged you. I pleaded. Claimed you as my only hope. And watched the floor as you retreated. Does it comfort you to know you fought the good fight? Basking in your victory, hollow and alone. While you boast your bitter bragging rights to anyone who'll listen. While you're left with nothing tangible to gain. 
21aa9456-4f90-44ef-8a2f-904c8bbce66a;Making my way downtown Walking fast, faces pass and I m homebound Staring blankly ahead Just making my way Making a way through the crowd  And I need you And I miss you And now I wonder  If I could fall into the sky Do you think time would pass me by? Cause you know I d walk a thousand miles If I could just see you tonight  It s always times like these  When I think of you And wonder if you ever think of me  Cause everything s so wrong and I don t belong Living in your precious memory  Cause I need you And I miss you And now I wonder  If I could fall into the sky Do you think time would pass me by? Cause you know I d walk a thousand miles If I could just see you tonight  And I, I don t wanna let you know I, I drown in your memory I, I don t wanna let this go I, I don t  Making my way downtown Walking fast, faces pass and I m homebound Staring blankly ahead, just making my way Making a way through the crowd  And I still need you And I still miss you And now I wonder  If I could fall into the sky Do you think time would pass us by? Cause you know I d walk a thousand miles  If I could just see you, oh, oh  If I could fall into the sky Do you think time would pass me by? Cause you know I d walk a thousand miles If I could just see you If I could just hold you tonight. 
500d66ed-596c-49de-b38c-eee232707e1e;NA
2bd1b47a-2b53-4f27-8031-e8216392f99f;We passed upon the stair. We spoke of was and when. Although I wasn't there. He said I was his friend. Which came as a surprise. I spoke into his eyes. I thought you died alone. A long long time ago. Oh no, not me. We never lost control. You're face, to face. With the man who sold the world. I laughed and shook his hand. And made my way back home. I searched for form and land. For years and years I roamed. I gazed a gazely stare. We walked a million hills. I must have died alone. A long long time ago. Who knows, not me. I never lost control. You're face, to face. With the man who sold the world. Who knows, not me. We never lost control. You're face, to face. With the man who sold the world. 
7109e589-b5b6-4a79-9c3e-be48d8a36c7d;Well the heat is so great. It plays tricks with the eye. It turns the road into water. Then from water to sky. And there's a crack in the concrete floor. That starts at the sink. Yea, there's a bathroom in the gas station. And I've locked myself in it to think. Back in the city. The sun bakes the trash on the curb. The men are pissing in doorways. And the rats are running in herds. And I've got a dream with your face in it. That scares me awake. I've put too much on my table. Now I've got too much at stake. And I might let you off easy. Yea I might lead you on. I might wait for you to look for me. And then I might be gone. There's where I've come from and where I'm going. And I am lost in between. I might go out to that phone booth. And leave a veiled invitation on your machine. And you'll stop me, won't you? If you've heard this one before. Oh the one where I surprise you. By showing up at your front door. Saying, "Let's not ask what next. or how or why. I'm leaving in the morning. So let's not be shy". Don't be shy. The door opens, the room winces. The housekeeper comes in without a warning. And I squint at the muscular motel lady. And say "Hey morning". As she jumps her keys jingle. She leaves as quickly as she came in. And I roll over and taste the pillow with my grin. Well the sheets are twisted and damp. But the heat is so great. And I swear I can feel the mattress. Sinking underneath your weight. Boy your sleep is like a fever. And I'm glad when it ends. Oh the road flows like a river. And it pulls me round every bend. Stop me, won't you? If you've heard this one before. Oh the one where I surprise you. By showing up at your front door. Saying, "Let's not ask what next. or how or why. I am leaving in the morning. So let's not be shy". Don't be shy. Well the heat is so great. It plays tricks with the eye. It turns the road into water. Then from water to sky. And there's a crack in the concrete floor. It starts at the sink. There's a bathroom in the gas station. And I have locked myself in it to think. And you'll stop me, won't you? If you've heard this one before. yeah the one where I surprise you. By showing up at your front door. Saying, "Let's not ask what next. or how or why. I am leaving in the morning. So let's not be shy". You'll stop me, won't you? If you've heard this one before. yeah the one where I surprise you. By showing up at your front door. Saying, "Let's not ask what next. how or why. I'm leaving in the morning. So let's not be shy". Don't be shy. no dont be shy. no don't be shy. no don't be shy. come on fucker don't be shy. 
dd464b0c-9fbf-4b2e-be77-434290a70e93;Lump sat alone in a boggy marsh. Totally motionless except for her heart. Mud flowed up into lump's pajamas. She totally confused all the passing piranhas. She's lump, she's lump. She's in my head. She's lump, she's lump, she's lump. She might be dead. Lump lingered last in line for brains. And the one she got was sorta rotten and insane. Small things so sad that birds could land. Is lump fast asleep or rockin' out with the band? She's lump, she's lump. She's in my head. She's lump, she's lump, she's lump. She might be dead. Low! Baa bow. Ba ba ba ba dow. Baa bow. Ba ba ba da da da. Baa bow. Ba ba ba da da na. Naa bow. Lump was limp and lonely and needed a shove. Lump slipped on a kiss and tumbled into love. She spent her twenties between the sheets. And life limped along at subsonic speeds. She's lump, she's lump. She's in my head. She's lump, she's lump, she's lump. She might be dead. Woo! Is this lump outta my head? I think so. Is this lump outta my head? I think so. Yeah! Woo! Is this lump outta my head? I think so. Is this lump outta my head? 
325724cb-55e8-4c61-8a06-b9c8901a3da9;You'll never be. A better kind. If you don't leave. The world behind. Waste my days. Drown aways. It's just the thought of you. In love with someone else. It breaks my heart to see you. Hangin' from your shelf. You'll never do. The things you want. If you don't move. And get a job. Waste my days. Drown aways. It's just the thought of you. In love with someone else. It breaks my heart to see you. Hangin' from your shelf. Oh girl, when I'm in love with you. Keep fishin' if you feel it's true. There's nothin' much that we can do. To save you from yourself. Waste my days. Drown aways. It's just the thought of you. In love with someone else. It breaks my heart to see you. Hangin' from your shelf. Oh girl, when I'm in love with you. Keep fishin' if you feel it's true. There's nothin' much that we can do. To save you from yourself. You'll never do. The things you want. If you don't move. And get a job. (And get a job)Waste my days. (And get a job)Waste my days. (And get a job)Waste my days. (And get a job)Waste my days. Waste my days. (Waste my days) Whoa-oh. (Waste my days) Whoa-oh, whoa-oh. (Waste my days) Oh, oh. (Waste my days) Oh, oh. Waste my days. 
a9d289df-237f-421c-8f28-57da1ecf4f99;Dealers keep dealing, thieves keep thieving. Whores keep whoring, junkies keep scoring. Trade is on the meat rack, strip joints full of hunchbacks. Bitches keep a bitching, clap just keeps itching. Ain't no use in praying that's the way it's staying, baby. Johnny ain't so crazy, he's always got a line for the ladies, yeah, yeah, yeah. Get your rocks off, get your rocks off, honey. Shake it now now, get 'em off downtown. Get your rocks off, get your rocks off, honey. Shake it now now, get 'em off downtown. Creeps a keep crawling, drunks a keep falling. Teasers keep a-teasing, holy Joes are preaching. Cops just keep busting, hustlers keep a-hustling. Death just keeps knocking, souls are up for auction. Ain't no use in praying that's the way it's staying, baby. Johnny ain't so crazy, he's always got a line for the ladies, yeah, yeah, yeah. Get your rocks off, get your rocks off, honey. Shake it now now, get 'em off downtown. Get your rocks off, get your rocks off, honey. Shake it now now, get 'em off downtown, get down. Ain't no use in praying that's the way it's staying, baby. Johnny ain't so crazy, he's always got a line for the ladies, oh yeah. Get your rocks off, get your rocks off, honey. Shake it now now, get 'em off downtown. Get your rocks off, get your rocks off, honey. Shake it now now, get 'em off downtown. Get your rocks off, get your rocks off, honey. Shake it now now, get 'em off downtown. Get your rocks off, get your rocks off, honey. Shake it now now, get 'em off downtown. Get your rocks off, get your rocks off, honey. Get your rocks off, get your rocks off, honey. Get your rocks off, get your rocks off, honey. Get your rocks off, get your rocks off, honey. Get your rocks off, get your rocks off, honey. Get your rocks off, get your rocks off, honey. 
802c0c46-94b1-44cf-aae7-8b78c5bb5e91;In my arms we shall begin with none of the rocks well there's no charge. In this land right now, some are insane, and they're in charge. To hell with poverty we'll get drunk on cheap wine. To hell with poverty the check will arrive we'll turn the Boast again. To hell with poverty the check will arrive we'll turn to Boast again. In my arms we shall begin with none of the rocks and There's no charge. In this land right now, some are insane, and they're in charge. To hell with poverty we'll get drunk on cheap wine. To hell with poverty. 
133b1466-9044-4bcc-a327-92e59fc5fff1;Beel embark embark another one. Bell embark embark a low. Got it to get it and get it over. Got it to get it and get it or low. Take it take it your mother knows. Se da ra come and come and come. Dig e dig e me no me no. Dig e gig e me no me no. Western highs and buys another. Western highs and buys a low. Got it to get it and get it over. Got it to get it and get it a low. Take it take it your mother knows. Se da ra come and come and come. Dig e gig e me no me no. Dig e dig e me no me no. Beel embark embark another one. Bell embark embark a low. Got it to get it and get it over. Got it to get it and get it or low. Take it take it your mother knows. Se da ra come and come and come. Dig-e dig-e menno menno, oh IDig-e dig-e menno menno, oh I. 
a902443d-7cbc-4947-a24a-2cc9034a492b;How does it feel. To treat me like you do. When you've laid your hands upon me. And told me who you are? I thought I was mistaken. I thought I heard your words. Tell me, how do I feel? Tell me now, how do I feel? Those who came before me. Lived through their vocations. From the past until completion. They'll turn away no more. And I still find it so hard. To say what I need to say. But I'm quite sure that you'll tell me. Just how I should feel today. I see a ship in the harbour. I can and shall obey. But if it wasn't for your misfortune. I'd be a heavenly person today. And I thought I was mistaken. And I thought I heard you speak. Tell me, how do I feel? Tell me now, how should I feel? Now, I stand here waiting. I thought I told you to leave me. While I walked down to the beach. Tell me, how does it feel. When your heart grows cold? 
1a28f535-a6f6-4a87-8af6-543aaf3e5e93;(Together) We will go our way. (Together) We will leave some day. (Together) Your hand in my hand. (Together) We will make our plan. (Together) We will fly so high. (Together) Tell all our friends goodbye. (Together) We will start life new. (Together) This is what we'll do. (Go west) Life is peaceful there. (Go west) In the open air. (Go west) Where the skies are blue. (Go west) This is what we're gonna do. (Go west. This is what we're gonna do. Whoa!). (Together) We will love the beach. (Together) We will learn and teach. (Together) Change our pace of life. (Together) We will work and strive. (I love you) I know you love me. (I want you) How could I disagree? (So that's why) I make no protest. (When you say) You will do the rest. (Go west) Life is peaceful there. (Go west) In the open air. (Go west) Baby, you and me. (Go west) This is our destiny. (Go west) Sun in Winter time. (Go west) We will do just fine. (Go west) Where the skies are blue. (Go west. This is what we're gonna do). There, where the air is free. We'll be (we'll be) what we want to be (oh). Now, if we make a stand. We'll find (we'll find) our promised land. (I know that) There are many ways. (To live there) In the sun or shade. (Together) We will find the place. (To settle) Where there's so much space. (Without rush) And the pace back east. (The hustling) Rustling just to feast. (I know I'm) Ready to leave too. (So that's what) We are gonna do. (Oh, what we're gonna do is. ). (Go west) Life is peaceful there. (Go west) There, in the open air. (Go west) Where the skies are blue. (Go west) This is what we're gonna do. (Life is peaceful there). Go west (In the open air). Go west (Baby, you and me). Go west (This is our destiny) come on, come on, come on, come on. (Go west) Sun in Winter time. (Go west) We will feel just fine. (Go west) Where the skies are blue. (Go west) This is what we're gonna do. (Come on, come on, come on, come on, go west). 
c34b5876-c4d5-4cbb-87f9-a54b2aa30543;I don't care if Monday's blue. Tuesday's grey and Wednesday too. Thursday I don't care about you. It's Friday I'm in love. Monday you can fall apart. Tuesday Wednesday break my heart. Or Thursday doesn't even start. It's Friday I'm in love. Saturday wait. And Sunday always comes too late. But Friday never hesitate. I don't care if Monday's black. Tuesday Wednesday heart attack. Thursday never looking back. It's Friday I'm in love. Monday you can hold your head. Tuesday Wednesday stay in bed. Or Thursday watch the walls instead. It's Friday I'm in love. Saturday wait. Sunday always comes too late. But Friday never hesitate. Dressed up to the eyes. It's a wonderful surprise. To see your shoes and your spirits rise. Throwing out your frown. And just smiling at the sound. As sleek as a shriek. Spinning round and round. Always take a big bite. It's such a gorgeous sight. To see you eat in the middle of the night. You can never get enough. Enough of this stuff. It's Friday I'm in love. I don't care if Monday's blue. Tuesday's grey and Wednesday too. Thursday I don't care about you. It's Friday I'm in love. Monday you can fall apart. Tuesday Wednesday break my heart. Thursday doesn't even start. It's Friday I'm in love. 
c860d846-3860-4ae8-9921-ef1bd8e2b101;When routine bites hard and ambitions are low. And resentment rides high but emotions won't grow. And we're changing our ways, taking different roads. Then love, love will tear us apart again. Love, love will tear us apart again. Why is the bedroom so cold? You've turned away on your side. Is my timing that flawed? Our respect runs so dry. Yet there's still this appeal that we've kept through our lives. But love, love will tear us apart again. Love, love will tear us apart again. You cry out in your sleep, all my failings exposed. And there's a taste in my mouth as desperation takes hold. Just that something so good just can't function no more. But love, love will tear us apart again. Love, love will tear us apart again. Love, love will tear us apart again. Love, love will tear us apart again. 
ec0a761f-5bbf-4b1b-a79a-ab82da03d932;I'm taking a ride with my best friend. I hope he never lets me down again. He knows where he's taking me, taking me where I want to be. I'm taking a ride with my best friend. We're flying high. We're watching the world pass us by. Never want to come down. Never want to put my feet back down on the ground. I'm taking a ride with my best friend. I hope he never lets me down again. Promises me I'm as safe as houses as long as I remember who's wearing the trousers. I hope he never lets me down again. We're flying high. We're watching the world pass us by. Never want to come down. Never want to put my feet back down on the ground. We're flying high. We're watching the world pass us by. Never want to come down. Never want to put my feet back down on the ground. Never let me down. Never let me down. Never let me down. Never let me down (see the stars, they're shining bright). Never let me down (everything's alright tonight). Never let me down (see the stars, they're shining bright). Never let me down (everything's alright tonight). Never let me down (see the stars, they're shining bright). Never let me down (everything's alright tonight). Never let me down (see the stars, they're shining bright). Never let me down (everything's alright tonight). 
8231fcf0-c6b7-4bcb-9446-2d098971b4c8;Can you tell what's on my mind. She's with him it's driving me wild. I'd like to hit him on the head until he's dead. The sight of blood is such a high. Ooooohhhh. He gives me head. We made it on a Ballroom Blitz. I took his arms and kissed his lips. He looked at me with such a smile my face turned red. We booked a room into the Ritz. Ooooohhhh. He gives me head. Jet boy jet girl. I'm gonna take you 'round the world. Jet boy I'm gonna make you penetrate. I'm gonna make you be a girl. Ooooohhhh. Jet boy jet girl. I know I'm only just fifteen. I like to kick I like to scream. And even if I had a kick or two in bed with him. You know it's just a dream. Ooooohhhh. He gives me head. Jet boy jet girl. I'm gonna take you 'round the world. Jet boy I'm gonna make you penetrate. I'm gonna make you be a girl. Ooooohhhh. Jet boy jet girl. The other day what a suprise. I saw him with some other guys. Got leave his dress off with a girl around his neck. I could have cried with both my eyes. Ooooohhhh. He gives me head. And if and when I make it though. Or if my brains black and blue. And when the world trusts you to forget all that. You know I'll still remember you. Ooooohhhh. You gave me head. Jet boy jet girl. I'm gonna take you 'round the world. Jet boy I'm gonna make you penetrate. I'm gonna make you be a girl. Ooooohhhh. Jet boy jet girl. 
7f61cb59-3c80-4299-a949-f9ee5dc3657f;You really got me seeing you. Really got me done y'all. Music is my radar. Really topped my joy y'all. Really topped my radio. Really got me done y'all. Dealing I'll be seeing you. Really got my beats now, on my ear now. Aah don't stop me now. Aah don't stop me now. Aah don't stop me now. Aah don't stop me now. Aah don't stop me now. Aah don't stop me now. Aah don't stop me now. Really got me changing from my bill from job. Into a new life, oh you really got. Really got me singing elsewhere, oh my girl. Really got me dancin', dancin' in my head now baby. Tony Allen beats me. Tony Allen beats me. Tony Allen gets what a boy can do. Really got me dancin'. He really got me dancin'. But I don't give my soul. All ya'll need and yeah don't give a soul. You really got me driftin'. You really got me dancin'. You really got me dancin' in my head. Aah don't stop me now. Aah don't stop me now. Aah don't stop me now. Aah don't stop me now. Aah don't stop me now. Aah don't stop me now. Aah don't stop me now. Aah don't stop me now (You really got me dancin'). 
cc2ca6d6-0cca-40f4-8902-b8024f267aa6;I still don't know what I was waiting for. And my time was running wild. A million dead-end streets. Every time I thought I'd got it made. It seemed the taste was not so sweet. So I turned myself to face me. But I've never caught a glimpse. Of how the others must see the faker. I'm much too fast to take that test. Ch-ch-ch-ch-changes. Turn and face the strain. Ch-ch-changes. Don't want to be a richer man. Ch-ch-ch-ch-changes. Turn and face the strain. Ch-ch-changes. Just gonna have to be a different man. Time may change me. But I can't trace time. I watch the ripples change their size. But never leave the stream. Of warm impermanence and. So the days float through my eyes. But still, the days seem the same. And these children that you spit on. As they try to change their worlds. Are immune to your consultations. They're quite aware what they're going through. Ch-ch-ch-ch-changes. Turn and face the strain. Ch-ch-changes. Don't tell them to grow up and out of it. Ch-ch-ch-ch-changes. Turn and face the strain. Ch-ch-changes. Where's your shame? You've left us up to our necks in it. Time may change me. But you can't trace time. Strange fascination, fascinating me. Changes are taking the pace I'm going through. Ch-ch-ch-ch-changes. Turn and face the strain. Ch-ch-changes. Oh, look out you rock 'n' rollers. Ch-ch-ch-ch-changes. Turn and face the strain. Ch-ch-changes. Pretty soon now, you're gonna get older. Time may change me. But I can't trace time. I said that time may change me. But I can't trace time. 
acee1024-f103-4e98-9def-d4370b388052;You're all I have in this teenage twilight. Your golden hair and pale blue eyes. But through all the days and the sleepless nights. We have never been satisfied. Tumbling like the leaves. Yeah we are spiraling on the breeze. Almost to the point of no return. Everything will Burn Baby Burn. Look into my tired eyes. See someone you don't recognize. Binds that can't be untied. Oh this is slow suicide. Feelings that I can't disguise. And later we'll be reconciled. Oh but something inside has died. You walk like you're in a daze. Unresponsive eyes in a distant gaze. Like all the good times have flown away. And the memory leaves a bitter taste. Tumbling like the leaves. Yeah we are spiralling on the breeze. Destructive love is all we have. Destructive love is all I am. Look into my tired eyes. See someone you don't recognize. Binds that can't be untied. Oh this is slow suicide. Feelings that I cant disguise. And later we'll be reconciled. Oh but something inside has died. Vicious bitter words. Becoming more and more cruel. But you always take me back. And let me lick your wounds. Tumbling like the leaves. Yeah we are spiraling on the breeze. Almost to the point of no return. Everything will Burn Baby Burn. Look into my tired eyes. See someone you don't recognise. Binds that can't be untied. Oh this is slow suicide. Feelings that I cant disguise. We're living in a compromise. Oh but something inside has died. 
8a2defd7-9342-45e3-b241-e17351479838;Long ago, life was clean. Sex was bad, called obscene. And the rich were so mean. Stately homes for the Lords. Croquet lawns, village greens. Victoria was my queen. Victoria. Victoria. Victoria, 'toria. I was born, lucky me. In a land that I love. Though I'm poor, I am free. When I grow, I shall fight. For this land, I shall die. Let her sun never set. Victoria. Victoria. Victoria, 'toria. Victoria. Victoria. Victoria, 'toria. Land of hope and gloria. Land of my Victoria. Land of hope and gloria. Land of my Victoria. Victoria, 'toria. Victoria. Victoria. Victoria, 'toria. Canada to India. Australia to Cornwall. Singapore to Hong Kong. From the west to the east. From the rich to the poor. Victoria loved them all. Victoria. Victoria. Victoria, 'toria. Victoria. Victoria. Victoria. 
31124eec-0d35-4d25-801c-4d9f228d0aec;NA
6fdbbace-8071-4d9a-8d7b-d18ca4c8a770;Soak me to my skin. Will you drown me in your sweet submission. Ends and I begin. Choke me, smoke the air. In this citrus-sucking sunshine, I don't care. You're not all there. Every backbone and heart you break. We'll still come back for more. Submission ends it all. Here he come, got no question, got no love. I'm throwing stones at you, man. I want you black and blue and. I'm gonna make you bleed. Gonna bring you down to your knees. Bye bye badman, ooh bye bye. Choke me, smoke the air. In this citrus-sucking sunshine I don't. Care you're not all there. You've been bought and paid, you're a whore, a slave. Your dock's not a holy shrine. Come taste the end, you're mine. Here he come, got no question got no love. I'm throwing stones at you, man. I want you black and blue and. I'm gonna make you bleed. Gonna bring you down to your knees. Bye bye badman ooh bye bye. I've got bad intentions, I intend to knock you down. These stones I throw, Oh these French kisses. Are the only way I've found. I've got bad intentions, I intend to knock you down. These stones I throw, Oh these French kisses. Are the only way I've found. 
8bcae32f-4939-413b-8912-5a3f75bb4cca;Punctured bicycle on a hillside desolate. Will nature make a man of me yet? When in this charming car. This charming man. Why pamper life's complexity. When the leather runs smooth. On the passenger seat? I would go out tonight. But I haven't got a stitch to wear. This man said, "It's gruesome. That someone so handsome should care". A jumped-up pantry boy who never knew his place. He said, "Return the rings". He knows so much about these things. He knows so much about these things. I would go out tonight. But I haven't got a stitch to wear. This man said, "It's gruesome. That someone so handsome should care". Na-na-na-na-na-na-na. This charming man. Na-na-na-na-na-na-na. This charming man. Ah, a jumped-up pantry boy who never knew his place. He said, "Return the ring". He knows so much about these things. He knows so much about these things. He knows so much about these things. 
eeca39a2-0efd-4f9c-9261-998f67f92e8c;You spurn my natural emotions. You make me feel I'm dirt and I'm hurt. And if I start a commotion. I run the risk of losing you and that's worse. Ever fallen in love with someone. Ever fallen in love. In love with someone. Ever fallen in love. In love with someone you shouldn't've fallen in love with? I can't see much of a future. Unless we find out what's to blame, what a shame. And we won't be together much longer. Unless we realize that we are the same. Ever fallen in love with someone. Ever fallen in love. In love with someone. Ever fallen in love. In love with someone you shouldn't've fallen in love with? You disturb my natural emotions. You make me feel I'm dirt and I'm hurt. And if I start a commotion. I'll only end up losing you and that's worse. Ever fallen in love with someone. Ever fallen in love. In love with someone. Ever fallen in love. In love with someone. You shouldn't've fallen in love with? Ever fallen in love with someone. Ever fallen in love. In love with someone. Ever fallen in love. In love with someone you shouldn't've fallen in love with? Ever fallen in love with someone. Ever fallen in love. In love with someone. Ever fallen in love. In love with someone you shouldn't've fallen in love with? Fallen in love with. Ever fallen in love with someone you shouldn't've fallen in love with. 
54c272d7-f75e-41e0-87b8-b62984f15c8f;You say you stand by your man. Tell me something, I don't understand. You said you love me and that's a fact. And then you left me, you said you felt trapped. Well some things you can explain away. But the heartache's with me 'til this day. You didn't stand by me, no not at all. You didn't stand by me, no way. All the times when we were close. I'll remember these things the most. I see all my dreams come tumbling down. I can't be happy without you around. So alone I'll keep the wolves at bay. And there's only one thing I can say. You didn't stand by me, no not at all. You didn't stand by me, no way. You must explain why this must be. Did you lie when you spoke to me? Did you stand by me? No, not at all. Now I got a job but it don't pay. I need new clothes, I need somewhere to stay. But without all of these things I can do. But without your love I won't make it through. But you don't understand my point of view. I suppose there's nothing I can do. You didn't stand by me, no not at all. You didn't stand by me, no way. You must explain why this must be. Did you lie when you spoke to me? Did you stand by me? You didn't stand by me, no not at all. You didn't stand by me, no way. 
53e7996f-5070-4877-8ad9-2f4a16c3da2b;Uh huh make me tonight. Tonight make it right. Uh huh make me tonight. Tonight. Tonight. Oh uh huh make it magnificent. Tonight. Right. Oh your hair is beautiful. Oh tonight. Atomic. Tonight make it magnificent. Tonight. Make me tonight. Your hair is beautiful. Oh tonight. Atomic. Atomic. Oh. 
43c794c1-0c55-498f-9b57-b8d0a22bfc20;Mis-shapes, mistakes, misfits. Raised on a diet of broken biscuits, oh. we don't look the same as you,. we don't do the things you do,. but we live round here too. Oh really. Mis-shapes, mistakes, misfits,. We'd like to go to town but we can't risk it,. oh 'cause they just want to keep us out. You could end up with a smash in the mouth. just for standing out. Oh really. Brothers, sisters, can't you see? The future's owned by you and me. There won't be fighting in the street. They think they've got us beat,. but revenge is going to be so sweet. We're making a move,. we're making it now,. we're coming out of the side-lines. Just put your hands up - it's a raid yeah. We want your homes,. we want your lives,. we want the things you won't allow us. We won't use guns,. we won't use bombs,. we'll use the one thing we've got more of -. that's our minds. Check your lucky numbers,. that much money could drag you under, oh. What's the point in being rich. if you cant think what to do with it? 'Cause you're so bleeding thick. Oh we weren't supposed to be,. we learnt too much at school now we. can't help but see. that the future that you've got mapped out is. nothing much to shout about. We're making a move,. we're making it now,. we're coming out of the side-lines. Just put your hands up - it's a raid. We want your homes,. we want your lives,. we want the things you won't allow us. We won't use guns,. we won't use bombs,. we'll use the one thing we've got more of. - that's our minds. Brothers, sisters, can't you see? The future's owned by you and me. There won't be fighting in the street. They think they've got us beat. but revenge is going to be so sweet. We're making a move. We're making it now. We're coming out of the side-lines. Just put your hands up - it's a raid. We want your homes,. we want your lives,. we want the things you won't allow us. We won't use guns,. we won't use bombs,. we'll use the one thing we've got more of. - that's our minds. And that's our minds. Yeah. 
2b23d0ca-a073-4c86-a7f8-37c72c0a4512;NA
ff9d8a74-8b8c-44dc-ab4d-45bf4960286c;Do what I want. 'Cause I can 'n' if I don't. Because I wanna. Be ignored by the stiff. And the bored. Because I'm gonna. Spit and retrieve. 'Cause I give and receive. Because I wanna. Gonna get through your head. What the mystery man said. Because I'm gonna. Hate to say I told you so, all right! Come on! Do believe I told you so. Now it's all out and you know. 'Cause I wanted to! Turn my back on the rot. That's been plannin' the plot. Because I'm gonna. No need for me to wait. Because I wanna. No need two, three, too late. Because I'm gonna. Hate to say I told you so, all right! Come on! Do believe I told you so. Do what I please. Gonna spread the disease. Because I wanna. Gonna call all the shots. For the no's and the not's. Because I wanna. Yeah. Ask me once I'll answer twice. 'Cause all I know I'll tell. Because I wanna. Sound advice and lots of ice. I'll spell my name out loud. Because I wanna. Oh, yeah. 
2093a71e-3d84-4c13-8960-f804d6f47ee7;In the morning. It's the last time that I saw her face. In that special way to me. Without a warnin'. She pulled every trick to name a few. What was I supposed to be?. I'd like to think she cried for me. But I don't know. Her memories won't let me be. Just can't let go. In the morning. Is when I think about her. Could it be she cried for me?. I don't think so! In the evening. I don't think it was a peaceful scene. Seemed to me a little rough. She was leavin'. But she forgot to leave a piece of me. I didn't know she was that tough. I don't know why she'd see me. I don't know what else to be. I'd like to think she cried for me. But I don't know. Her memories won't let me be. Just can't let go. In the morning. Is when I think about her. Could it be she cried for me?. I don't think so! Is there something. That I could do to make her feel a thing?. I don't know what to expect. Guess there's one thing. I got left but then I could be wrong. Maybe that's the thing she wrecked. I don't know why she'd see me. I don't know what else to be. Hope she's diggin' being free. But does she cry for me?. I don't know. Her memories won't let me be. Just can't let go. But in the morning. Is when I think about her. Could it be she cried for me?. I don't know. I'd like to think she cried for me. I don't think so! 
9316d1fb-e32f-4d7e-b073-691bc86f0504;If you're listening, whoa. Sing it back, whoa. String from your tether unwinds, whoa, whoa. (String from your tether unwinds). Up and outward to bind, whoa, whoa. (Up and outward to bind). I was spinning free, whoa. With a little sweet and simple numbing me. Are you listening, whoa. Sing it back, whoa. So tell me, what do I need, whoa, whoa. (Tell me, what do I need). When words lose their meaning, whoa, whoa. (When words lose their meaning). I was spinning free, whoa. With a little sweet and simple numbing me. Yeah, stumble 'til you crawl, whoa. Sinking into sweet uncertainty. (Are you listening, are you listening?). If you're listening, whoa. (If you're listening, are you listening?). Sing it back, whoa. (If you're listening, are you listening?). And I'm still running away, whoa, whoa. (I'm still running away, whoa, whoa). I won't play your hide-and-seek game, whoa, whoa. (Your hide-and-seek game, whoa). I was spinning free, whoa. With a little sweet and simple numbing me. What a dizzy dance, whoa. Ah, ah, ah, this sweetness will not be concerned with me, whoa. No, the sweetness will not be concerned with me, whoa, whoa. No, the sweetness will not be concerned with me, whoa. 
0a3f9dd7-3f22-41ad-8a7b-53e09f51f744;These walls are paper thin and everyone hears every little sound. Everyone's a voyeurist, they're watching me, watch them watch me right now. They're shaking hands, they're shaking in their shoes, oh Lord, don't shake me down. Everyone wants two of them and half of everyone else who's around. It's been agreed the whole world stinks, so no one's taking showers anymore. Laugh hard, it's a long ways to the bank. I can't be blamed for nothing anymore. It's been a long time since you've been around. Laugh hard, it's a long ways to the bank. Tow the line to tax the time, you know that you don't owe. I can't be a fool for everyone that I don't know. These walls are paper thin and everyone hears every little sound. Everyone's a voyeurist, they're watching me, watch them watch me right now. They're shaking hands, they're shaking in their shoes, oh Lord, don't shake me down. Everyone wants two of them and half of everyone else who's around. It's been agreed the whole world stinks, so no one's taking showers anymore. Laugh hard, it's a long ways to the bank. Tow the line to tax the time, you know that you don't owe. I can't be a fool for everyone that I don't know. 
2ee2a011-6bd8-4ea0-bb27-1c0cee19c988;Two trailer park girls go 'round the outside. 'Round the outside, 'round the outside. Two trailer park girls go 'round the outside. 'Round the outside, 'round the outside. Guess who's back, back, back?. Back again, gain, gain. Shady's back, back, back. Tell a friend. Guess who's back, guess who's back? Guess who's back, guess who's back? Guess who's back, guess who's back? Guess who's back, la, la, la. I've created a monster, 'cause nobody wants to. See Marshall no more they want Shady, I'm chopped liver. Well if you want Shady, this is what I'll give ya. A little bit of weed mixed with some hard liquor. Some vodka that'll jump start my heart quicker. Then a shock when I get shocked at the hospital. By the doctor when I'm not cooperating. When I'm rocking the table while he's operating. You waited this long to stop debating. 'Cause I'm back, I'm on the rag and ovulating. I know that you got a job, Ms. Cheney. But your husband's heart problem's complicating. So the FCC won't let me be. Or let me be me so let me see. They tried to shut me down on MTV. But it feels so empty without me. So, come on dip, bum on your lips. Fuck that, cum on your lips and some on your tits. And get ready, 'cause this shit's about to get heavy. I just settled all my lawsuits, "Fuck you Debbie. ". Now this looks a job for me. So everybody just follow me. 'Cause we need a little controversy. 'Cause it feels so empty without me. I said this looks like a job for me. So everybody just follow me. 'Cause we need a little controversy. 'Cause it feels so empty without me. Little hellions, kids feeling rebellious. Embarrassed, their parents still listen to. They start feeling like prisoners, helpless. Till Osama comes along on a mission and yells "bitch". A visionary, vision is scary. Could start a revolution, pollutin' the air waves. A rebel, so let me just revel and bask. In the fact that I got everyone kissin' my ass. And it's a disaster such a catastrophe. For you to see so damn much of my ass, you ask for me? Well I'm back - na-na, na-na, na-na, na-na, na-na. Fix your bent antenna, tune it in and then I'm gonna enter in it. Up under your skin like a splinter. The center of attention, back for the winter. I'm interesting, the best thing since wrestling. Infesting in your kids ears and nesting. "Testing, attention please". Feel the tension soon as someone mentions me. Here's my 10 cents, my 2 cents is free. A nuisance, who sent, you sent for me?. Now this looks a job for me. So everybody just follow me. 'Cause we need a little controversy. 'Cause it feels so empty without me. I said this looks like a job for me. So everybody just follow me. 'Cause we need a little controversy. 'Cause it feels so empty without me. A tisk-it a task-it, I'll go tit for tat wit'. Anybody who's talking this shit, that shit. Chris Kirkpatrick, you can get your ass kicked. Worse than them little  bastards. And , you can get stomped by. You 36-year-old bald-headed fag, blow me. You don't know me, you're too old, let go. It's over, nobody listens to techno. Now let's go, just give me the signal. I'll be there with a whole list full of new insults. I've been dope, suspenseful with a pencil. Ever since  turned himself into a symbol. But sometimes the shit just seems. Everybody only wants to discuss me. So this must mean I'm disgusting. But it's just me I'm just obscene (hey). Though I'm not the first king of controversy. I am the worst thing since Elvis Presley. To do black music so selfishly. And use it to get myself wealthy (hey). There's a concept that works. 20 million other white rappers emerge. But no matter how many fish in the sea. It'll be so empty without me. Now this looks a job for me. So everybody just follow me. 'Cause we need a little controversy. 'Cause it feels so empty without me. I said this looks like a job for me. So everybody just follow me. 'Cause we need a little controversy. 'Cause it feels so empty without me. Na na na na na, na na na na na. Na na na na na, na na na na. Na na na na na, na na na na na. Na na na na na, na na na na. Kids. 
1b8fde63-83b0-4f6c-b8b5-60d56f93c31f;Beautiful girl, what are ya doing. hm hm hm hm hm hm hm hm. Beautiful girl, what are ya doing oh. you came down in my arms. told me things no one knew. now you're gone. beautiful girl, what are ya doing. you came down in my arms. told me things no one knew. now you're gone. hm hm hm hm hm hm hm. 
23b81aed-b3d9-42de-894a-06f7ef1338d3;Brainstorm,. Take me away from the norm. I got to tell you something. This phenomenon. I had to put it in a song. And it goes like. Whoa, amber is the color of your energy. Whoa, shades of gold displayed naturally. You ought to know what brings me here oh. You glide through my head blind to fear. And I know why. Whoa, amber is the color of your energy. Whoa, shades of gold displayed naturally. Whoa, amber is the color of your energy. Whoa, shades of gold displayed naturally. You live too far away. Your voice rings like a bell anyway. Don't give up your independence,. Unless it feels so right,. Nothing good comes easily,. Sometimes you got to fight. Whoa, amber is the color of your energy. Whoa, shades of gold displayed naturally. Launched a thousand ships in my heart, so easy. Still it's fine from afar,. And you know that. Whoa, brainstorm (brainstorm). Take me away from the norm. Whoa (whoa), I got to tell you something. 
dd161699-3279-421b-9799-65c18d36281f;NA
ef1a3338-2946-4ac6-92b3-08c87a78ae4d;NA
0c1918d1-7899-4e65-9121-6a99e79b4804;Wherever I go, wherever I stay. my mind will always be. Wherever I go, wherever I stay. my mind will always be. in San Simeon. They tried to rob me. Take away my integrity now. They try to snake me. Take away my dignity. But not my memory. Wherever I go, wherever I stay. my mind will always be. Wherever I go, wherever I stay. my mind will always be. in San Simeon. They tried to blame me. Point their little fingers at me. They tried to save me. But that just masks their jealousy. But not my memory. Wherever I go, wherever I stay. my mind will always be. Wherever I go, wherever I stay. my mind will always be. in San Simeon. Take me back. Take me back. Take me back. Take me back. Take me back. Take me back. Take me back. San Simeon. No matter what they say. What they do to me. They can't touch me. They can't control me. One thing that they'll never touch. My holy memory. No, not my memory. Now take me back. Take me back. Take me back. Take me back. Now take me back. Take me back. Take me back. Take me back. Wherever I go, I'll stay. And my mind will always be. Wherever I go, I'll stay. And my mind will always be. Wherever I go, wherever I stay. My mind will always be. Wherever I go, wherever I stay my mind will always be. San Simeon. 
2972366d-8fd2-4b31-aa48-9118df2018bc;There are things that used to make me smile. One of them was you for just a little while. You left me for dead so far away. I replaced you with fear and shame. You'll be happy on the day I die. There are things that used to make me laugh. But now they're deeply buried in the past. I left them there so far away. Replaced my humor with my pain. I'll be happy on the day it dies. Remember when I said I love you? Well, forget it, I take it back. I was just a stupid kid back then. I take back every word that I said. There are things that used to make you cry. One of them was me for just a little while. Why is it that you had to say. Goodbye in your special way. You slashed the tires on my car. Remember when I said I love you? Well, forget it, I take it back. I was just a stupid kid back then. I take back every word that I said. 
047e91e9-c9c1-4f2a-880b-8786b79e7d7a;She comes out on Fridays every time,. Stands out in a line,. I could've been anyone she'd seen,. She waits another week to fall apart,. She couldn't make another day,. I wish it was anyone but me,. I could have been anyone you see,. She had something breakable just under her skin. American girls, all weather and noise,. Playing the changes for all of the boys,. Holding a candle, up to my hand,. Making me feel so incredible. She comes out of closets every night,. But then she locks herself away,. Where she could keep everything from me,. I could have been anyone you see,. She's nothing but porcelain underneath her skin. American girls, all weather and noise,. Playing the changes for all of the boys,. Holding a candle right up to my hand,. Making me feel so incredible. Little shivers shaking me every day,. But I could get the same thing anywhere,. So if she goes away, well,. It's all right and I'm okay,. Hey, she said, come back again tonight,. And I said I might, I might, I might,. She said well that's all right,. If it's alright, if it's alright with you,. Then it's alright, it's alright with me. I waited for an hour last Friday night,. She never came around,. She took almost everything from me,. I'm going through my closet,. Trying on her clothes, almost every day,. I could've been anyone you see,. I wish it was anyone but me,. There's nothing but pills and ashes under my skin. American girls, all weather and noise,. Playing the changes for all of the boys,. Holding a candle right up to my hand,. Making me feel so incredible. If I made you cry, please tell me why,. 'Cause I'll try again if you let me try,. American girls all feathers and cream,. Coming into bed so edible. American girls oh, American girls,. American girls, oh, oh, oh, oh,. American girls oh, American girls,. American girls, oh, oh, oh, oh,. You make me cry,. You make me cry,. You make me cry,. Yeah, you made me cry,. You make me cry,. Hey, miss American girl, oh,. Oh, oh, yeah. 
36218581-e1fe-488c-961e-445720f1ea2a;When I can work out how it was. Then I'll tell you. TV stained my memories. Yeah, I don't fit the shoes. Remember through sounds, remember through smells. Remember through colors, remember through towns. With fear and fascination on what was here. And what's replacing them now. Interchange plazas, and malls, and crowded chain restaurants. More housing developments go up named after the things they replace. So welcome to Meadow Brook and welcome to Shady Space. Well, it all seems a little abrupt, well no, I don't like this change of pace. 
039b7b53-7a2e-4671-b5ad-5b5531d19db4;We can dance if we want to. We can leave your friends behind. 'Cause your friends don't dance and if they don't dance. Well, they're no friends of mine. I say, we can go where we want to. A place where they will never find. And we can act like we come from out of this world. Leave the real one far behind. And we can dance. We can dance if we want to. We can leave your friends behind. 'Cause your friends don't dance and if they don't dance. Well, they're no friends of mine. Say, we can go where we want to. A place where they will never find. And we can act like we come from out of this world. Leave the real one far behind. And we can dance. (). We can go when we want to. The night is young, and so am I. And we can dress real neat, from our hats to our feet. And surprise 'em with the victory cry. Say, we can act if we want to. If we don't, nobody will. And you can act real rude and totally removed. And I can act like an imbecile. And say, we can dance, we can dance. Everything's out of control. We can dance, we can dance. They're doing it from pole to pole. We can dance, we can dance. Everybody look at your hands. We can dance, we can dance. Everybody's taking the chance. Safety dance. Oh well, the safety dance. Ah yes, the safety dance. We can dance if we want to. We've got all your life and mine. As long as we abuse it, never gonna lose it. Everything'll work out right. I say, we can dance if we want to. We can leave your friends behind. Because your friends don't dance and if they don't dance. Well, they're no friends of mine. I say, we can dance, we can dance. Everything's out of control. We can dance, we can dance. We're doing it from pole to pole. We can dance, we can dance. Everybody look at your hands. We can dance, we can dance. Everybody's taking the chance. Oh well, the safety dance. Ah yes, the safety dance. Oh well, the safety dance. Oh well, the safety dance. Oh yes, the safety dance. Oh, the safety dance, yeah. Well, it's the safety dance. It's the safety dance. Well, it's the safety dance. Oh, it's the safety dance. Oh, it's the safety dance. Oh, it's the safety dance. 
00772b99-31a1-4c71-8edf-5b0a7f6a2b8d;Talking away, ah. No, I don't know what I'm to say. I'll say it anyway. Today is another day to find you. Shying away. Oh, I'll be coming for your love, okay? Take on me. Take me on. I'll be gone. In a day or two. So needless to say. I'm odds and ends, but I'm me. Stumbling away. Slowly learning that life is okay. Say after me. "It's no better to be safe than sorry". Take on me. Take me on. I'll be gone. In a day or two. Oh, the things that you say. Yeah, is it life or just to play. My worries away? You're all the things I've got to remember. Yeah, you're shying away. I'll be coming for you anyway. Take on me. Take me on. I'll be gone. In a day. Take on me. Take me on. I'll be gone. In a day. Take on me. Take me on. Take on me. Take me on. 
9a7a4c4a-0b5a-4141-8a85-68618c6c531e;Now the king told the boogie men. You have to let that raga drop. The oil down the desert way. Has been shaken to the top. The sheikh, he drove his Cadillac. He went a-cruisin' down the ville. The muezzin was a-standin'. On the radiator grille. The sharif don't like it. Rockin' the Casbah, rock the Casbah. The sharif don't like it. Rockin' the Casbah, rock the Casbah. By order of the Prophet. We ban that boogie sound. Degenerate the faithful. With that crazy Casbah sound. But the Bedouin they brought out. The electric kettle drum. The local guitar picker. Got his guitar picking thumb. As soon as the sharif. Had cleared the square. They began to wail. The sharif don't like it. Rockin' the Casbah, rock the Casbah. The sharif don't like it. Rockin' the Casbah, rock the Casbah. Now over at the temple. Oh, they really pack 'em in. The in crowd say it's cool. To dig this chanting thing. But as the wind changed direction. And the temple band took five. The crowd caught a whiff. Of that crazy Casbah jive! The sharif don't like it. Rockin' the Casbah, rock the Casbah. The sharif don't like it. Rockin' the Casbah, rock the Casbah. The king called up his jet fighters. He said you better earn your pay. Drop your bombs between the minarets. Down the Casbah way. As soon as the sharif was chauffeured outta there. The jet pilots tuned to the cockpit radio blare. As soon as the sharif was outta their hair. The jet pilots wailed. The sharif don't like it. Rockin' the Casbah, rock the Casbah. The sharif don't like it. Rockin' the Casbah, rock the Casbah. The sharif don't like it (He thinks it's not kosher). Rockin' the Casbah, rock the Casbah. The sharif don't like it (Fundamentally he can't take it). Rockin' the Casbah, rock the Casbah. The sharif don't like it (You know he really hates it!). Rockin' the Casbah, rock the Casbah. 
7be39a61-d09d-498c-980b-540756a2c928;Crack that whip. Give the past the slip. Step on a crack. Break your momma's back. When a problem comes along (You must whip it). Before the cream sits out too long (You must whip it). When something's going wrong (You must whip it). Now whip it. Into shape. Shape it up. Get straight. Go forward. Move ahead. Try to detect it. It's not too late. To whip it. Whip it good! When a good time turns around (You must whip it). You will never live it down (Unless you whip it). No one gets away (Until they whip it). I say whip it. Whip it good! I say whip it. Whip it good! Crack that whip. Give the past the slip. Step on a crack. Break your momma's back. When a problem comes along (You must whip it). Before the cream sits out too long (You must whip it). When something's going wrong (You must whip it). Now whip it. Into shape. Shape it up. Get straight. Go forward. Move ahead. Try to detect it. It's not too late. To whip it. Into shape. Shape it up. Get straight. Go forward. Move ahead. Try to detect it. It's not too late. To whip it. Whip it good! 
ef8d4913-d8e1-4957-a1ac-aac2da09d84d;You've gone too far this time. And I'm dancing on the valentine. I tell you somebody's fooling around. With my chances on the danger line. I'll cross that bridge when I find it. Another day to make my stand, oh whoa. High time is no time for deciding. If I should find a helping hand, oh whoa. Why don't you use it? Try not to bruise it. Buy time, don't lose it. Why don't you use it? Try not to bruise it. Buy time, don't lose it. The reflex is a lonely child. Who's waiting by the park. The reflex is a door to. Finding treasure in the dark. And watching over lucky clover. Isn't that bizarre? Every little thing the reflex does. Leaves you answered with a question mark. I'm on a ride and I want to get off. But they won't slow down the roundabout. I sold the Renoir and the TV set. Don't want to be around when this gets out. So why don't you use it? Try not to bruise it. Buy time don't lose it. Why-y-y-y-y why why why-y-y (yeah). Why-y-y-y-y why why why-y-y (yeah). Why-y-y-y-y don't you use it? The reflex is a lonely child. Who's waiting in the park. The reflex is a door to. Finding treasure in the dark. And watching over lucky clover. Isn't that bizarre? Every little thing the reflex does. Leaves me answered with a question mark. So why don't you use it? Try not to bruise it. Buy time, don't lose it. The reflex is a lonely child. Who's waiting by the park. The reflex is a door to. Finding treasure in the dark. And watching over lucky clover. Isn't that bizarre? Every little thing the reflex does. Leaves you answered with a question mark. Oh, the reflex what a game. He's hiding all the cards. The reflex is a door to. Finding treasure in the dark. And watching over lucky clover. Isn't that bizarre? Every little thing the reflex does. Leaves you answered with a question mark. 
db025214-ac93-497f-8adf-e0b68d6cdee2;I'll drive a million miles. To be with you tonight. So if you're feeling low. Turn up your radio. The words we use are strong. They make reality. But now the music's on. Oh, baby, dance with me, yeah. Rip it up, move down. Rip it up, move it down to the ground. Rip it up, cool down. Rip it up, don't hang me on the borderline. Everybody have fun tonight. Everybody have fun tonight. Everybody Wang Chung tonight. Everybody have fun tonight. Everybody Wang Chung tonight. Everybody have fun. Deep in the world tonight. Our hearts beat safe and sound. I'll hold you so close. Just let yourself go down. Rip it up, move down. Rip it up, move it down to the ground. Rip it up, cool down. Rip it up, get out what's inside of you. Everybody have fun tonight. Everybody have fun tonight. Everybody Wang Chung tonight. Everybody have fun tonight. Everybody Wang Chung tonight. Everybody have fun tonight (everybody). Everybody have fun. On the edge of oblivion. All the word is Babylon. And all the love and everyone. A ship of fools sailing on. (Everybody). Everybody have fun tonight. (Everybody). Everybody have fun tonight. Across the nation, around the world. Everybody have fun tonight. A celebration, so spread the word. Everybody, everyone. Everybody, everyone (can you tell me what a Wang Chung is?). Everybody, everyone. Everybody have fun tonight. Everybody have fun tonight. Everybody Wang Chung tonight. Everybody have fun tonight. Everybody Wang Chung tonight. Everybody have fun tonight. Everybody have fun. Everybody, everyone. Everybody, everyone. Everybody, everyone. Everybody, everyone. 
01957cbf-0929-43cd-aeab-dff97da1f2f8;Maha, hiya. Give it to me one time now. Well-ell, no-oh, well-ell. Now. Relax, don't do it. When you want to go to it. Relax, don't do it. When you want to come. Relax, don't do it. When you want to sock it to it. Relax, don't do it. When you want to come. When you want to come. Relax, don't do it. When you want to go to it. Relax, don't do it. When you want to come. Relax, don't do it. When you want to sock it to it. Relax, don't do it. When you want to come. Ah, ah, ah, come. Whoa-ooh-whoa, aah. But shoot it in the right direction (hey, hey, hey, hey, yeah). Make makin' it your intention (ooh yeah, ooh yeah). Live those dreams. Scheme those schemes. Got to hit me (hit me). Hit me (hit me). Hit me with those laser beams. (Ow, ow, ow). Laser beam me. Ah, ah, ah. (One two three). Relax. Don't do it. Relax. When you want to come. Come. Ahhhhh. Whoo! Ah-ah-ah-ah-ah-ah-ah. I'm coming. I'm coming, yeah, yeah, yeah, yeah, yeah. Relax, don't do it (you should know). (What's inside me) When you want to go to it. Relax, don't do it. When you want to come (hey-ey). Relax, don't do it. When you want to sock it to it (Way-hay). Relax, don't do it Love! When you want to come. When you want to come. When you want to come. Come. Hoo-ah! Ow, ow. Ow, ow, ow, ow. Get it up. The scene of love. Oh, feel it. Relax, don't do it. When you want to go to it. Relax, don't do it. Relax, don't do it (hi-ya, hi-ya). When you want to sock it to it. Relax, don't do it. Oh, when it's time. When it's time, it's time (Hey!). Come! 
09eaaccd-88e5-4ebf-b75e-6a8beb02f626;Watch out. You might get what you're after. Cool babies. Strange but not a stranger. I'm an ordinary guy. Burning down the house. Hold tight. Wait till the party's over. Hold tight. We're in for nasty weather. There has got to be a way. Burning down the house. Here's your ticket, pack your bag. Time for jumping overboard. The transportation is here. Close enough but not too far. Maybe you know where you are. Fighting fire with fire. All wet. Here, you might need a raincoat. Shakedown. Dreams walking in broad daylight. Three hundred, sixty-five degrees. Burning down the house. It was once upon a place. Sometimes I listen to myself. Gonna come in first place. People on their way to work. Say “baby, what did you expect”. Gonna burst into flame. Burning down the house. My house. S'out of the ordinary. That’s right. Don't want to hurt nobody. Some things sure can sweep me off my feet. Burning down the house. No visible means of support. And you have not seen nothing yet. Everything's stuck together. I don't know what you expect. Staring into the TV set. Fighting fire with fire. 
f939a8f6-cb01-44ff-b776-eea0e7e1b948;One way or another, I'm gonna find ya. I'm gonna get ya, get ya, get ya, get ya. One way or another, I'm gonna win ya. I'm gonna get ya, get ya, get ya, get ya. One way or another, I'm gonna see ya. I'm gonna meet ya, meet ya, meet ya, meet ya. One day, maybe next week. I'm gonna meet ya, I'm gonna meet ya, I'll meet ya. I will drive past your house. And if the lights are all down. I'll see who's around. One way or another, I'm gonna find ya. I'm gonna get ya, get ya, get ya, get ya. One way or another, I'm gonna win ya. I'll get ya, I'll get ya. One way or another, I'm gonna see ya. I'm gonna meet ya, meet ya, meet ya, meet ya. One day, maybe next week, I'm gonna meet ya. I'll meet ya, ahh. And if the lights are all out. I'll follow your bus downtown. See who's hangin' 'round. One way or another, I'm gonna lose ya. I'm gonna give you the slip. A slip of the hip or another. I'm gonna lose ya, I'm gonna trick ya, I'll trick ya. One way or another, I'm gonna lose ya. I'm gonna trick ya, trick ya, trick ya, trick ya. One way or another, I'm gonna lose ya. I'm gonna give you the slip. I walked down the mall. Stand over by the wall. Where I can see it all. Find out who ya call. Lead you to the supermarket checkouts. Some specials and rat food. Get lost in the crowd. One way or another, I'm gonna get ya. I'll get ya, I'll get ya, get ya, get ya, get ya. (Where I can see it all, find out who ya call). One way or another, I'm gonna get ya. I'll get ya, I'll get ya, get ya, get ya, get ya. (Where I can see it all, find out who ya call). One way or another, I'm gonna get ya. I'll get ya, I'll get ya, get ya, get ya, get ya. (Where I can see it all, find out who ya call). One way or another, I'm gonna get ya. I'll get ya, I'll get ya, get ya, get ya, get ya. (Where I can see it all, find out who ya call). One way or another, I'm gonna get ya. I'll get ya, I'll get ya, get ya, get ya, get ya. (Where I can see it all, find out who ya call). One way or another, I'm gonna get ya. I'll get ya, I'll get ya, get ya, get ya, get ya. (Where I can see it all, find out who ya call). One way or another. 
02095f65-f38d-4e2e-8d65-110d3b834016;You were working as a waitress in a cocktail bar. When I met you. I picked you out, I shook you up and turned you around. Turned you into someone new. Now, five years later on, you've got the world at your feet. Success has been so easy for you. But don't forget, it's me who put you where you are now. And I can put you back down too. Don't, don't you want me? You know I can't believe it when I hear that you won't see me. Don't, don't you want me? You know I don't believe you when you say that you don't need me. It's much too late to find. When you think you've changed your mind. You'd better change it back or we will both be sorry. Don't you want me, baby? Don't you want me? Oh! Don't you want me, baby? Don't you want me? Oh! I was working as a waitress in a cocktail bar. That much is true. But even then I knew I'd find a much better place. Either with or without you. The five years we have had have been such good times. I still love you. But now I think it's time I lived my life on my own. I guess it's just what I must do. Don't, don't you want me? You know I can't believe it when I hear that you won't see me. Don't, don't you want me? You know I don't believe you when you say that you don't need me. It's much too late to find. When you think you've changed your mind. You'd better change it back or we will both be sorry. Don't you want me, baby? Don't you want me? Oh! Don't you want me, baby? Don't you want me? Oh! Don't you want me, baby? Don't you want me? Oh! Don't you want me, baby? Don't you want me? Oh! Don't you want me, baby? Don't you want me? Oh! Don't you want me, baby? Don't you want me? Oh! Don't you want me, baby? Don't you want me? Oh! Don't you want me, baby? Don't you want me? Oh! 
95dec5c0-4e4f-44b1-b535-99acd1fb0e3a;NA
f275221c-ec16-4490-af18-8a40fdd988e8;Sometimes I feel I've got to. Run away, I've got to. Get away from the pain you drive into the heart of me. The love we share. Seems to go nowhere. And I've lost my light. For I toss and turn, I can't sleep at night. Once I ran to you. Now I'll run from you. This tainted love you've given. I give you all a boy could give you. Take my tears and that's not nearly all. Tainted love. Tainted love. Now I know I've got to. Run away, I've got to. Get away, you don't really want any more from me. To make things right. You need someone to hold you tight. And you think love is to pray. But I'm sorry, I don't pray that way. Once I ran to you. Now I'll run from you. This tainted love you've given. I give you all a boy could give you. Take my tears and that's not nearly all. Tainted love. Tainted love. Don't touch me, please. I cannot stand the way you tease. I love you though you hurt me so. Now I'm gonna pack my things and go. Tainted love. Tainted love. Tainted love. Tainted love. Touch me, baby, tainted love. Touch me, baby, tainted love. Tainted love. Tainted love. Tainted love. Tainted love. 
0d66e806-6ea1-42fe-82b7-f29d4528eb40;I wear my sunglasses at night. So I can, so I can. Watch you weave then breathe your story lines. And I wear my sunglasses at night. So I can, so I can. Keep track of the visions in my eyes. While she's deceiving me. It cuts my security. Has she got control of me? I turn to her and say. Don't switch the blade on the guy in shades, oh no. Don't masquerade with the guy in shades, oh no. I can't believe it. 'Cause you got it made with the guy in shades, oh no. I wear my sunglasses at night. So I can, so I can. Forget my name while you collect your claim. And I wear my sunglasses at night. So I can, so I can. See the light that's right before my eyes. While she's deceiving me. She cuts my security. Has she got control of me? I turn to her and say. Don't switch the blade on the guy in shades, oh no. Don't masquerade with the guy in shades, oh no. I can't believe it. Don't be afraid of the guy in shades. Oh no, it can't escape you. 'Cause you got it made with the guy in shades, oh no. Oh. I said. I wear my sunglasses at night. I wear my sunglasses at night. I wear my sunglasses at night. I'll say it to you now. I wear my sunglasses at night. I wear my sunglasses at night. I wear my sunglasses at night. I cry to you. I wear my sunglasses at night. I wear my sunglasses at night. 
79ce1372-7037-4216-9e56-4bdc85a6a9fb;Ha! It's poetry in motion. She turned her tender eyes to me. As deep as any ocean. As sweet as any harmony. But she blinded me with science. (). Failed me in geometry, hey-ey, huh, huh. Now. Huh, huh. When I'm dancing close to her. (). (). I can smell the chemicals. (). (). (). Now, but, it's poetry in motion. When she turned her eyes to me. As deep as any ocean. Sweet as any harmony. She blinded me with science. (). Failed me in geometry. (Huh, huh, huh, huh, huh, huh). When she's dancing next to me. (). (). (Hmm hmm, hmm hmm, hmm). I can hear machinery. (). (). Ha! It's poetry in motion. Now she's making love to me. The spheres are in commotion. The elements in harmony. She blinded me with science. (). And hit me with technology. (). I -. I don't believe it! There she goes again! She's tidied up, and I can't find anything! All my tubes and wires. And careful notes. And antiquated notions. But it's poetry in motion. When she turned her eyes to me. As deep as any ocean. As sweet as any harmony. Huh, she blinded me with science. (). She blinded me with. (Huh, huh, huh, huh, huh, huh). 
42fbbf92-9cc9-4ae2-bfe1-e1134e42f510;I was on the outside when you said. You needed me. I was looking at myself. I was blind, I could not see. A boy tries hard to be a man. His mother takes him by the hand. If he stops to think, he starts to cry. Oh why? If you walk away, walk away. I walk away, walk away. I will follow. If you walk away, walk away. I walk away, walk away. I will follow. I will follow. I was on the inside. When they pulled the four walls down. I was looking through the window. I was lost, I am found. If you walk away, walk away. I walk away, walk away. I will follow. If you walk away, walk away. I walk away, walk away. I will follow. I will follow. Your eyes make a circle. I see you when I go in there. Your eyes, your eyes. Your eyes, your eyes. If you walk away, walk away. I walk away, walk away. I will follow. If you walk away, walk away. I walk away, walk away. I will follow. I will follow. 
014a0d38-418d-4a9d-bf54-4d6fddf62169;When I'm out walkin', I strut my stuff. Yeah, and I'm so strung out. I'm high as a kite, I just might. Stop to check you out. Let me go on. Like I blister in the sun. Let me go on. Big hands, I know you're the one. Body and beats, I stain my sheets. I don't even know why. My girlfriend, she's at the end. She is starting to cry. Let me go on. Like I blister in the sun. Let me go on. Big hands, I know you're the one. When I'm out walkin', I strut my stuff. Yeah, I'm so strung out. I'm high as a kite, I just might. Stop to check you out. And then-a, and then-a. When I'm out walkin', I strut my stuff. Yeah, and I'm so strung out. I'm high as a kite, I just might. Stop to check you out. Body and beats, I stain my sheets. I don't even know why. My girlfriend, she's at the end. She is starting to cry. When I'm out walkin', I strut my stuff. Yeah, I'm so strung out. I'm high as a kite, I just might. Stop to check you out. Let me go on. Like I blister in the sun. Let me go on. Big hands, I know you're the one. 
083764c8-2ed4-44d1-be23-14dc435f0835;Ring, ring the bells. Wake the town, everyone is sleeping. Shout at the crowd, wake them up. this anger's deeper than the sea. Got to keep awake to what is happening. I don't see a thing thru my ambition. I no longer feel my god is watching over me. Got to tell the world we've all been dreaming. This is not the end, a new begining. I no longer feel my god is watching over me. Break, break the code. Concentrate, let the doors swing open. See through all your walls, all your floors. Now you're as deep as the sea. Got to keep awake to what is happening. I don't see a thing thru my ambition. I no longer feel my god is watching over me. Got to tell the world we've all been dreaming. This is not the end, a new begining. I no longer feel my god is watching over me. When you let me fall, grew my own wings. Now I'm as tall as the sky. When you let me drown, grew gills and fins. Now I'm as deep as the sea. When you let me die, my spirit's free. There's nothing challenging me. Ooooh. 
1981155b-c632-4988-9a66-d8165bebda47;My t. v. is staring at me. it says "go to sleep. go to sleep". Turns me into a siamese twin. where do i start? the Tv screen begins. Plugs me into some holy geek. his point in life is incomplete. My Tv is telling me. that only money will make me happy. hold the course and then sail. Across the sattelite beams. across the oceans and seas. to the lighthouse I could be. I see some soldiers with guns. and they are killing for fun. they are killing to entertain me. Caught between that world and this. I'd sell my soul for a bond girl's kiss. Caught between that world and this. I'd sell my soul for a state of bliss. My tv is telling me. that all our money. goes into the military. hold the course and then sail. Across the sattelite beams. across the oceans or seas. to the lighthouse I could be. I see some soldiers with guns. and they are killing for fun. they are killing to entertain me. and then I heard your name. as the spaceman came. he came right thru my screen. and then his lifeline broke. he began to choke. jump cut to another scene. Lost a Friend to the Sea. I lost a friend to the sea. 
57892a3a-0c9b-4b18-957f-b6fcde5451b6;Help comes when you need it most. I'm cured for laughter. Mood swings not sure I can cope. My life's in plaster (in plaster). May your mind set you free. (Opened by the wonderful). May your heart lead you on. May your mind let you breathe all of disaster. (Opened by the wonderful). May your heart lead you on. These wounds are all self-imposed. Life's no disaster, disaster. All roads lead unto death-row. Who knows what's after? May your mind be wide open. May your heart beat strong. May your mind's will be broken. By this heart-felt song. May your mind set you free. (Be opened by the wonderful). May your heart lead you on. May your mind let you breathe all of disaster. (Be opened by the wonderful). May your heart lead you on, may your heart lead you on. May your eyes let you see all of disaster. May your heart lead you on, lead you on. (May your eyes be opened by the wonderful). Set you free. (May your heart lead you on). Lead you on. 
33364005-a041-49f0-945f-5e39ea119920;Whenever she's feeling empty. Whenever she's feeling insecure. Whenever her face is frozen. Unable to fake it anymore. Her shadow is always with her. Her shadow could always keep her small. So frightened that he won't love her. She builds up a wall. Oh no, she knows where to hide in the dark. Oh no, she's nowhere to hide in the dark. She's a star. She's a star. She's been in disguise forever. She's tried to disguise her stellar views. Much brighter than all this static. Now she's coming through. Oh no, she knows where to hide in the dark. Oh no, she's nowhere to hide in the dark. She's a star. She's a star. Don't tell her to turn down. Put on your shades if you can't see. Don't tell her to turn down. Turn up the flame. She's a star. She's a star. It's a long road. It's a great cause. It's a long road. Its a good call. You got it. You got it. She's a Star. 
ac922f6b-2bd6-4790-bb9c-bdfd88448861;Before you, no direction. Before I, came on in. Before you, let your doubts down. The wall, we're closing in. We're closing in. Adore you, no protection. Ignore you, it can't be done. To make do, with a safer option. A breakthrough, two to one. Two to one. And I hope I'm not shooting my mouth off. Again. And I pray I'm not tempting the fates. When I say we can go on forever. It's a date. It's a date. (Here she comes). Yes I know that I love to seem foolish. (Here she comes). Like now. Yes I know that love hardly lasts. (Here she comes). (Here she comes). And it's hard to receive that we're happy. (Here she comes). Here's my heart. Here's my heart. Here she comes. 
2f98451a-3add-4c23-a06a-7a2ca72aedfc;This is not. This is not. A song. This is a shield. This is a charm. With your name on. By this beat. By this verse. I'm protected. From your heat. And your curse. Is reflected. If anybody hurts me. If anybody hurts me. Here's a mirror with your name on. Saying we're gonna miss you when you're gone. Here's a mirror with your name on. Saying we're gonna miss you when you're gone. Your green eyes. Poison pen. Serpent's tongue. Will return. To the source. That they came from. Revenge is the wine. Forgiveness is fine. Forgiveness divine. Revenge is more human. Here's a mirror with your name on. Saying we're gonna miss you when you're gone. Here's a mirror with your name on. Saying we're gonna miss you when you're gone. No words, all's been said and done. No more words, all's been said and done. Here's a mirror with your name on. Saying we're gonna miss you when you're gone. Here's a mirror with your name on. Saying we're gonna miss you when you're gone. Here's a mirror with your name on. Saying we're gonna miss you when you're gone. 
22dfb7aa-c06b-4569-b738-ea5848465761;Operator, operator, operator, operator. Operator, operator, operator, operator. Operator, the lines are down, are down. And I'm a traitor, traitor to a beautiful cause. God made me to her own design. Bad planning, too many flaws. How long will it take to get used to me. How long will it take to get used to me. Don't wait that long. Won't wait that long. Don't wait that long. Don't wait that long. Oh yes I love you. But today I could hate you, I could hurt you. Because we're joined at the heart. Beats faster, hits harder than a boxer. When we are apart. Body language is an SOS. I don't understand how a fight starts. Not enough to believe in love. I don't know, I don't know, I don't know where we've gone wrong. How long will it take to get used to me. How long will it take to get used to me. Don't wait that long. Won't wait that long. No we won't wait that long. Don't wait that long. Operator, the lines are down. And I'm a traitor to a beautiful cause. God made me to her own design. Bad planning, too many flaws. I've got too many flaws. Too many flaws. Don't wait that long. Won't wait that long. No we won't wait that long. Don't wait that long. 
2c5b272e-4364-4035-aa67-c837d4e16487;Blow me away. Was that love you declared. Only a word. Love can mean anything. Understand the world we're living in. Oceans apart. What's that view from your wave. Beautiful craft. Weather and change. Understand the world we're living in. Love can mean anything. God made love to me. Soothed away my gravity. Made me a pair of angel's wings. Clear vision and some magic things. God is love to me. Thank you for those things. Understand the world we're living in. Love can mean anything. Darling. I'm open. Unguarded. Unbroken. Now we've done our time. We can drift away. Like the heavy cloud. With the weight of rain. Understand the world we're living in. Love can mean anything. Understand the world we're living in. Love can change anything. 
54b72992-0f6b-487e-96de-a583511b2107;Baby you're such a tease. with legs that go on forever. Baby come back to me. maybe we'll get Together. Baby come back to me. you're such good company. Baby come back to me. i don't expect you to stay here. i might go Shopping just to. i'd go out (might go out). just to buy those things that are eluding me. just to buy something from the mall. just to buy something that's eluding me. with a friend or two. and a friend like you. Baby come back to me. you make it look so easy. Why do i have to try so hard. just to be Happy? i feel so empty so i might go shopping. just to buy those things that would make me feel. just to buy those things from the mall. just to buy those things that would make me feel much better,. so much better. and i'll call up my sister. for my sister is my teacher. and she might know what I need. cause its not on the telly. and i'll call up my sister. for my sister needs me. and i'll fix her a cup of coffee. and we'll go to the bank, go to the bank. it all belongs to Caesar. go do the bank. we're going down to Mexico to run away from this culture. go do the bank. i'm going in, I can't receive. i'm going in, I have such dreams. some love life, some love life. 
06c6c5cb-2821-4e70-b820-25581151a77f;[Music depresses me]. Help's on it's way, I'm lost in space. No protection. Please come and rescue me. I've got no friends, an orphan. Who had faith, who betrayed. Took only a kiss to give me away. Who had faith, who betrayed. Took only a kiss. To blow you away. All in my head. I'll play dead, if you want me to. if you want me all in my head. i'll play dead, if you want me to. if you want me. Who had faith, who betrayed. Took only a kiss to give me away. Who had faith, who betrayed. Took only a kiss. to blow you away. All in my head. I'll play dead, if you want me to. if you want me all in my head. i'll play dead, if you want me to. if you want me. 
31c12822-ce00-4789-98b3-c2e892f49a6b;You're as tight as a hunter's trap. Hidden well, what are you concealing. Poker face, carved in stone. Amongst friends, but all alone. Why do you hide. Say something, say something, anything. I've shown you everything. Give me a sign. Say something, say something, anything. Your silence is deafening. Pay me in kind. Take a drug to set you free. Strange fruit from a forbidden tree. You've got to come down soon. More than a drug is what I need. Need a change of scenery. Need a new life. Say something, say something anything. I've shown you everything. Give me a sign. Say something, say something, anything. Your silence is deafening. Pay me in kind. Say something. I'm open wide, open wondering. Have you swallowed everything. Pay me in kind. 
03c3ff4f-c112-40aa-b492-28dd57ccaef3;She dreamt the scene the night before. She cast you in her mind. She made your face from clay and straw. Precious stones for your eyes. We cut the cord that brought you here. We left you on your own. We filled your head with wild ideas. Our beliefs led you on. We leave a trail thats always changed. You keep your hopes alive. This surface may seem calm enough. But underneath, underneath. We made you feel the way you are is wrong. We made you what you are. You are afraid. If you dont play the game, well make you change. Oh, I've changed. 
2f58bf6a-c759-4cf9-ad6f-ee7b4622909e;There's a fight, there's a fight, there's a fight. And the rage is growing. You have pushed me through too many windows and too many doors. You have torn all the joy from my heart and the blood is showing. The only beat you allow around here is the beat of war. Let's have a party. Bring a gun. Bring a gun. Don't go out tonight with that smile or you might get arrested. Get a license for that grin or they'll lock you away. If you show that you're happy inside then you're gonna get busted. The only law we allow around here is an organized raid. Let's have a party. Bring a gun. Bring a gun. What are you going to do if the muscle won't move. They are blocking the light, blocking the light. How many words will you waste on a Terre-Blanche. Let's have a party. You can bring your gun. And you can bring your dogs. And you can bring your shiny new helicopter. Bring a gun. Bring a gun. Let's have a party. Bring your gun. 
027fdf55-137b-4be7-8522-a2fc07b28d19;Someone's got it in for me. I don't want your sympathy. Life just never turned out how I wanted it to. Could have been a shooting star. Should have made it past the bar. Would have been a winner if I'd ever got that far. What a state I'm in. My self pitying. Here's another victim. Singing suffering. If only I had made the grade. Been more loved, been less afraid. If only I had scored the goal. Got the girl or even played. What a state I'm in. My self pitying. Here's another victim. Singing suffering. Fall. Let it fall away. These lies. To be born again. Then fall. Let it fall away. These lies. To be born again. My life's turned to minor chords. Lose a son and life's a bore. Can't see the point of living. In this fashion anymore. What a state I'm in. My self pitying. Here's another victim. Selling suffering. Fall. Let it fall away. These lies. To be born again. Then fall. Let it fall away. These lies. To be born again. 
0fa1cd5a-577a-4b7b-a792-740940d569e5;You're a weapon of devotion. Keep the faithful entertained. You're a lover of attention. Found a way to pawn the soul. Disposition may be fetching. But the world moves on and leaves you far behind. I hear you, I hear you, whispering such gorgeous stories. I see you, I see you, trying to break free. You liar, you liar, you can't live the dreams you're spinning. You liar, love to be deceived. You're falling, you're falling, falling from your god-like distance. You're fashion, just fashion, fashion doesn't keep. You're sour, so sour, all is hope and trust is misplaced. You're sour, now you are alone. Walking on fire, feel the way the world's inclining. Walking on fire, hate to deceive. Walking on fire, now the world will keep its distance. Walking on fire, you rather than me. My son says, dear father, what did you do when the world turned over. Keep spinning, keep spinning, send us off to sleep. You liar, you liar, all your words are just dust in moonshine. You liar, love to be deceived. Walking on fire, found a place away from humans. Walking on fire, hate to deceive. Walking on fire, now the world will keep its distance. Walking on fire, you rather than me. 
f504c8ca-0214-438c-a9ee-fd9f3465c24f;This bed is on fire with passionate love. The neighbours complain about the noises above. But she only cums when she's on top. My therapist said not to see you no more. She said you're like a disease without any cure. She said I'm so obsessed that I'm becoming a bore, oh no. Ah, you think you're so pretty. Caught your hand inside the till. Slammed your fingers in the drawer. Fought with kitchen knives and skewers. Dressed me up in women's clothes. Messed around with gender roles. Line my eyes and call me pretty. Moved out of the house, so you moved next door. I locked you out, you cut a hole in the wall. I found you sleeping next to me, I thought I was alone. You're driving me crazy, when are you coming home? Laid, laid. 
3e79adff-cecc-4782-a9a6-5ec3ff461d89;Since your mother cast her spell. Every kiss has left a bruise. You've been reading too much meaning from existence. Now your head is used and sore. And the forecast is for more. Memories falling, like falling rain. Falling rain. Every view they hold on you's. A piano, out of tune. You're an angel. You're a demon. You're just human. Now your world has turned to trash. Broken windows on the past. Take that child and teach him senseless. Damage the dream, damage the dream. I feel nothing, I feel nothing at all. I feel nothing at all. In this gloomy, haunted place. All the feelings are of shame. All the windows have been broken by the children. So the wind screams up the stairs. Slams doors and rattles chairs. I wish we weren't conceived in violence. Damage the dream, damage the dream. The magic is broken. The house is in ruins. Your memory's one-sided. The side that you're choosing feels nothing. Feels nothing at all. We feel nothing at all. 
1fbd5a09-54a6-4760-af8f-2627b490777f;Reach your hands inside this dream. Unzip the skin, release the sleep. Going down, I'm growing wings. Hope I can fly before I hit the ground. I can hear your thoughts arise. From these depths to creamy skies. Drifting down the water's cool. Let the weeds cover you. The silvery storms show nothing here. The surface domes the water's clear. The water's clear. 
bd3a46b9-e13b-4c2c-8518-4c7372a90f0c;I hitched a ride with a vending machine repair man. He said he's been down this road more than twice. He was high on intellectualism. I've never been there but the brochure looks nice. Jump in, let's go, lay back, enjoy the show. Everybody gets high, everybody gets low. These are the days when anything goes. Every day is a winding road. I get a little bit closer. Every day is a faded sign. I get a little bit closer to feeling fine. He's got a daughter he calls Easter. She was born on a Tuesday night. I'm just wondering why I feel so all alone. Why I'm a stranger in my own life. Jump in, let's go, lay back, enjoy the show. Everybody gets high, everybody gets low. These are the days when anything goes. Every day is a winding road. I get a little bit closer. Every day is a faded sign. I get a little bit closer to feeling fine. I've been swimming in a sea of anarchy. I've been living on coffee and nicotine. I've been wondering if all the things I've seen. Were ever real, were ever really happening. Every day is a winding road. I get a little bit closer. Every day is a faded sign. I get a little bit closer. Every day is a winding road. I get a little bit closer. Every day is a faded sign. I get a little bit closer feeling fine. Every day is a winding road. Every day is a winding road. 
d1fc8df4-fc89-433e-a987-c382c6237b41;Sometimes I wanna take you down. Sometime I wanna get you low. Brush your hair back from your eyes. Take you down let the river flow. Sometimes I go and walk the street. Behind a green sheet of glass. A million miles below their feet. A million miles, a million miles. I'll be with you, girl, like being low. Hey, hey, hey like being stoned. I'll be with you, girl, like being low. Hey, hey, hey like being stoned. A million poppies gonna make me sleep. Just one rose it knows your name. The fruit is rusting on the vine. A fruit is calling from the trees. Hey don't you wanna go down. Like some junky cosmonaut. A million miles below their feet. A million miles, a million miles. I'll be with you, girl, like being low. Hey, hey, hey like being stoned. I'll be with you, girl, like being low. Hey, hey, hey like being stoned. Blue, blue is the sun. Brown, brown is the sky. Green, green are her eyes. A million miles, a million miles. Hey don't you wanna go down. Like some disgraced cosmonaut. A million miles below their feet. A million miles, a million miles. I'll be with you, girl, like being low. Hey, hey, hey like being stoned. I'll be with you, girl, like being low. Hey, hey, hey like being stoned. I'll be with you, girl, like being low. Hey, hey, hey like being stoned. I'll be with you, girl, like being low. Hey, hey, hey like being stoned. 
e703628e-dd0d-480d-935a-1f368b97656e;Echoes of reggae. Comin' through my bedroom wall. Havin a party up next door. But I'm sittin' here all alone. Two lovers in the bedroom. And the other starts to shout. All I got is this blank stare. And that don't carry no clout at all. Destination unknown. Ruby ruby ruby ruby soho. Destination unknown. Ruby ruby ruby ruby soho. He's singin' and she's. There to lend a hand. He's seen his name on the marquee. But she will never understand. Once again he's leavin' and she's. There with a tear in her eye. Embraces with a warm gesture. It's time, time to say goodbye. Destination unknown. Ruby ruby ruby ruby soho. Destination unknown. Ruby ruby ruby ruby soho. Ruby's heart ain't beatin'. Cause she knows the feelin' is gone. She's not the only one. Who knew there's somethin' wrong. Her lover's in the distance. As she wipes a tear from her eye. Ruby's fading out she disappears. It's time, time to say goodbye. Destination unknown. Ruby ruby ruby ruby soho. Destination unknown. Ruby ruby ruby ruby soho. Ruby ruby ruby ruby soho. Ruby ruby ruby ruby soho. Ruby ruby ruby ruby soho. Ruby ruby ruby ruby soho. Destination unknown. Ruby ruby ruby ruby soho. Destination unknown. Ruby ruby ruby ruby soho. 
f9cfdebe-edf3-4d3b-94e7-7b7c364a9206;When you were here before. Couldn't look you in the eye. You're just like an angel. Your skin makes me cry. You float like a feather. In a beautiful world. I wish I was special. You're so fuckin' special. But I'm a creep. I'm a weirdo. What the hell am I doin' here? I don't belong here. I don't care if it hurts. I wanna have control. I want a perfect body. I want a perfect soul. I want you to notice. When I'm not around. You're so fuckin' special. I wish I was special. But I'm a creep. I'm a weirdo. What the hell am I doin' here? I don't belong here, oh, oh. She's running out the door. She's running out. She run, run, run, run. Run. Whatever makes you happy. Whatever you want. You're so fuckin' special. I wish I was special. But I'm a creep. I'm a weirdo. What the hell am I doin' here? I don't belong here. I don't belong here. 
dfa1463d-2e7f-4aff-b88a-f1edee848310;NA
44d17505-0e18-4ced-8bc9-026da403ff59;When I'm done with thinking. Then I'm done with you. And when I'm done with crying. And then I'm done with you. When I feel so tired. Then I'm done with you. You know, everybody feels this way sometimes. Everybody feels this way. And I do. You can't hear it, but I do. You can't hear it, but I do. You're trying to convince me. That what I've done's not right. And I get so frustrated. I stay up every night. You ask me for an answer. And I'm so tired and I'm up in the air, I'm up in the air. You know, everybody feels this way sometimes. Everybody feels this way. And I do. You can't hear it, but I do. You can't hear it, but I'm feeling this way. Just because you say. I will be ignored and I will be denied. And I could be erased, I could be brushed aside. And I will get scared and I will get shoved down. But I feel like I do because you push me around. I'm starting to ignore you. Now, I doubted you so long. I'm tired of over-thinking. I know you don't belong. Now I'm asking questions. No one pushes me around. You know, everybody feels this ways sometimes. Everybody feels this way. And I do. You can't hear it, but I do. You don't seem angry, but I do. I do. I do. I do. You don't seem angry, but I do. You don't hear it, but I do. I, I do. You can't hear it, but I do. I do. You don't seem angry, but I do. I do. You don't hear it, but I do. 
4b31b817-cdac-4a73-afd8-5d77bc85a2b6;Whatsoever I've feared has come to life. Whatsoever I've fought off became my life. Just when every day seemed to greet me with a smile. Sunspots have faded and now I'm doing time. Now I'm doing time. 'Cause I fell on black days. I fell on black days. Whomsoever I've cured, I've sickened now. Whomsoever I've cradled, I've put you down. I'm a search light soul, they say, but I can't see it in the night. I'm only faking when I get it right. When I get it right. 'Cause I fell on black days. I fell on black days. How would I know that this could be my fate? How would I know that this could be my fate? So what you wanted to see good has made you blind. And what you wanted to be yours, has made it mine. So don't you lock up something that you wanted to see fly. Hands are for shaking, no, not tying. No, not tying. I sure don't mind a change. I sure don't mind a change. Yeah, I sure don't mind. I sure don't mind a change. I sure don't mind a change. But I fell on black days. I fell on black days. How would I know that this could be my fate? How would I know that this could be my fate? How would I know that this could be my fate? How would I know that this could be my fate? I sure don't mind a change. 
8030303c-d335-4d08-bd73-d14560776898;Here in your bedroom,. I can turn my head off. The less that I feel. Is the less that I'm on top. I wonder what you think. As we lay here in bed. I don't know what I'm thinking,. But that's better for my head. When I wake up tomorrow. Will you still feel the same? When I wake up tomorrow. Will you have changed? 'Cuz I still feel the same. 'Cuz I still feel the same. I, 'cuz I still feel the same. Here in your bedroom. I can turn my head off. The less that I feel. Is the less that I'm on top. I wonder what you think. As we lay here in bed. I don't know what I'm thinking,. But that's better for my head. When I wake up tomorrow. Will you still feel the same? When I wake up tomorrow. Will you have changed? 'Cuz I still feel the same. 'Cuz I still feel the same. I, 'cuz I still feel the same. One, Two! Here in your bedroom,. I feel safe from the outside. I can tell that you're changing,. But still I feel so high. I wonder what you think. Sometimes I feel so old. I don't know if it's worth it. When I just do what I'm told. When I wake up tomorrow,. Will you still feel the same? When I wake up tomorrow,. Will you have changed? 'Cuz I still feel the same. 'Cuz I still feel the same. I, 'cuz I still feel the same. I, I still feel the same. I, I still feel the same. Won't you? 
9b5249c5-5d7a-4312-b2e0-8feae727a8bb;Something's wrong 'cause my mind is fading,. And everywhere I look there's a dead end waiting. Temperature's dropping at the rotten oasis. Stealing kisses from the leperous faces. Heads are hanging from the garbage man trees. Mouthwash, jukebox, gasoline. Pistols are pointing at a poor man's pockets. Smiling eyes whipping out of their sockets. Got a devil's haircut in my mind. Got a devil's haircut in my mind. Got a devil's haircut in my mind. Got a devil's haircut in my mind. Love machines on the sympathy crutches. Discount orgies on the dropout buses. Hitching a ride with the bleeding noses. Coming to town with the briefcase blues. Got a devil's haircut in my mind. Got a devil's haircut in my mind. Got a devil's haircut in my mind. Got a devil's haircut in my mind. Something's wrong 'cause my mind is fading. Ghetto-blasting disintegrating. Rock 'n' roll, know what I'm saying? And everywhere I look, there's a devil in waiting. Got a devil's haircut in my mind. Got a devil's haircut in my mind. Got a devil's haircut in my mind. Got a devil's haircut in my mind. Devil's haircut! In my mind! Devil's haircut! In my mind! Devil's haircut! In my mind! 
a11c1100-fb01-4f82-af31-2cc602653f58;Woo hoo! Woo hoo! Woo hoo! Woo hoo! I got my head checked. By a jumbo jet. It wasn't easy. But nothing i-is, no. Woo hoo! When I feel heavy metal. Woo hoo! And I'm pins and I'm needles. Woo hoo! Well I lie and I'm easy. All of the time but I'm never sure why I need you. Pleased to meet you. I got my head done. When I was young. It's not my problem. It's not my problem. Woo hoo! When I feel heavy metal. Woo hoo! And I'm pins and I'm needles. Woo hoo! Well I lie and I'm easy. All of the time but I'm never sure why I need you. Pleased to meet you. Yeah, yeah. Yeah, yeah. Yeah, yeah. Oh yeah. 
6f28f418-e681-40a2-9584-7cb9d73b1d7a;Make up your mind. Decide to walk with me. Around the lake tonight. Around the lake tonight. By my side. By my side. I'm not gonna lie. I'll not be a gentleman. Behind the boathouse. I'll show you my dark secret. I'm not gonna lie. I want you for mine. My blushing bride. My lover, be my lover yeah. Don't be afraid. I don't mean to scare you. So help me Jesus. I can promise you. You will stay as beautiful. With dark hair. And soft skin, forever. Forever. Make up your mind. Make up your mind and I promise you. I will treat you well. My sweet angel. So help me Jesus. Give it up to me. Give it up to me. Do you wanna be my angel? Give it up to me. Give it up to me. Do you wanna be my angel? Give it up to me. Give it up to me. Do you wanna be my angel? So help me. Be my angel. Be my angel. Be my angel. Do you wanna die? Do you wanna die? Do you wanna die? Do you wanna die? Do you wanna die? Do you wanna die? Do you wanna die? Do you wanna die? Well, I promise you. I will treat you well. My sweet angel. So help me, Jesus. Jesus. Jesus. Jesus. 
191ff0c1-c2b2-45e9-9b3c-edc6184de47b;Lightning crashes, a new mother cries. Her placenta falls to the floor. The angel opens her eyes. The confusion sets in. Before the doctor can even close the door. Lightning crashes, an old mother dies. Her intentions fall to the floor. The angel closes her eyes. The confusion that was hers. Belongs now, to the baby down the hall. Oh now feel it comin' back again. Like a rollin' thunder chasing the wind. Forces pullin' from the center of the earth again. I can feel it. Lightning crashes, a new mother cries. This moment she's been waiting for. The angel opens her eyes. Pale blue colored iris, presents the circle. And puts the glory out to hide, hide. Oh now feel it comin' back again. Like a rollin' thunder chasing the wind. Forces pullin' from the center of the earth again. I can feel it. I can feel it. I can feel it comin' back again. Like a rollin' thunder chasing the wind. Forces pullin' from the center of the earth again. I can feel it. I can feel it comin' back again. Like a rollin' thunder chasing the wind. Forces pullin' from the center of the earth again. I can feel it. I can feel it comin' back again. Like a rollin' thunder chasing the wind. Forces pullin' from the center of the earth again. I can feel it. I can feel it. I can feel it. 
8e40b4bf-be10-4908-bec0-2db49de30ad0;Broke into the old apartment. This is where we used to live. Broken glass, broke and hungry. Broken hearts and broken bones. This is where we used to live. Why did you paint the walls? Why did you clean the floor? Why did you plaster over the hole I punched in the door? This is where we used to live. Why did you keep the mousetrap? Why did you keep the dish-rack? These things used to be mine. I guess they still are, I want them back. Broke into the old apartment. Forty-two stairs from the street. Crooked landing, crooked landlord. Narrow laneway filled with crooks. This is where we used to live. Why did they pave the lawn? Why did they change the lock? Why did I have to break in? I only came here to talk. This is where we used to live. How is the neighbour downstairs? How is her temper this year? I turned up your TV and stomped on the floor just for fun. I know we don't live here anymore. We bought an old house on the Danforth. She loves me and her body keeps me warm. I'm happy here. But this is where we used to live. Broke into the old apartment. Tore the phone out of the wall. Only memories, fading memories. Blending into dull tableaux. I want them back. I want them back. This is where we used to live. I want them back. This is where we used to live. I want them back. This is where we used to live. I want them back. 
42a140d5-d210-4a2c-9cfa-25bcafdb4d52;[Spoken:]. Now, if you will, gentlmen, let's, let's put it, the song into perspective, just so you guys can understand where I'm coming from when I sings this. It's that the, the, the, the woman is, is the hunted, the animal, and when I catch her, being the predator, the hunter, I'm gonna kill her. Maybe not kill her, but, you know. You know what I mean, you silly guys, little bit of hot nookie, yeah? Little bit of pinch and squeal? Whatever, you know, however it goes. We're animals, right? We're outta control. We're fierce, animals, crazy, rrr. That's what I'm sayin'. Let's do this song. Dark in the city and the night is a wire. Steam in the subway and the earth is afire, oh yeah. Woman, you want me, so give me a sign. Other way, I'm just a moment behind, oh yeah. Now, in touch with the ground. I'm on a hunt, I'm after you. Smell like a sound, I'm lost and I'm found. And I'm hungry like the wolf. Straddle the line in discord and rhyme. I howl and I whine, I'm after you. My mouth is alive with juices like wine. And I'm hungry like the wolf. Dark in the forest, and it's too close to hide. I'll be upon you on the moonlight side, oh yeah. High blood drumming on your skin, it's so tight. You feel my heat, I'm just a moment behind, oh yeah, alright now. In touch with the ground. I'm on a hunt, I'm after you. Smell like a sound, I'm lost in a crowd. And I'm hungry like the wolf. I straddle the line, it's discord and rhyme. I howl and I whine, I'm after you. My mouth is alive and running inside. And I'm hungry like the wolf. Hungry like the wolf. Like the wolf. Hungry like the wolf. In touch with the ground. I'm on a hunt, I'm after you. Smell like a sound, I'm lost and I'm found. And I'm hungry like the wolf. Straddle the line, it's discord and rhyme. I howl and I whine, I'm after you. My mouth is alive with juices like wine. And I'm hungry like the wolf. Smell like a sound, in touch with the ground. I'm on the hunt, I'm after you. Smell like a sound, I'm lost in a crowd. And I'm hungry like the wolf. Straddle the line, it's discord and rhyme. I howl and I whine, I'm after you. My mouth is alive and running inside. And I'm hungry like the wolf. I'm hungry like the wolf. Oh yeah, I'm hungry, hungry like the wolf. I'm hungry, baby. [Spoken:]. Like the wolf, baby, like the wolf. Was that too much? I never know. 
77e4ddf9-7a04-4d45-9bff-c7b716ac5047;A long December and there's reason to believe. Maybe this year will be better than the last. I can't remember the last thing that you said as you were leaving. And the days go by so fast. And it's one more day up in the canyons. And it's one more night in Hollywood. If you think that I could be forgiven. Wish you would. Na-na-na-na, na-na-na-na-na-na-na-na-na. Na-na-na-na, yeah. The smell of hospitals in winter. And the feeling that it's all a lot of oysters but no pearls. All at once you look across a crowded room. To see the way that light attaches to a girl. And it's one more day up in the canyons. And it's one more night in Hollywood. If you think you might come to California. Think you should. Na-na-na-na, na-na-na-na-na-na-na-na-na. Na-na-na-na, yeah, yeah. Drove up to Hillside Manor sometime after 2 a. m. And talked a little while about the year. I guess the winter makes you laugh a little slower. Makes you talk a little lower about the things you could not show her. And it's been a long December and there's reason to believe. Maybe this year will be better than the last. I can't remember all the times I tried to tell myself. To hold on to these moments as they pass. And it's one more day up in the canyon. And it's one more night in Hollywood. It's been so long since I've seen the ocean. I guess I should. Na-na-na-na, na-na-na-na-na-na-na-na-na. Na-na-na-na, yeah, oh. Na-na-na-na, na-na-na-na-na-na-na-na-na. Na-na-na-na, yeah, yeah, yeah, yeah, yeah. Na-na-na-na, na-na-na-na-na-na-na-na-na. Na-na-na-na, yeah, oh. Na-na-na-na, na-na-na-na-na-na-na-na-na. Na-na-na-na, yeah. Yeah. Yeah. Yeah. 
7380d712-2240-418d-b73f-27bbac664b05;NA
f0c9f2dd-4633-4358-9385-a927f8402f9d;Travelling in a fried-out Kombi. On a hippie trail, head full of zombie. I met a strange lady, she made me nervous. She took me in and gave me breakfast. And she said:. "Do you come from a land down under? Where women glow and men plunder. Can't you hear, can't you hear the thunder? You better run, you better take cover. ". Buying bread from a man in Brussels. He was six foot four and full of muscles. I said, "Do you speak-a my language?". He just smiled and gave me a Vegemite sandwich. And he said:. "I come from a land down under. Where beer does flow and men chunder. Can't you hear, can't you hear the thunder? You better run, you better take cover. ". Lying in a den in Bombay. With a slack jaw and not much to say. I said to the man, "Are you trying to tempt me? Because I come from the land of plenty. ". And he said:. "Oh! Do you come from a land down under? (oh yeah yeah). Where women glow and men plunder. Can't you hear, can't you hear the thunder? You better run, you better take cover. ". "Living in a land down under. Where women glow and men plunder. Can't you hear, can't you hear the thunder? You better run, you better take cover. ". "Living in a land down under. Where women glow and men plunder. Can't you hear, can't you hear the thunder? You better run, you better take cover. ". "Living in a land down under. Where women glow and men plunder. Can't you hear, can't you hear the thunder? You better run, you better take cover. ". 
0d4337c5-7f78-4cf0-af8b-45458f9ac80c;It was an evening I shared with the sun. To find out where we belong. From the earliest days. We were dancing in the shadows. More wine. Cuz I got to have it. More skin. Cuz I got to eat it. Inside the outside. By the river. Used to be so calm. Used to be so sane. I rushed the lady's room. Took the water from the toilet. Washed her feet and blessed her name. More peace. Is such a dirty habit. Slow down,. we're too afraid. Let me ride. Let me ride. Burn my eyes. Let me ride. It was an evening I shared with the sun. To find out where we belong. From the earliest days. We were dancing in the shadows. Slow down,. we're too afraid. Let me ride. Let me ride. Burn my eyes. Let me ride. Let me ride. Let me ride. Let me ride. Let me ride. Let me ride. Let me ride. Let me ride. Let me ride. 
fc05220e-31f9-4695-be35-1540a101eb19;In my eyes. Indisposed. In disguise as no one knows. Hides the face. Lies the snake. And the sun in my disgrace. Boiling heat. Summer stench. 'Neath the black, the sky looks dead. Call my name. Through the cream. And I'll hear you scream again. Black hole sun. Won't you come. And wash away the rain? Black hole sun. Won't you come? Won't you come? Won't you come? Stuttering. Cold and damp. Steal the warm wind, tired friend. Times are gone. For honest men. And sometimes, far too long for snakes. In my shoes. A walking sleep. And my youth, I pray to keep. Heaven send. Hell away. No one sings like you anymore. Black hole sun. Won't you come. And wash away the rain? Black hole sun. Won't you come? Won't you come? Black hole sun. Won't you come. And wash away the rain? Black hole sun. Won't you come? Won't you come?. Won't you come?. Won't you come?. Won't you come?. Hang my head. Drown my fear. Till you all just disappear. Black hole sun. Won't you come. And wash away the rain? Black hole sun. Won't you come? Won't you come? Black hole sun. Won't you come. And wash away the rain? Black hole sun. Won't you come? Won't you come?. Won't you come?. Won't you come?. Won't you come?. Won't you come?. Won't you come?. Won't you come? Won't you come? 
a72881cc-33e5-4bcc-a610-bbd12623f414;She's got a cigarette on each arm. She's got the lily-white cavity crazes. She's got a carburetor tied to the moon. Pink eyes looking to the fruit of the ages. She's alone in the new pollution. She's alone in the new pollution. She's got a hand on a wheel of pain. She can talk to the mangling strangers. She can sleep in a fiery barn. Throwing troubles to the dying embers. She's alone in the new pollution. She's alone in the new pollution. She's alone in the new pollution. She's alone in the new pollution. She's got a paradise camouflage. Like a whip-crack sending me shivers. She's a boat in a strip-mine ocean. Riding low in the drunken rivers. She's alone in the new pollution. She's alone in the new pollution. 
10c963f7-829c-4a10-9bdf-5de8bfba4111;In the afterlife. You could be headed for the serious strife. Now you make the scene all day. But tomorrow there'll be Hell to pay. In the afterlife. You could be headed for the serious strife. Now you make the scene all day. But tomorrow there'll be Hell to pay. People listen attentively. I mean about future calamity. I used to think the idea was obsolete. Until I heard the old man stamping his feet. This is a place where eternally. Fire is applied to the body. Teeth are extruded and bones are ground. And baked into cakes which are passed around. In the afterlife. You could be headed for the serious strife. Now you make the scene all day. But tomorrow there'll be Hell to pay. Beauty, talent, fame, money,. Refinement , job skill and brain. But all the things you try to hide. Will be revealed on the other side. In the afterlife. You could be headed for the serious strife. Now you make the scene all day (Meet the furnace). But tomorrow there'll be Hell to pay (Yes, it is hot). Now the D and A and the M and the N and the A. And the T and the I-O-N. Lose your face. Lose your name. Then get fitted for a suit of flames. Now the D and A and the M and the N and the A. And the T and the I-O-N. Lose your face. Lose your name. Then get fitted for a suit of flames. 
4af2a464-3938-4982-9263-9dfabc56d735;NA
da2b95ca-94c8-4d56-8f2f-94925b9a1fad;She said "I'm fine, I'm okay". Cover up your trembling hands. There's indecision when you know you ain't got nothing left. When the good times never stay. And the cheap thrills always seem to fade away. When will we fall. When will we fall down. Jump back, gotta get out of here. Been too, too long this time. Jump back, gotta get out of here. When will, when will we fall down. She hates her life, she hates her skin. She even hates her friends. Tries to hold on to all the reputations she can't mend. And there's some chance we could fail. But the last time, someone's always there for bail. When will we fall. When will we fall down. Jump back, gotta get out of here. Been too, too long this time. Jump back, gotta get out of here. When will, when will we fall down. When will we, when will we fall down. When will we fall. She said "I'm fine, I'm okay". Cover up your trembling hands. There's indecision when you know you ain't got nothing left. For the last time conscience calls. For a good friend, I was never there at all. When will we fall. When will we fall down. Jump back, gotta get out of here. Been too, too long this time. Jump back, gotta get out of here. When will, when will we fall down. When will we, when will we fall down. When will we fall. 
ab6b61ca-90b4-45de-8358-84b22aa404b5;Ooh, hoo hoo hoo. Hoo hoo hoo. All I can say is that my life is pretty plain. I like watchin' the puddles gather rain. And all I can do is just pour some tea for two. And speak my point of view, but it's not sane. It's not sane. I just want someone to say to me, no oh oh oh. I'll always be there when you wake, and a-yeah-hea. You know I'd like to keep my cheeks dry today. So stay with me and I'll have it made. And I don't understand why I sleep all day. And I start to complain that there's no rain. And all I can do is read a book to stay awake. And it rips my life away, but it's a great escape. Escape, escape, escape. Oh yeah. Ooh, hoo hoo. Whoa. All I can say is that my life is pretty plain. You don't like my point of view, you think that I'm insane. It's not sane, it's not sane. I just want someone to say to me, no oh oh oh. I'll always be there when you wake, and a-yeah-hea. You know I'd like to keep my cheeks dry today. So stay with me and I'll have it made. Lord, and I'll have it made. Ooh, and I'll have it made. Oh-ho. Lord, I'm gonna. You know I'm really gonna, really gonna have it made, yeah-hea. You know I'll have it made. Oh-oh-oh-oh. Oh-oh-oh-oh. Oh-oh-oh-oh. Oh-oh-oh-oh. Oh, oh, oh, oh, oh. 
b80f7dc7-62d1-4820-8994-fc356e5c249e;Ladies and Gentlemen. As you know we have something special down here at Birdland this evening. A recording for Blue Note Records. (Yeah, yeah, yeah, what's that). (Yeah, yeah, yeah, funky funky). How 'bout a big hand now (wa-wait a minute). Groovy groovy jazzy funky pounce bounce dance. As we dip in the melodic sea. Rhythm keeps flowin', drip's the MC. Sweet sugar pop sugar pop rocks. Pop you don't stop til the sweet beat drops. I show and prove as I stick and move. Every poem's recited on top of the groove. Smooth, my, floatin' like a butterfly. Notes that I float, sung like a lullaby. Brace yourself as the beat hits ya, dip trip, flip fantasia. Feel the beat drop, jazz and hip-hop. Drippin' in your dome makes you zone and bop. Funk and fusion a fly illusion. Keeps ya coastin' on the rhythm ya cruisin'. Up down, round and round, rhymes profound. But nevertheless you've got to get down. Fantasy freak through the beat so unique. You move your feet and sweat from the heat. Back to the fact I'm the mack and I know that. The way I kick the rhyme some will call me a poet. Poem steady flowin', growin' showin' sights and sounds. Caught in the groove in the tale I found. Many tripped the tour upon the rhymes they saw. To an infinite height, to the realm of the hardcore. Here we go, off I take ya, dip trip, flip fantasia. Jump to the jam, boogie woogie jam slam. Bust the dialect I'm the man in command. Come flow with the sounds of the mighty mic master. Rhymin' on the mic I'll bring the suckers to disaster. Boukou ducks but I still rock Nike. With the razzle dazzle, star I might be. Scribble drabble scrabble on the microphone I babble. As I fix the funky words into a puzzle. Yes yes yes, on and on as I flex. Get with the flow, verbs manifest. Feel the vibe from here to Asia, dip trip, flip fantasia. Ow, you don't stop. Come on, come on, come on, come on, come on, come on. Give me more of that funky horn (what's that). (Yeah, funky funky). Bidi-bidi-bop, bidi-bidi-bop (funky funky). (Yeah, yeah, yeah, what's that). Bidi-bidi-bop (yeah). Bidi-bidi-bop (funky funky). (Yeah, yeah, yeah, what's that). (Yeah, yeah, yeah, funky funky). (Yeah, yeah, yeah, what's that). Bidi-bidi-bop (yeah). Bidi-bidi-bop (funky funky). (Yeah, yeah, yeah, what's that). Bidi-bidi-bop (yeah). Bidi-bidi-bop (funky funky). 
9f9e313d-dbe2-42a3-ae60-75331332ab18;You pretend you're high. Pretend you're bored. Pretend you're anything. Just to be adored. And what you need. Is what you get. Don't believe in fear. Don't believe in faith. Don't believe in anything. That you can't break. You stupid girl. You stupid girl. All you had you wasted. All you had you wasted. What drives you on (drives you on). Can drive you mad (drive you mad). A million lies to sell yourself. Is all you ever had. Don't believe in love. Don't believe in hate. Don't believe in anything. That you can't waste. You stupid girl. You stupid girl. Can't believe you fake it. Can't believe you fake it. Don't believe in fear. Don't believe in pain. Don't believe in anyone. That you can't tame. You stupid girl. You stupid girl. All you had you wasted. All you had you wasted. You stupid girl. You stupid girl. Can't believe you fake it. Can't believe you fake it. You stupid girl. You stupid girl. Can't believe you fake it. Can't believe you fake it. You stupid girl. 
acdd9c06-2312-4783-95f8-c565d10c7da7;Johnny's in America, no tax at the wheel. No-one needs anyone, they don't even just pretend. Johnny's in America. I'm afraid of Americans. I'm afraid of the world. I'm afraid I can't help it. I'm afraid I can't. I'm afraid of Americans. I'm afraid of the world. I'm afraid I can't help it. I'm afraid I can't. I'm afraid of Americans. Johnny's in America. Johnny wants a brain, Johnny wants to suck on a Coke. Johnny wants a woman, Johnny wants to think of a joke. Johnny's in America. I'm afraid of Americans. I'm afraid of the world. I'm afraid I can't help it. I'm afraid I can't. I'm afraid of Americans. I'm afraid of the world. I'm afraid I can't help it. I'm afraid I can't. I'm afraid of Americans. Johnny's in America, Johnny looks up at the stars. Johnny combs his hair and Johnny wants pussy and cars. Johnny's in America. Johnny's in America. I'm afraid of Americans. I'm afraid of the world. I'm afraid I can't help it. I'm afraid I can't. I'm afraid of Americans. I'm afraid of the world. I'm afraid I can't help it. I'm afraid I can't. I'm afraid of Americans. God is an American. God is an American. I’m afraid of Americans. I’m afraid of the world. I’m afraid I can’t help it. I’m afraid I can’t. I’m afraid of Americans. I’m afraid of the world. I’m afraid I can’t help it. I’m afraid I can’t. I’m afraid of Americans. I’m afraid of the world. I’m afraid I can’t help it. I’m afraid I can’t. I’m afraid of Americans. Johnny’s an American. Johnny’s an American. Johnny’s an American. (repeat and fade). 
c79facae-98d4-4a99-ab79-64c2cf7ddae7;Ow. Ow. I'm the man in the box. Buried in my shit. Won't you come and save me? Save me. Feed my eyes, can you sew them shut?. Jesus Christ, deny your maker. He who tries, will be wasted. Oh feed my eyes, now you've sewn them shut. Ow. Ow. I'm the dog who gets beat. Shove my nose in shit. Won't you come and save me? Save me. Feed my eyes, can you sew them shut?. Jesus Christ, deny your maker. He who tries, will be wasted. Oh feed my eyes, now you've sewn them shut. Feed my eyes, can you sew them shut?. Jesus Christ, deny your maker. He who tries, will be wasted. Oh feed my eyes, now you've sewn them shut. Ow. Ow. 
08f54c9a-ec43-444a-b2c3-2110d1cb58ba;Behind closed doors, your words ring hollow. What you said they'd be. What behavior? Who are you? But I like it. Now I'm done with nothing new. Sometimes green and sometimes blue. And I'm guilty. And I'm guilty. And I'm guilty. And I'm guilty. And you're guilty too. Hey, hey, hey, I'm guilty. And you're guilty too. Hey, hey, hey, hey. I'll tell you something, something new. You're hearing nothing, nothing true. You're killing me, I'm killing you. And I'm guilty too. One, two, three. I found you out so easily. One, two, three. I found in you what I found in me. The time is wrong, the time is right. Be careful who you kill tonight. And I'm melting. And I'm melting. And I'm melting. And I'm melting. And I'm melting in you. Hey, hey, hey, I'm guilty. And you're guilty too. Hey, hey, hey, hey. One and one and one makes three. One and one, why don't you see? I'm killing you, you're killing me. Can't you set me free? Inside out, I can't describe it. What you do to me. Inside out, I cannot hide it. Looking right through me. Now I've reached the living end. Pointing fingers to defend. And I'm guilty. And I'm guilty. And I'm guilty. And I'm guilty. And you're guilty too. Hey, hey, hey, I'm guilty. And you're guilty too. Hey, hey, hey, hey. I'll tell you something, something new. You're hearing nothing, nothing true. You're killing me, I'm killing you. And I'm guilty too. 
03207990-725d-4ade-ba3d-0cd468b76cd5;It ain't no joke. I'd like to buy the world a toke. And teach the world to sing in perfect harmony. And teach the world to snuff the fires and the liars. Hey, I know it's just a song, but it's spice for the recipe. This is a love attack. I know it went out, but it's back. It's just like any fad, it retracts before impact. And just like fashion, it's a passion for the with-it and hip. If you got the goods, they'll come and buy it just to stay in the clique. So don't delay, act now, supplies are running out. Allow if you're still alive. Six to eight years to arrive. And if you follow, there may be a tomorrow. But if the offer's shunned. You might as well be walking on the sun. Twenty-five years ago, they spoke out, and they broke out. Of recession and oppression and together they toked. And they folked out with guitars around a bonfire. Just singin' and clappin', man, what the hell happened? Then some were spellbound, some were hellbound. Some, they fell down, and some got back up. And fought back 'gainst the meltdown. And their kids were hippie chicks, all hypocrites. Because fashion is smashin' the true meaning of it. So don't delay, act now, supplies are running out. Allow if you're still alive. Six to eight years to arrive. And if you follow, there may be a tomorrow. But if the offer's shunned. You might as well be walking on the sun. It ain't no joke. When a mama's handkerchief is soaked. With her tears because her baby's life has been revoked. The bond is broke up. So choke up and focus on the close up. Mr. Wizard can't reform no god-like hocus-pocus. So don't sit back, kick back. And watch the world get bushwhacked. News at ten, your neighborhood is under attack. Put away the crack, before the crack puts you away. You need to be there when your baby's old enough to relate. So don't delay, act now, supplies are running out. Allow if you're still alive. Six to eight years to arrive. And if you follow, there may be a tomorrow. But if the offer's shunned. You might as well be walking on the sun. You might as well be walking on the sun. You might as well be walking on the sun. You might as well be walking on the sun. You might as well be walking on the sun. 
cce09d2d-f6fd-4a57-b596-a9d937e83267;Marky got with Sharon, Sharon got Sherice. She was sharin' Sharon's outlook on the topic of disease. Mikey had a facial scar, and Bobby was a racist. They were all in love with dyin', they were doin' it in Texas. Tommy played piano like a kid out in the rain. Then he lost his leg in Dallas, he was dancin' with a train. They were all in love with dyin', they were drinking from a fountain. That was pourin' like an avalanche comin' down the mountain. I don't mind the sun sometimes, the images it shows. I can taste you on my lips and smell you in my clothes. Cinnamon and sugary and softly spoken lies. You never know just how to look through other people's eyes. Some will die in hot pursuit in fiery auto crashes. Some will die in hot pursuit while sifting through my ashes. Some will fall in love with life and drink it from a fountain. That is pouring like an avalanche comin' down the mountain. I don't mind the sun sometimes, the images it shows. I can taste you on my lips and smell you in my clothes. Cinnamon and sugary and softly spoken lies. You never know just how you look through other people's eyes. Another Mikey took a knife while arguing in traffic. Flipper died a natural death, he caught a nasty virus. Then there was the ever present football player-rapist. They were all in love with dyin', they were doin' it in Texas. Paulie caught a bullet, but it only hit his leg. Well, it should have been a better shot, and got him in the head. They were all in love with dyin', they were drinkin' from a fountain. That was pourin' like an avalanche comin' down the mountain. I don't mind the sun sometimes, the images it shows. I can taste you on my lips and smell you in my clothes. Cinnamon and sugary and softly spoken lies. You never know just how you look through other people's eyes. 
1ccb6eb6-4cbd-42e5-a179-72704813df26;NA
102d3616-123c-44fb-8da7-c24efae35efb;She has a girlfriend now. She has a girlfriend now. She has a girlfriend now, she said. "Guys don't do no more for me". "You never loved me, like i wanted you to". (you never loved me, nooooo). "I said I loved you baby, what do you want me to do?". (what do you want me to do?). She said she found someone who's gonna hold her hand. She said she found someone who's gonna understand. She don't need nobody to be her man. She don't need nobody to be her man. She has a girlfriend now. She has a girlfriend now. She has a girlfriend now, she said. "Guys don't do no more for me". She said she found someone who's gonna hold her hand. She said she found someone who's gonna understand. She don't need nobody to be her man. She dont need nobody to be her man. She has a girlfriend now. She has a girlfriend now. She has a girlfriend now, she said. "Guys don't do no more for me". Well I never thought it would end like this. Just because I've got no tits. I'll shave my legs. I'll wear a bra. I'd even cut my penis off for you. (oh, that's so sweet!). She has a girlfriend now. (She has a girlfriend now). She has a girlfriend now. (She has a girlfriend now). She has a girlfriend now. (She has a girlfriend now). She has a girlfriend now. Yeah. 
b4b096ce-5d3e-4657-a58f-adc1d813eb6e;I'm packed and I'm holding. I'm smiling, she's living. She's golden, she lives for me. Says she lives for me. Ovation, her own motivation. She comes 'round, and she goes down on me. And I make her smile like a drug for you. Do ever what you want to do, coming over you. Keep on smiling, what we go through. One stop to the rhythm that divides you. And I speak to you like the chorus to the verse. Chop another line like a coda with a curse. Come on like a freak show takes the stage. We give them the games we play, she said. I want something else. To get me through this. Semi-charmed kind of life, baby, baby. I want something else. I'm not listening when you say goodbye. The sky was gold, it was rose. I was taking sips of it through my nose. And I wish I could get back there. Some place back there. Smiling in the pictures you would take. Doing crystal meth will lift you up until you break. It won't stop, I won't come down, I keep stock. With a tick-tock rhythm, a bump for the drop. And then I bumped up, I took the hit that I was given. And I bumped again, and then I bumped again. I said. How do I get back there. To the place where I fell asleep inside you? How do I get myself back to the place where you said. I want something else. To get me through this. Semi-charmed kind of life, baby, baby. I want something else. I'm not listening when you say goodbye. I believe in the sand beneath my toes. The beach gives a feeling, an earthy feeling. I believe in the faith that grows. And the four right chords can make me cry. When I'm with you I feel like I could die. And that would be all right, all right. And when the plane came in, she said she was crashing. The velvet, it rips in the city. We tripped on the urge to feel alive. Now I'm struggling to survive. Those days you were wearing that velvet dress. You're the priestess, I must confess. Those little red panties they pass the test. Slide up around the belly face down on the mattress. One, and you hold me. And we are broken. Still it's all that I want to do. Just a little now. Feel myself hovering off the ground. I'm scared, I'm not coming down, no, no. And I won't run for my life. She's got her jaws now locked down in a smile. But nothing is all right, all right. And I want something else to get me through this life, baby. I want something else, not listening when you say. Goodbye. Goodbye. Goodbye. Goodbye. The sky was gold, it was rose. I was taking sips of it through my nose. And I wish I could get back there. Some place back there. In the place we used to start. I want something else. 
d2247565-5101-416f-82a3-8588a2f8c7fd;I like to sit, do nothing at home. I disappear, turn off the phone. I lose myself, hide from the sun. I make a trip when I'm out of fun. I cut you in, come on let's go for a fall. I cut you in and you ain't leavin' at all. I cut you in, don't let it go to your head. I cut you in, part-time friend. I call you up whenever I'm stoned. We chew the skin, choke on the bones. You wonder when I'll go away. If I could deal with it, I would have stayed. I cut you in, come on let's go for a fall. I cut you in and you ain't leavin' at all. I cut you in, don't let it go to your head. I cut you in, part-time friend. I cut you in, come on let's go for a fall. I cut you in and you ain't leavin' at all. I cut you in, don't let it go to your head. I cut you in, part-time friend. I like to sit, do nothing at home. I disappear, turn off the phone. I lose myself, hide from the sun. I make a trip when I'm out of fun. I cut you in, come on let's go for a fall. I cut you in and you ain't leavin' at all. I cut you in, don't let it go to your head. I cut you in, part-time friend. I cut you in, come on let's go for a fall. I cut you in and you ain't leavin' at all. I cut you in, don't let it go to your head. I cut you in, part-time friend. I cut you in. I cut you in. I cut you in, don't let it go to your head. I cut you in, part-time friend. 
c1dcad28-75dc-46f5-9c74-451622549264;Karma police, arrest this man. He talks in maths, he buzzes like a fridge. He's like a detuned radio. Karma police, arrest this girl. Her Hitler hairdo is making me feel ill. And we have crashed her party. This is what you get. This is what you get. This is what you get when you mess with us. Karma police, I've given all I can. It's not enough, I've given all I can. But we're still on the payroll. This is what you get. This is what you get. This is what you get when you mess with us. For a minute there I lost myself. I lost myself. Phew, for a minute there I lost myself. I lost myself. Oh, for a minute there I lost myself. I lost myself. Phew, for a minute there I lost myself. I lost myself. 
93f199e9-d8c5-412e-b300-157e49106071;New blood joins this earth. And quickly he's subdued. Through constant pained disgrace. The young boy learns their rules. With time the child draws in. This whipping boy done wrong. Deprived of all his thoughts. The young man struggles on and on he's known. A vow unto his own. That never from this day. His will they'll take away. What I've felt. What I've known. Never shined through in what I've shown. Never be. Never see. Won't see what might have been. What I've felt. What I've known. Never shined through in what I've shown. Never free. Never me. So I dub thee unforgiven. They dedicate their lives. To running all of his. He tries to please them all. This bitter man he is. Throughout his life the same. He's battled constantly. This fight he cannot win. A tired man they see no longer cares. The old man then prepares. To die regretfully. That old man here is me. What I've felt. What I've known. Never shined through in what I've shown. Never be. Never see. Won't see what might have been. What I've felt. What I've known. Never shined through in what I've shown. Never free. Never me. So I dub thee unforgiven. What I've felt. What I've known. Never shined through in what I've shown. Never be. Never see. Won't see what might have been. What I've felt. What I've known. Never shined through in what I've shown. Never free. Never me. So I dub thee unforgiven. Never free. Never me. So I dub thee unforgiven. You labeled me. I'll label you. So I dub thee unforgiven. Never free. Never me. So I dub thee unforgiven. You labeled me. I'll label you. So I dub thee unforgiven. Never free. Never me. So I dub thee unforgiven. 
087710bc-e6b7-4cbd-ab04-4e01831df36d;It's easier not to be wise. And measure these things by your brains. I sank into Eden with you. Alone in the church by and by. I'll read to you here, save your eyes. You'll need them, your boat is at sea. Your anchor is up, you've been swept away. And the greatest of teachers won't hesitate. To leave you there, by yourself. Chained to fate. I alone love you. I alone tempt you. I alone love you. Fear is not the end of this. I alone love you. I alone tempt you. I alone love you. It's easier not to be great. And measure these things by your eyes. We long to be here by his resolve. Alone in the church by and by. To cradle the baby in space. And leave you there by yourself. Chained to fate. I alone love you. I alone tempt you. I alone love you. Fear is not the end of this. I alone love you. I alone tempt you. I alone love you. Yeah. I alone love you. I alone tempt you. I alone love you. Yeah. Oh, now, we took it back too far. Only love can save us now. All these riddles that you burn. All come runnin' back to you. All these rhythms that you hide. Only love can save us now. All these riddles that you burn. Yeah, yeah, yeah. I alone love you. I alone tempt you. I alone love you. Fear is not the end of this. I alone love you. I alone tempt you. I alone love you. Yeah. I alone love you. I alone tempt you. I alone love you. Aaah. I alone love you. I alone tempt you. I alone love you. 
519a212e-decb-40a7-a85d-ac58ba0734f0;NA
c5d83d48-5497-4eda-aa61-fc20fbb9070b;Unsealed, on a porch a letter sat. Then you said, "I wanna leave it again. ". Once I saw her on a beach of weathered sand. And on the sand. I wanna leave it again. yeah. On a weekend. wanna wish it all away, yeah. And they called, and I said that "I want what I said" and then I call out again. And the reason, oughtta leave her calm, I know. I said, "I know what I wear, not the box or the bag. ". (. "Ah yeah. Can you see them out on the porch? Yeah, but they don't wave. But I see them. 'round different ways, yeah. And I know, and I know. I don't want to stay. Ah yeah, yeah. Can you see them. Out on the porch? Yeah, but they don't wave. I see them. 'round the front way, yeah. And I know, and I know. I don't want to stay. (Make me cry). Ooooh I see. Ooh, I dont know there's something else. I want to drum it all away. Oh, I said, "I--I don't, I don't know whether I was the box or the bag. ". Ah yeah. Can you see them. Out on the porch? Yeah, but they don't wave. But, I see them round the front way, yeah. And I know, and I know. {that I don't. }. I don't want to stay, alone {at all}. I don't wanna stay, yeah. I don't wanna stay. I don't wanna stay. I don't. Don't wanna. Ohhhh. Yeah. oooh no no no no no. Ohhhhhhh oh oh oh oh. 
7a196927-17a2-43d9-9afe-007b30253ae2;If you wanna make the move, then you better come in. It's just the ability to reason that wears so thin. Living and dying and the stories that are true. The secret to a good life is knowing when you're through. Black coat, white shoes, black hat, Cadillac, yeah. The boy's a time bomb. Black coat, white shoes, black hat, Cadillac, yeah. The boy's a time bomb. Well, he's back in the hole where they got him. Living like a rat, but he's smarter than that. Nine lives like a cat, they take his soul. Take him to the youth authority home. First thing you learn: you gotta make it in this world alone. Black coat, white shoes, black hat, Cadillac, yeah. The boy's a time bomb. Black coat, white shoes, black hat, Cadillac, yeah. The boy's a time bomb. Now he's gotten out, he's gotten free, he gotta go, got a car. He's 21 years old, he's running numbers from the bar. His pager's beeping, he's getting deep in. Whatever he can move on in, you know that kid's a creepin'. Black coat, white shoes, black hat, Cadillac, yeah. The boy's a time bomb. Black coat, white shoes, black hat, Cadillac. The boy's a time bomb. Yeah, the boy's a time bomb! Tears come from the razor that's been tattooed below his eye. His mother cries, she knows that he is strong enough to die. He's rollin' in the Cadillac, it's midnight, sunroof is down. Three shots rung out, the hero's dead, the new king is crowned. Black coat, white shoes, black hat, Cadillac, yeah. The boy's a time bomb. Black coat, white shoes, black hat, Cadillac, yeah. The boy's a time bomb. Black coat, white shoes, black hat, Cadillac, yeah. The boy's a time bomb. Black coat, white shoes, black hat, Cadillac, yeah. The boy's a time bomb. Oooohhh, time bomb! 
e3087680-2924-45d7-b356-18a381abf6cc;I'm only happy when it rains. I'm only happy when it's complicated. And though I know you can't appreciate it. I'm only happy when it rains. You know I love it when the news is bad. Why it feels so good to feel so sad. I'm only happy when it rains. Pour your misery down. Pour your misery down on me. Pour your misery down. Pour your misery down on me. I'm only happy when it rains. I feel good when things are going wrong. I only listen to the sad, sad songs. I'm only happy when it rains. I only smile in the dark. My only comfort is the night gone black. I didn't accidentally tell you that. I'm only happy when it rains. You'll get the message by the time I'm through. When I complain about me and you. I'm only happy when it rains. Pour your misery down (pour your misery down). Pour your misery down on me (pour your misery down). Pour your misery down (pour your misery down). Pour your misery down on me (pour your misery down). Pour your misery down (pour your misery down). Pour your misery down on me (pour your misery down). Pour your misery down (pour it down). You can keep me company. As long as you don't care. I'm only happy when it rains. You'll wanna hear about my new obsession. I'm riding high upon a deep depression. I'm only happy when it rains (pour some misery down on me). I'm only happy when it rains (pour some misery down on me). I'm only happy when it rains (pour some misery down on me). I'm only happy when it rains (pour some misery down on me). I'm only happy when it rains (pour some misery down on me). (Pour some misery down on me). (Pour some misery down on me). (Pour some misery down on me). I'm only happy when it rains  (pour some misery down on me). (Pour some misery down on me). (Pour some misery down on me). (Pour some misery down on me). 
ca397586-9703-40eb-9b90-88469f0ce2fb;I'm feeling happy so highly evolved. My time's a riddle that will never be solved. Dreamin' for somethin' reachin' for somethin'. Just waitin' for the sun to carry me in. If you feel low. You can buy love. From a payphone. I don't feel low. My brother Bill he work for the market. Life is an arrow and now he's the target. Dreamin' for somethin' reachin' for somethin'. Just waitin' for the sun to carry me in. If you feel low. You can buy blow. From a payphone. I don't feel low. Highly evolved. I don't feel low. Highly evolved. 
0344e517-9e30-45c2-9a8e-1fad6f892e6b;This is the greatest and best song in the world. Tribute. Long time ago, me and my brother Kyle here. We was hitchhikin' down a long and lonesome road. All of a sudden. There shined a shiny demon. In the middle of the road. And he said! "Play the best song in the world, or I'll eat your souls". Well, me and Kyle. We looked at each other. And we each said. "Okay". And we played the first thing that came to our heads. Just so happened to be. The best song in the world. It was the best song in the world. Look into my eyes and it's easy to see. One and one make two, two and one make three. It was destiny. Once every hundred-thousand years or so. When the sun doth shine, and the moon doth glow. And the grass doth grow. Needless to say. The beast was stunned. A-whip-crack went his whippy tail! And the beast was done. He asked us. "Be you angels?". And we said "Nay,. We are but men". Rock! Ah, ah, ah,. Ho, whoa, oh-yo! This is not the greatest song in the world, no. This is just a tribute! Couldn't remember the greatest song in the world, yeah, no! This is a tribute, oh. To the greatest song in the world. All right! It was the greatest song in the world. All right! It was just the best motherfuckin' song. The greatest song in the world, all right! Dee soo guh goo gee goo gee. Goo guh fli-goo gee goo, guh fli-goo ga goo buh dee. Ooh guh goo bee, ooh guh guh bee guh guh bee. Fli-goo gee goo, a-fli-guh woo wa mama. Lucifer. And the peculiar thing is this, my friends. The song we sang on that fateful night. It didn't actually sound anything like this song! This is just a tribute! You gotta believe me,. And I wish you were there. Just a matter of opinion. Ha, ha, ha, ha, ha! Good God, got lovin'. Just so surprised to find you can't stop it. Oh hallelujah, I'm found. Rich motherfucking ka-chug. All right! All right! 
73410731-ef75-4cf7-a02c-9e91426d29ee;Feel,. Sick after every meal,. I'd say,. 'Cause I know,. The life from your burning wheel,. Won't wane,. Sleep,. I sleep every day,. Wipe the cobwebs away,. I need to be loved,. Christ,. I'm out of my mind,. I need to be loved,. I need to be loved,. As I turn to you and I say,. Thank goodness for the good souls,. That make life better,. As I turn to you and I say,. If it wasn't for the good souls,. Life would not matter,. Dive straight in on your girlfriend,. Making her feel like there's going to be a war,. Dive straight in at the deep end,. Making you feel like there's going to be a war,. As I turn to you and I say,. Thank goodness for the good souls,. That make life better,. As I turn to you and I say,. If it wasn't for the good souls,. Life would not matter,. One good day of the week,. And I'll be up again,. One good day of the week,. I'll be higher than the government,. As I turn to you and I say,. Thank goodness for the good souls,. That make life better,. As I turn to you and I say,. If it wasn't for the good souls,. Life would not matter,. As I turn to you and I say,. If you're messing with a good heart,. You've got to take what's due. 
5caabad4-29ec-4cd3-8814-b4a1215be2e6;We left behind the busy crowd. So it seems we slow down. Meet me with a way out through the lies. Nowhere, going nowhere in the fake yellow light. Blame no one, blame no one. The feelings change so fast. Safety scares them away. I can't bring myself to say it, it's my own advice I need. Nowhere and then nowhere, living trapped inside the chase. Blame no one, blame no one (so blame no one, would you look in my eyes and). Blame no one, blame no one. Our weakness is the same. We need poison sometimes. So take another drink with me. Blame no one, blame no one (so blame no one, could you look in my eyes and). Blame no one, blame no one. 
1279008d-6f7b-4840-ac3e-4ca61f371cce;This is where I say I've had enough. no one should ever feel the way that I feel now. A walking open wound, a trophy display of bruises. And I don't believe that I'm getting any better. Any better. Waiting here with hopes the phone will ring. And I'm thinking awful things. Pretty sure that few would notice. And this apartment is starving for an argument. Anything at all to break the silence. Wandering this house like I've never wanted out. And this is about as social as I get now. And I'm throwing away the letters that I am writing you. Cause they would never do, I would never do. Never. Waiting here with hopes the phone will ring. And I'm thinking awful things. Pretty sure that few would notice. And this apartment is starving for an argument. Anything at all to break the silence. Well don't be a liar,. Don't say that everything's working when everything's broken. And you smile like a saint but you curse like a sailor. And you might say the jokes on me. well I'm not laughing. You're not leaving. Who do I think I am kidding,. When I'm the only one locked in this cell. Waiting here with hopes the phone will ring. And I'm thinking awful things. Pretty sure that few would notice. And this apartment is starving for an argument. Anything at all to break the silence. So don't be a liar. Don't say that everything's working when everything's broken. And you smile like a saint but you curse like a sailor. And you might say the jokes on me. 
90b076a6-e2c7-4778-aa50-5e714556e241;I miss you. but I haven't met you yet. So special. but it hasn't happened yet. You are gorgeous. but I haven't met you yet. I remember. but it hasn't happened yet. And if you believe in dreams. or what is more important. that a dream can come true. I will meet you. I was peaking. but it hasn't happened yet. I haven't been given. my best souvenir. I miss you. but I haven't met you yet. I know your habits. but wouldn't recognize you yet. And if you believe in dreams. or what is more important. that a dream can come true. I will meet you. I'm so impatient. I can't stand the wait. When will i get my cuddle? Who are you? I know by now that you'll arrive. by the time I stop waiting. I miss you! 
a28778eb-7c15-4b33-be06-0ed6af40b5b6;Soma is what they would take when. Hard times opened their eyes. Saw pain in a new way. High stakes for a few names. Racing against sun beams. Losing against fig trees. In your eyes. And I am. Stop. And go. In your eyes. Said I am. Stop. And go. In your eyes. Let's go. When I saw her for the first time. Lips moved as her eyes closed. Heard something in his voice. "And I'll be there", he says, then he walks out. Somehow he was trying too hard. To be like them. Well I am. Stop. And go. In your eyes. And I am. Stop. Oh, darling let me go. Tried it once and they liked it. Then tried to hide it. Says "I've been doing this 25 years". Well I'm not listening no more. And these friends, they keep asking for more. Oh, but that's it. 
0330e52e-a7b2-45db-873e-87d206ae7d42;I got a twenty dollar bill. That says no one's ever seen you without make-up. You're always made up. And I'm sick of your tattoos. And the way you always criticize the Smiths. And Morrissey. And I know that you're a sucker for anything acoustic. But when I say let's keep in touch. I really mean I wish that you'd grow up. This is the first song for your mix tape. It's short just like your temper. Somewhat golden like the afternoons. We used to spend before you got too cool. I've got a twenty dollar bill. Says no one's ever seen you without make-up. You're always made up. And I'm sick of your tattoos. And the way you don't appreciate Brand New. or me. And I know that you're a sucker for anything acoustic. But when I say let's keep in touch. I really mean I wish that you'd grow up. This is the first song for your mix tape. And it's short just like your temper. But somewhat golden like the afternoons. We used to spend before you got too cool. Yeah, but I wish you were my shadow. Yeah, but I wish you were my shadow. Yeah, but I wish you were my shadow. Yeah, but I wish you were my shadow. 
542947ed-36aa-41d7-8d6f-ef15a8dc3395;NA
348f9f45-e584-453e-8e00-ac56c9f5b1bb;Street's like a jungle. So call the police. Following the herd. Down to Greece. On holiday. Love in the nineties. Is paranoid. On sunny beaches. Take your chances. Looking for girls who are boys. Who like boys to be girls. Who dig boys like they're girls. Who dig girls like they're boys. Always should be someone you really love. Avoiding all work. 'Cause there's none available. Low battery thinkers. Count your thoughts. On one, two, three, four, five fingers. Nothing is wasted. Only reproduced. You get nasty blisters. Du bist sehr schön. But we haven't been introduced. Girls who are boys. Who like boys to be girls. Who dig boys like they're girls. Who dig girls like they're boys. Always should be someone you really love. Girls who are boys. Who like boys to be girls. Who dig boys like they're girls. Who dig girls like they're boys. Always should be someone you really love. Ah ah ah ah ah ah. Ah ah ah ah ah. Looking for. Girls, boys. Boys, girls. Girls, boys. Boys, girls. Always should be someone you really love. Girls who are boys. Who like boys to be girls. Who dig boys like they're girls. Who dig girls like they're boys. Always should be someone you really love. Girls who are boys. Who like boys to be girls. Who dig boys like they're girls. Who dig girls like they're boys. Always should be someone you really love. Girls who are boys. 
30e8205f-67f0-4081-8a10-1a42e71fda45;A nice heart and a white suit and a baby blue Sedan. And I am doing the best that I can. All the eunuchs, they were standing in rows, singing. Please stud us out just as fast as you possibly can. Sad song, last dance and no one knows who the band was. And Henry, you danced like a wooden Indian. Except this one mattered and I felt it had a spirit. And I shot the stork because I didn't hear it that way. And it's hard to be a human being. And it's harder as anything else. And I'm lonesome when you're around. And I'm never lonesome when I'm by myself. And I miss you when you're around. And I miss you when you're around. And I miss you when you're around. A nice heart and a white suit and a baby blue Sedan. And I am doing the best that I can. All the eunuchs, they were standing in rows, singing. Please stud us out just as fast as you possibly can. Sad song, last dance and no one knows who the band was. And Henry, you danced like a wooden Indian. And it's hard to be a human being. And it's harder as anything else. And I'm lonesome when you're around. And I'm never lonesome when I'm by myself. And I miss you when you're around. And I miss you when you're around. And I miss you when you're around. A nice heart and a white suit and a baby blue Sedan. 
7db53337-0c6e-47d1-aa4c-06785a19c679;Where's New England in my life? It's only cold when you sleep alone. and pink chimneys in Maine couldn't keep me away. 
2d955c2f-e8db-4f7d-8a7a-5c8de89140e1;Tasting you and rain, I walk down to the train. Trying not to look down. This day could someday be an anniversary. Everything is light and sound. Facing forwards, going slowly, wait for you to show me. Where this train wants to go. Living by the hour, I stop for every flower. Everything is soft and slow. Now all these tastes improve. Through the view that comes with you. Like they handed me my life. For the first time it felt right. Thank you for making me see there's a life in me. It was dying to get out. Holding you, we make two spoons beneath an April moon. Everything is soft and sweet. This cigarette, it could seduce a nation with its smoke. Crawling down by tired throat. Scratches part of me that's purring. Softly stirring. I'm a captain of industry, smoking famously. Feet up on the windowsill. Looking at all these trees, I feel affinity. With everything so soft and still. Budding at my fingertips, touching you I start to bloom. Alive with the trains and passing ships. Soft and sweet along your lips now. I go "Oh, wow". Thank you for taking me from my monastery. I was dying to get out. With tears of gratitude, I like my latitude. Cross town train to you. Now all these tastes improve. Through the view that comes with you. Like they handed me my life. For the first time it felt worth it, like I deserved it. 
183c1734-5370-4907-8eb2-76bb754fe15c;I read it all every word. And I still don't understand a thing. What had you heard. What had you heard, was it love. Was it take another walk in the dark. You'll never learn. I'd pray to God if there was heaven. But heaven seems so very far from here. And it all boils down to the same thing. Just a yin and a yang or a couple of pipe dreams. And it all boils down to the same old pain. Whether you win or you lose isn't gonna change a single thing. I stood in line and a thought crossed my mind. I had been dreaming but I didn't mind. I signed the line and the woman looked right through me. She didn't smile. I'd pray to God if there was heaven. But heaven seems so very far from here. And it all boils down to the same old thing. Just a yin and a yang or a couple of pipe dreams. And it all boils down to the same old pain. Whether you win or you lose isn't gonna change a single thing. I'd pray to God if there was heaven. But heaven seems so very far from here. And it all boils down to the same old thing. Just a yin and a yang or a couple of pipe dreams. And it all boils down to the same old pain. Whether you win or you lose isn't gonna change a single thing. And it all boils down to the same old fear. Just a link in a chain just a puppet on a string. And it all boils down to the same old fear. Whether you win or lose. Whether you win or lose. Whether you win or lose. Whether you win or lose. 
5178097c-dcc9-47a8-8cb7-5c59da0ec3dd;I want, I know, I see just how ya feel. But baby, you got a ticket to ride. But if you want me, gots to let me know. Cause it's so hard to let you go. Well I've been around this block ten thousand times. So just patch me, just one more line. And if you want me, gots to let me know. Cause it's so hard to let you go. I've got one life to live in. So won't you stop and listen. Can't keep my head from spinnin all around you. I want, I know, I see just how ya been. And your livin and sinnin starts runnin thin. But if you want me, gots to take it slow. Cause it's so hard to let you go. I've got one life to live in. So won't you stop and listen. Can't keep my head from spinnin all around you. And if ya see me slippin just keep my head from hittin. I'd stop the world from spinnin all around you. But I'm frustrated, so frustrated. Seems like I've been there before. But I'm frustrated, so frustrated. Seems like I've been there before. So as the story goes, you know it well. So listen fuckers, it's the one to tell. But if you want me, gots to let me know. Cause it's so hard to let you go. 
fce869cc-1f56-4f27-96b8-0524244a109f;We've been on the run. Driving in the sun. Looking out for number one. California here we come. Right back where we started from. Hustlers grab your guns. Your shadow weighs a ton. Driving down the 101. California here we come. Right back where we started from. California. Here we come. On the stereo. Listen as we go. Nothings gonna stop me now. California here we come. Right back where we started from. The pedal to the floor. Thinking of the roar. Gotta get us to the show. California here we come. Right back where we started from. California. Here we come. California. California. Here we come. Oh. California, California. Here we come. California, California. Here we come. California, California. Here we come. 
4f4f0293-d8ba-42a6-8946-a75f2e0dacb3;Bones sinking like stones all that we've fought for. Homes, places we've grown, all of us are done for. And we live in a beautiful world, yeah we do, yeah we do. We live in a beautiful world. Bones sinking like stones, all that we've fought for. Homes, places we've grown, all of us are done for. And we live in a beautiful world, yeah we do, yeah we do. We live in a beautiful world. And we live in a beautiful world, yeah we do, yeah we do. We live in a beautiful world. Oh all that I know, there's nothing here to run from. 'Cause yeah, everybody here's got somebody to lean on. 
1b167ff9-452c-47d1-8116-7f4bca7d90ce;this drowning sorrow is shaking me. more than it ever has before. the road signs reading bitter end. leave me suspect of a crime. the city air chokes me today. more than it ever has before. i'm to nervous to feel deserved. by these street signs anymore. are you. going to. be waiting up when i get her home. we'll stay up all night. getting drunk and watching sunsets on our porch. i'm falling for you. i'm falling for you. i fell for you. these empty feelings question me. of who i think i've become. my mind is ticking life away. asking if you are the one. are you. going to. be waiting up when i get her home. we'll stay up all night. getting drunk and watching sunsets on our porch. i'm falling for you. i'm falling for you. i fell for you. i'm dying to explain my heart. to you now. i'm dying to explain my heart. to you now. there's so much on my mind it's tearing me apart. there's so much on my mind it's tearing me apart. i'm falling for you. i'm falling for you. i fell for you. 
ffc27e39-f1a6-402d-8f3c-1d7e56cea019;I am walking. out in the rain. and I am listening to the low moan. of the dial tone again. and I am getting. nowhere with you. and I can't let it go. and I can't get through. The old woman behind the pink curtains. and the closed door. on the first floor. she's listening through the air shaft. to see how long our swan song can last. And both hands. now use both hands. oh, no don't close your eyes. I am writing. graffitti on your body. I am drawing the story of. how hard we tried. I am watching your chest rise and fall. like the tides of my life,. and the rest of it all. and your bones have been my bedframe. and your flesh has been my pillow. I am waiting for sleep. to offer up the deep. with both hands. Oh! both hands. And in each other's shadows we grew less and less tall. and eventually our theories couldn't explain it all. and I'm recording our history now on the bedroom wall. and when we leave the landlord will come. and paint over it all. And I am walking. out in the rain. and I am listening to the low moan of the dial tone again. and I am getting nowhere with you. and I can't let it go. and I can't get though. So now use both hands. please use both hands. oh, no don't close your eyes. I am writing graffitti on your body. I am drawing the story of how hard we tried. hard we tried. how hard we tried. 
dc521f22-acba-4b01-8fc6-224ebef0d006;Oh, until tomorrow, I wear this crooked crown. To balance the power Telling me to dance the night away, now. Dance the night away oh oh oh yeah. I wear this crooked crown. Come close, you've never been so far away my dear. Move your hips, pretty darling - Oh Sugar come on. Shake your hips, pretty darling - Oh Sugar come on. Until tomorrow, I wear this crooked crown. Under the moonlight. Asking me to raise the dead, uh oh oh. Raise the dead, uh oh oh oh oh yeah. I wear this crooked crown. Come close, you've never been so far away, my dear. Move your hips, pretty darling - Oh Sugar come on. Shake your hips pretty darling. Move your hips, pretty darling - Oh Sugar come on. Shake your hips, pretty darling. Oh sugar why you wanna go and start this war? Why you wanna go all alone? Why you wanna go and start this war? Why you wanna go all alone? Why you wanna go and start this war? Why you wanna go? Move your hips, pretty darling - Oh Sugar come on. Shake your hips, pretty darling - Oh Sugar come on. Move your hips, pretty darling - Oh sugar come on. Shake your hips pretty darling - Oh Sugar come on. Oh come on, oh come on, oh come on. Oh Sugar come on, oh come on, oh come on. Oh Sugar come on, move your hips, shake your hips. Oh Sugar come on, oh come on oh come on. 
021b3c57-3eac-4e8a-9690-643461c23a93;I'll fawn over photographs. that you never would get to see. swallow your own neglect. with your miserable company. your daughter forgot her memories. your daughter forgot her. remember these. I'm over the precedent. of a false security. no matter how I come back. can never be proud of me. it's too long. to stay gone. it's too long. to stay gone. I don't regret what words were said. deserved respect you never had. watching the world keep falling around you. I don't expect your hand in this. under duress and influence. watching the world keep falling around you. I'll fawn photographs. that you never would get to see. no matter how I come back. can never be proud of me. it's too long. to stay gone. it's too long. to stay gone. I don't regret what words were said. deserved respect you never had. watching the world keep falling around you. I don't expect your hand in this. under duress and influence. watching the world keep falling around you. (around you, around you). I don't regret what words were said. deserved respect you never had. watching the world keep falling around you. 
5bc1a05b-93d1-4a07-9ba5-735dd226f7fa;I waited till I saw the sun. I don't know why I didn't come. I left you by the house of fun. I don't know why I didn't come. I don't know why I didn't come. When I saw the break of day. I wished that I could fly away. Instead of kneeling in the sand. Catching teardrops in my hand. My heart is drenched in wine. But you'll be on my mind forever. Out across the endless sea. I will die in ecstasy. But I'll be a bag of bones. Driving down the road alone. My heart is drenched in wine. But you'll be on my mind forever. Something has to make you run. I don't know why I didn't come. I feel as empty as a drum. I don't know why I didn't come. I don't know why I didn't come. I don't know why I didn't come. 
abcf00a6-f6f6-484f-aeff-8d01516d60cd;Ooh, ooh, ooh, ooh. Ooh, ooh, ooh, ooh. Ooh, ooh, ooh, ooh. Ooh, ooh, ooh, ooh. Black and orange stray cat sittin' on a fence. Ain't got enough dough to pay the rent. I'm flat broke, but I don't care. I strut right by with my tail in the air. Stray cat strut, I'm a (Ladies' cat). I'm a feline Casanova (Hey, man, that's where it's at). Get a shoe thrown at me from a mean old man. Get my dinner from a garbage can. Meow. Yeah, don't cross my path. I don't bother chasing mice around, oh, no. I slink down the alley looking for a fight. Howling to the moonlight on a hot summer night. Singin' the blues while the lady cats cry. "Wild stray cat, you're a real gone guy. I wish I could be as carefree and wild. But I got cat class, and I got cat style". I don't bother chasing mice around. I slink down the alley looking for a fight. Howling to the moonlight on a hot summer night. Singin' the blues while the lady cats cry. "Wild stray cat, you're a real gone guy. I wish I could be as carefree and wild. But I got cat class, and I got cat style". Meow. 
004f3d6c-7f65-4df6-a16d-f369b836ad7f;Let's go away for a while, you and I. To a strange and distant land. Where they speak no word of truth. But we don't understand anyway. Holiday, far away. To stay on a holiday. Far away, let's go today. In a heartbeat. Heartbeat, heartbeat. Don't bother to pack your bags or your map. We won't need them where we're goin'. We're goin' where the wind is blowin'. Not knowin' where we're gonna stay. Holiday, far away. To stay on a holiday. Far away, to stay. On a holiday, far away. Let's go today, in a heartbeat. Heartbeat, heartbeat. Heartbeat, heartbeat. We will write a postcard to our friends. And family in free verse. We will write a postcard to our friends. And family in free verse (On this road with Kerouac). We will write a postcard to our friends (Sheltered in his bivouac). And family in free verse (On this road with Kerouac). Heartbeat, heartbeat. Let's go away for a while, you and I. To a strange and distant land. Where they speak no word of truth. But we don't understand anyway. Holiday, far away. To stay on a holiday. Far away, to stay. On a holi. Let's go away, let's go away (To stay, on a holiday, far away). Let's go away, let's go away (To stay in a heartbeat). 
1f6300bf-188f-4871-9612-2ca3130fbd18;Ohio, Ohio, Ohio, Ohio, Ohio. Took a bus straight to Baltimore, on the way he took a nap. Dropped off a note that said I'm giving this note back. P. S. there's a lot going on underneath. There's roots, there's pipes and there's drainage leaks, oh yeah. You're on, you're wrong. Ohio, Ohio, Ohio, Ohio, Ohio. Truly sorry, I see clearly. Calmly crashing, I pace faster than anyone. Hinges rusting, they swing louder than anything. Truly lonely, this place is flatter than it seems. I'm upset and I leave the door open wide. Our hearts are used up, cracked, and dry. Pulled the scabs off of regrets. We haven't learned to eat our conscience yet. Truly sorry, I see clearly. Hardly hoping, I spend it all on game machines. Calmly crashing, I pace and I figure it out again. One hand clapping, awake but napping. Rows of lights to illuminate lines. Why don't they turn them off and let us see night. Drove crazed, grooming my lies. You can't look in on one-way eyes. Ohio, Ohio, Ohio, Ohio, Ohio. Ohio, Ohio, Ohio, Ohio, Ohio. 
5b143951-c930-4fc5-a45c-e06d27412443;I lost my lucky ball and chain, and now she's four years gone. She's five feet tall and sick of me, and all my rattling on. She threw away her baby doll, I held on to my pride. But I was young and foolish then, I feel old and foolish now. Confidentially, she never called me 'baby doll', confidentially, I never had much pride. But now I rock a barstool, and I drink for two, just pondering this time I'm in my mind. I lost my lucky ball and chain, and now she's four years gone. She's five feet tall and sick of me, and all my rattling on. She walked away from a happy man, I thought I was so cool. I just stood there whistling "There Goes the Bride" as she walked out the door. 'There goes the bride' as she walked out the door. I could shake my tiny fists, and swear I wasn't wrong,. But what's the sense in arguing, when you're all alone? Sure as you can't steer a train, you can't change your fate,. And when she told me off that day, I knew I'd lost my home. Confidentially, I never told you of her charms. Confidentially, we never had a "home". But this railroad apartment was the perfect place,. When she'd sit and hold me in her arms. I lost my lucky ball and chain, and now she's four years gone. She's five feet tall and sick of me, and all my rattling on. She walked away from a happy man, I thought I was so cool. I just stood there whistling "There Goes the Bride" as she walked out the door. 'There goes the bride' as she walked out the door. 'There goes the bride' as she walked out the door. 
3f5b7dbf-df6b-4653-a670-80d55613e18f;My mental stability reaches its bitter end. And all my senses are coming unglued. Is there any cure for this disease someone called love? Not as long as there are girls like you. Everything she does questions my mental health. It makes me lose control, I want to hurt myself. If anyone can hear me, slap some sense in me. But you turn your head and I end up talking to myself. Anxiety has got me strung out and frustrated. So I lose my head or I bang it up against the wall. Sometimes I wonder if I should be left alone. Or lock myself up in a padded room. I'd sit and spew my guts out to the open air. 'Cause no one wants to hear a drunken fool. Everything she does questions my mental health. It makes me lose control, I just can't trust myself. If anyone can hear me, slap some sense in me. But you turn your head and I end up talking to myself. Anxiety has got me strung out and frustrated. So I lose my head or I bang it up against the wall. I do not mind if this goes on. 'Cause now it seems I'm too far gone. I must admit I enjoy myself. 80, please keep taking me away. Everything she does questions my mental health. It makes me lose control, I just can't trust myself. If anyone can hear me, slap some sense in me. But you turn your head and I end up talking to myself. Anxiety has got me strung out and frustrated. So I lose my head or I bang it up against the wall. 
82a670bd-55fb-49e5-ad6e-d3dd7c3f1d3f;Christmas, Twin Falls, Idaho's. Her oldest memory. She was only two. It's the first time she felt blue. Cafeteria, Harrison Elementary. Beneath the parachute. Saw her without shoes. 7-up I touched her thumb. And she knew it was me. Although she couldn't see. Unless of course she peeked. My mom's good. She got me out of. Twin Falls, Idaho. Before I got too old. You know how that goes. That's where she still was. The summer she turned 17. 1983, three weeks after me. So last I heard, she had twins. Or maybe it was three. And though I'll never see. That don't bother me. 
055b1014-6d3e-49cb-8a61-f3508a32c492;Stephanie says that she wants to know. Why she's given half her life to people she hates now. Stephanie says when answering the phone. What country shall I say is calling from across the world. But she's not afraid to die. The people all call her Alaska. Between worlds, so the people ask her. 'Cause it's all in her mind. It's all in her mind. Stephanie says that she wants to know. Why it is though she's the door, she can't be the room. Stephanie says but doesn't hang up the phone. What seashell she is calling from across the world. But she's not afraid to die. The people all call her Alaska. Between worlds, so the people ask her. 'Cause it's all in her mind. It's all in her mind. They're asking is it good or bad. It's such an icy feeling. It's so cold in Alaska. It's so cold in Alaska. It's so cold in Alaska. 
04ef5c49-fe28-4a44-8895-f3bf1b4b3e5c;'Cause it's a bittersweet symphony, this life. Trying to make ends meet, you're a slave to the money, then you die. I'll take you down the only road I've ever been down. You know the one that takes you to the places where all the veins meet, yeah. No change, I can change, I can change, I can change. But I'm here in my mould, I am here in my mould. But I'm a million different people from one day to the next. I can't change my mould, no, no, no, no, no. Well, I've never prayed but tonight I'm on my knees, yeah. I need to hear some sounds that recognize the pain in me, yeah. I let the melody shine, let it cleanse my mind, I feel free now. But the airwaves are clean and there's nobody singing to me now. No change, I can change, I can change, I can change. But I'm here in my mould, I am here in my mould. And I'm a million different people from one day to the next. I can't change my mould, no, no, no, no, no. Have you ever been down? I can't change it you know, I can't change it. 'Cause it's a bittersweet symphony, this life. Trying to make ends meet, trying to find some money, then you die. I'll take you down the only road I've ever been down. You know the one that takes you to the places where all the veins meet, yeah. You know I can change, I can change, I can change, I can change. But I'm here in my mould, I am here in my mould. And I'm a million different people from one day to the next. I can't change my mould, no, no, no, no, no. I can't change my mould, no, no, no, no, no. I can't change my mould, no, no, no, no, no. You've got to change my mould, no, no, no. (It's just sex and violence, melody and silence). (Gotta, can't change my violence, melody and silence). (Gotta, can't change my violence, melody and silence). (I'll take you down the only road I've ever been down). (Gotta, can't change my violence, melody and silence). (I'll take you down the only road I've ever been down). (Gotta, can't change my violence, melody and silence). (Been down). (Ever been down). (Can't change my violence, melody and silence). (Ever been down). (Ever been down). (Ever been down). (Have you ever been down?). (Have you ever been down?). (Have you ever been down?). (Have you ever been down?). (Have you ever been down?). 
5b8f315c-1024-4bdc-b42c-00aec7e49dce;Road trippin' with my two favorite allies. Fully loaded we got snacks and supplies. It's time to leave this town, it's time to steal away. Let's go get lost anywhere in the U. S. A. Let's go get lost, let's go get lost. Blue you sit so pretty west of the one. Sparkle light with yellow icing just a mirror for the sun. Just a mirror for the sun. Just a mirror for the sun. These smiling eyes are just a mirror for. So much has come before those battles lost and won. This life is shining more forever in the sun. Now let us check our heads and let us check the surf. Staying high and dry's more trouble than it's worth in the sun. Just a mirror for the sun. Just a mirror for the sun. These smiling eyes are just a mirror for. In Big Sur we take some time to linger on. We three hunky dory's got our snakefinger on. Now let us drink the stars, it's time to steal away. Let's go get lost right here in the U. S. A. Let's go get lost, let's go get lost. Blue you sit so pretty west of the one. Sparkle light with yellow icing just a mirror for the sun. Just a mirror for the sun. Just a mirror for the sun. These smiling eyes are just a mirror for. These smiling eyes are just a mirror for. Your smiling eyes are just a mirror for. 
00c4d5bc-2eb0-42c5-9d1c-626eac47aae3;Lucretia walks into a room. Because she does it's not the same room. The one she wanted to be in. She says, "Everywhere I go, damn! There I am. ". And I just want to walk away. Won't you let me walk away sometimes? Won't you let me walk away? Every one of you is fired. I'm just an ordinary guy. And all I want is to be loved - is that so wrong? Don't think that I don't know what you're saying about me. I hear it all through these thin walls. And I just want to walk away. Won't you let me walk away this time? I just want to walk away. Every one of you is fired. Every one of you is oh oh oh oh. Every one of you is fired, yeah! (Ooh!). I just want to walk away. Won't you let me walk away this time? 'Cause I just want to walk away. Every one of you is fired. Every one of you is oh oh oh oh. Every one of you is fired. Every one of you is oh oh oh oh. Fired. MOTHERFUCKER! 
a80d04f3-f941-4053-a537-26516e12da1e;She doesn't care. Whether or not he's an island. She doesn't care,. Just as long as his ship's coming in. She doesn't care. Whether or not he's an island (oh no). They laugh, they make money,. He's got a gold watch,. She's got a silk dress. And healthy breasts. That bounce. On his Italian leather sofa. She doesn't care. Whether or not he's a good man. She doesn't care,. Just as long as she still has her friends. She doesn't care. Whether or not he's an island. They laugh, they make money,. He's got a gold watch,. She's got a silk dress,. And healthy breasts. That bounce. On his Italian leather sofa. She's got a serrated edge. That she moves back and forth. It's such a simple machine,. She doesn't have to use force. When she gets what she wants,. She puts the rest on a tray. In a Ziploc bag. (x2). in the freezer. (ohh no). She doesn't care. Whether or not he's an island. She doesn't care,. Just as long as his ship's coming in. (All right, here it comes, here it comes). She doesn't care. Whether or not he's an island. They laugh, they make money,. He's got a gold watch,. She's got a silk dress,. And healthy breasts. That bounce. On his Italian leather sofa. 
2972366d-8fd2-4b31-aa48-9118df2018bc;There are things that used to make me smile. One of them was you for just a little while. You left me for dead so far away. I replaced you with fear and shame. You'll be happy on the day I die. There are things that used to make me laugh. But now they're deeply buried in the past. I left them there so far away. Replaced my humor with my pain. I'll be happy on the day it dies. Remember when I said I love you? Well, forget it, I take it back. I was just a stupid kid back then. I take back every word that I said. There are things that used to make you cry. One of them was me for just a little while. Why is it that you had to say. Goodbye in your special way. You slashed the tires on my car. Remember when I said I love you? Well, forget it, I take it back. I was just a stupid kid back then. I take back every word that I said. 
023841ff-f2b0-4340-b307-a5df47eceb3a;Don't let it go away. This feeling has got to stay. Don't let it go away. This feeling has got to stay. And I can't believe I've had this chance now. Don't let it go away, yeah. New, you're so new. You, y'knew. And I never had this taste in the past. New, you're so new. My normal hesitation is gone. And I really gravitate to your will. Are you here to fetch me out? 'Cause I never had this taste in my mouth. Oh, you're not old. And you're not familiar. Recently discovered and I'm learning about you. New, you're so new. You, y'knew. And you're consuming me violently. And your reverence shamelessly tempting me. Who sent this maniac? 'Cause I never had this taste in the past. Oh, you're different. You're different from the former. Like a fresh battery, I'm energized by you. Don't let it go away. This feeling has got to stay. Don't let it go away. This feeling has got to stay. And I can't believe I've had this chance now. Don't let it go away. Why am I so curious? This territory's dangerous. I'll probably end up at the start. I'll be back in line with my broken heart. New, you're so new. You, y'knew. And I never had this taste in the past. Don't let it go away. This feeling has got to stay. Don't let it go away. This feeling has got to stay. And I can't believe I've had this chance now. Don't let it go away. And I can't believe it. Can't believe it. Can't believe it. Can't believe it. Don't let it go away. This feeling has got to stay. Don't let it go away. 
0f97e2e6-7700-49a7-900f-100cba4a132c;Questioningly. Her eyes looked at me. And then she spoke, Aren't you someone I used to know. And weren't we lovers a long time ago? Looked at her close. Forced her into view. Yes, I said, you're a girl that I once may have knew. But I don't love you anymore. Why do you want to talk to me for? You should have just let me walk by. Memories make us cry. In the morning I'm at work on time. My boss tells me that I'm doing fine. When I'm going home. Whiskey bottle, movie on TV. Memories make me cry. And I'm alone just me, just me. Questioningly. 
f4a92fdf-a5f6-4105-9201-b2c4be86b46c;6 a. m. , day after Christmas. I throw some clothes on in the dark. The smell of cold, car seat is freezing. The world is sleeping, I am numb. Up the stairs to her apartment. She is balled up on the couch. Her mom and dad went down to Charlotte. They're not home to find us out. And we drive. Now that I have found someone. I'm feeling more alone. Than I ever have before. She's a brick and I'm drownin' slowly. Off the coast and I'm headed nowhere. She's a brick and I'm drownin' slowly. They call her name at seven-thirty. I pace around the parking lot. And I walk down to buy her flowers. And sell some gifts that I got. Can't you see. It's not me you're dying for. Now she's feeling more alone. Than she ever has before. She's a brick and I'm drownin' slowly. Off the coast and I'm headed nowhere. She's a brick and I'm drownin' slowly. As weeks went by, it showed that she was not fine. They told me,. And she broke down and I broke down. 'Cause I was tired of lying. Driving back to her apartment. For the moment, we're alone. Yeah, she's alone and I'm alone. Now I know it. She's a brick and I'm drownin' slowly. Off the coast and I'm headed nowhere. She's a brick and I'm drownin' slowly. 
88ad947b-ce62-4671-98cd-3db2393f67bb;Blackbird singing in the dead of night. Take these broken wings and learn to fly. All your life. You were only waiting for this moment to arise. Blackbird singing in the dead of night. Take these sunken eyes and learn to see. All your life. You were only waiting for this moment to be free. Blackbird fly. Blackbird fly. Into the light of the dark black night. Blackbird fly. Blackbird fly. Into the light of the dark black night. Blackbird singing in the dead of night. Take these broken wings and learn to fly. All your life. You were only waiting for this moment to arise. You were only waiting for this moment to arise. You were only waiting for this moment to arise. 
95f74436-9368-44b3-a943-bf6b2320c649;Rows of houses all bearing down on me. I can feel their blue hands touching me. All these things into position. All these things we'll one day swallow whole. And fade out again. And fade out. This machine will, will not communicate. These thoughts and the strain I am under. Be a world child, form a circle. Before we all go under. And fade out again. And fade out again. Cracked eggs, dead birds scream as they fight for life. I can feel death, can see its beady eyes. All these things into position. All these things we'll one day swallow whole. And fade out again. And fade out again. Immerse your soul in love. Immerse your soul in love. 
62cddee2-47f4-4c82-b736-6739c2bd45a6;In a city of the future. It is difficult to concentrate. Meet the boss, meet the wife. Everybody's happy. Everyone is made for life. In a city of the future. It is difficult to find a space. I'm too busy to see you. You're too busy to wait. But I'm OK, how are you? Thanks for asking. Thanks for asking. I'm OK, how are you? I hope that you're OK too. Everyone of those days. When the sky is Californian blue. In a beautiful bombshell. I throw myself into my world. I'm too lazy. I've been kidding myself for too long. I'm OK, how are you? Thanks for asking. Thanks for asking. I'm OK, how are you? I hope that you're OK too. 
129b286b-2e35-414c-ab95-6097d60e6c4b;Jumped in the river, what did I see? Black-eyed angels swam with me. A moon full of stars and astral cars. And all the figures I used to see. All my lovers were there with me. All my past and future. And we all went to heaven in a little rowboat. There was nothing to fear, nothing to doubt. Jumped into the river. Black-eyed angels swam with me. A moon full of stars and astral cars. And all the figures I used to see. All my lovers were there with me. All my past and future. And we all went to heaven in a little rowboat. There was nothing to fear, nothing to doubt. There was nothing to fear, nothing to doubt. There was nothing to fear, nothing to doubt. 
4d7b8fcb-fafc-4416-9170-752f12e10a2e;Flies are buzzing round my head. Vultures circling the dead. Picking up every last crumb. The big fish eat the little ones. Big fish eat the little ones. Not my problem, give me some. You can try the best you can. You can try the best you can. The best you can is good enough. You can try the best you can. You can try the best you can. The best you can is good enough. This one's optimistic. This one went to market. This one just came out of the swamp. This one drops a payload. Fodder for the animals. Living on animal farm. You can try the best you can. You can try the best you can. The best you can is good enough. You can try the best you can. You can try the best you can. The best you can is good enough. I'd really like to help you, man. I'd really like to help you, man. Nervous messed up marionette. Floating around on a prison ship. You can try the best you can. You can try the best you can. The best you can is good enough. You can try the best you can. You can try the best you can. Dinosaurs roaming the Earth. Dinosaurs roaming the Earth. Dinosaurs roaming the Earth. 
7e8b80a4-5ae3-47ee-854e-ac0e6b7623f0;Wake from your sleep. The drying of your tears. Today, we escape. We escape. Pack and get dressed. Before your father hears us. Before all hell. Breaks loose. Breathe, keep breathing. Don't lose your nerve. Breathe, keep breathing. I can't do this alone. Sing us a song. A song to keep us warm. There's such a chill. Such a chill. You can laugh. A spineless laugh. We hope your rules and. Wisdom choke you. Now we are one. In everlasting peace. We hope that you choke that you choke. That you choke. We hope that you choke that you choke. That you choke. We hope that you choke that you choke. That you choke. 
8948741b-0fd0-48f1-92a7-9ed26fbdd3fe;Been thinking about you. Your records are here. Your eyes are on my wall. Your teeth are over there. But I'm still no one. And you're now a star. What do you care? Been thinking about you. And there's no rest. Shit, I still love you. Still see you in bed. But I'm playing with myself. And what do you care. When the other men are far, far better? All the things you've got. All the things you need. Who bought you cigarettes. Who bribed the company to come and. See you, honey? I've been thinking about you. So how can you sleep? These people aren't your friends. They're paid to kiss your feet. They don't know what I know. And why should you care. When I'm not there? Been thinking about you. And there's no rest. Should I still love you. Still see you in bed? But I'm playing with myself. And what do you care. When I'm not there? All the things you've got. She'll never need. All the things you've got. I've bled and I bleed to. Please you. Been thinking about you. 
a423dc51-ca84-49fa-ac85-bf6a427dde04;NA
f4ee6d79-3a81-4f78-a74f-935d1cf81add;Lundy, Fastnet, Irish Sea. I got a message I can't read, I got a message I can't read. Lundy, Fastnet, Irish Sea. I got a message I can't read, I got a message I can't read. I'm on your side, nowhere to hide. Trapdoors that open I spiral down. You're living in a fantasy world, you're living in a fantasy world. I'm lost at sea, don't bother me. I've lost my way, I've lost my way. You're living in a fantasy world, you're living in a fantasy world. You're living in a fantasy world, the most beautiful world. Lundy, Fastnet, Irish Sea, I got a message I can't read. I got a message I can't read, I got a message I can't read. Lundy, Fastnet, Irish Sea, I got a message I can't read. I got a message I can't read, I got a message I can't read. Lundy, Fastnet, Irish Sea. 
99d300d0-6af6-4adc-b887-93c0c123f3ed;Two jumps in a week. I bet you think that's pretty clever, don't you, boy? Flying on your motorcycle. Watching all the ground beneath you drop. You'd kill yourself for recognition. Kill yourself to never ever stop. You broke another mirror. You're turning into something you are not. Don't leave me high. Don't leave me dry. Don't leave me high. Don't leave me dry. Drying up in conversation. You will be the one who cannot talk. All your insides fall to pieces. You just sit there wishing you could still make love. They're the ones who'll hate you. When you think you've got the world all sussed out. They're the ones who'll spit at you. You will be the one screaming out. Don't leave me high. Don't leave me dry. Don't leave me high. Don't leave me dry. It's the best thing that you ever had. The best thing that you ever, ever had. It's the best thing that you ever had. The best thing you have had has gone away. Don't leave me high. Don't leave me dry. Don't leave me high. Don't leave me dry. Don't leave me high. Don't leave me high. Don't leave me dry. 
9ff651a2-1576-4de3-92bd-8f41b5958bcc;Please could you stop the noise, I'm trying to get some rest. From all the unborn chicken voices in my head. What's that? (I may be paranoid, but not an android). What's that? (I may be paranoid, but not an android). When I am king you will be first against the wall. With your opinion which is of no consequence at all. What's that? (I may be paranoid, but no android). What's that? (I may be paranoid, but no android). Ambition makes you look pretty ugly. Kicking, squealing Gucci little piggy. You don't remember, you don't remember. Why don't you remember my name? Off with his head, man, off with his head, man. Why don't he remember my name, I guess he does. Rain down, rain down. Come on, rain down on me. From a great height, from a great height. Height. Rain down, rain down. Come on, rain down on me. From a great height, from a great height. Height. That's it, sir, you're leaving (rain down). The crackle of pigskin (rain down, come on, rain). The dust and the screaming (down on me). The yuppies networking. The panic, the vomit (from a great height). The panic, the vomit (from a great height). God loves his children. God loves his children, yeah. 
e311d08e-a00e-4bfe-975c-f6d928ae3dff;While you make pretty speeches. I'm being cut to shreds. You feed me to the lions. A delicate balance. When this just feels like spinning plates. I'm living in cloud cuckoo land. And this just feels like spinning plates. My body's floating down a muddy river. 
420698a8-c34f-4509-a69d-da791aea39a4;I'm on a roll, I'm on a roll this time. I feel my luck could change. Kill me, Sarah, kill me again with love. It's gonna be a glorious day. Pull me out of the aircrash. Pull me out of the lake. 'Cause I'm your superhero. We are standing on the edge. The head of state has called for me by name. But I don't have time for him. It's gonna be a glorious day. I feel my luck could change. Pull me out of the aircrash. Pull me out of the lake. 'Cause I'm your superhero. We are standing on the edge. We are standing on the edge. 
6418b172-ecb3-446c-8233-2862df1494f8;Everyone. Everyone around here. Everyone is so near. It's holding on. It's holding on. Everyone. Everyone is so near. Everyone has got the fear. It's holding on. It's holding on. It's holding on. It's holding on. It's holding on. 
c8359519-ed6c-4032-81c1-e9e17527b1a4;Her green plastic watering can. For a fake Chinese rubber plant. In the fake plastic earth. That she bought from a rubber man. In a town full of rubber plans. To get rid of itself. It wears her out. It wears her out. It wears her out. It wears her out. She lives with a broken man. A cracked polystyrene man. Who just crumbles and burns. He used to do surgery. For girls in the eighties. But gravity always wins. And it wears him out. It wears him out. It wears him out. It wears. She looks like the real thing. She tastes like the real thing. My fake plastic love. But I can't help the feeling. I could blow through the ceiling. If I just turn and run. And it wears me out. It wears me out. It wears me out. It wears me out. And if I could be who you wanted. If I could be who you wanted. All the time. All the time. 
0944ef9e-9182-4412-b908-40a6deb818dc;A heart that's full up like a landfill. A job that slowly kills you. Bruises that won't heal. You look so tired, unhappy. Bring down the government. They don't, they don't speak for us. I'll take a quiet life. A handshake of carbon monoxide. And no alarms and no surprises. No alarms and no surprises. No alarms and no surprises. Silent. Silent. This is my final fit, my final bellyache with. No alarms and no surprises. No alarms and no surprises. No alarms and no surprises, please. Such a pretty house and. Such a pretty garden. No alarms and no surprises (let me out of here). No alarms and no surprises (let me out of here). No alarms and no surprises, please (let me out of here). 
1bf59297-2c98-4a70-9459-31b560e2934d;I might be wrong. I might be wrong. I could've sworn I saw a light coming on. I used to think. I used to think. There was no future left at all. I used to think. Open up, begin again. Lets go down the waterfall. Think about the good times and never look back. Never look back. What would I do? What would I do? If I did not have you. Open up, let me in. Let's go down the waterfall. Have ourselves a good time, it's nothing at all. It's nothing at all. Nothing at all. Never look back. Never look back. 
de6a5ce0-8651-407f-9678-a5476502914d;If you, if you could return. Don't let it burn, don't let it fade. I'm sure I'm not being rude. But it's just your attitude. It's tearing me apart. It's ruining everything. I swore, I swore I would be true. And honey so did you. So why were you holding her hand? Is that the way we stand? Were you lying all the time? Was it just a game to you? But I'm in so deep. You know I'm such a fool for you. You got me wrapped around your finger, uh-huh-huh. Do you have to let it linger? Do you have to, do you have to. Do you have to let it linger? Oh, I thought the world of you. I thought nothing could go wrong. But I was wrong, but I was wrong. If you, if you could get by. Trying not to lie. Things wouldn't be so confused. And I wouldn't feel so used. But you always really knew. I just wanna be with you. And I'm in so deep. You know I'm such a fool for you. You got me wrapped around your finger, uh-huh-huh. Do you have to let it linger? Do you have to, do you have to. Do you have to let it linger? And I'm in so deep. You know I'm such a fool for you. You got me wrapped around your finger, uh-huh-huh. Do you have to let it linger? Do you have to, do you have to. Do you have to let it linger? You know I'm such a fool for you. You got me wrapped around your finger, uh-huh-huh. Do you have to let it linger? Do you have to, do you have to. Do you have to let it linger? 
4bc7406d-75be-4920-97b1-8e3e07f3f388;To all those people doing lines. Don't do it, don't do it. Inject your soul with liberty. It's free, it's free. To all the kids with heroin eyes. Don't do it, don't do it. Because it's not, not what it seems. No, no it's not, not what it seems. Salvation, salvation, salvation is free. Salvation, salvation, salvation is free. To all those parents with sleepless nights. (Sleepless nights). Tie your kids home to their beds. Clean their heads. To all the kids with heroin eyes. Don't do it, don't do it. Because it's not, not what it seems. No, no it's not, not what it seems. Salvation, salvation, salvation is free. Salvation, salvation, salvation is free. Salvation, salvation, salvation is free. Salvation, salvation, salvation is free. 
f3ddd59c-13fd-4485-bedd-ba9d6b13b1a5;Do do-do do, do do-do do. Do do-do do, do do-do do. Do do-do do, do do-do do. Do do-do do, do do-do do. Understand the things I say. Don't turn away from me. 'Cause I spent half my life out there. You wouldn't disagree. D'you see me, d'you see? Do you like me, do you like me standing there? D'you notice, d'you notice? Do you see me, do you see me? Does anyone care? Unhappiness was when I was young. And we didn't give a damn. 'Cause we were raised. To see life as fun and take it if we can. My mother, my mother, she hold me. Did she hold me when I was out there? My father, my father, he liked me. Oh, he liked me, does anyone care? Understand what I've become. It wasn't my design. And people everywhere think. Something better than I am. But I miss you, I miss. 'Cause I liked it, 'cause I liked it. When I was out there. D'you know this, d'you know? You did not find me, you did not find. Does anyone care? Unhappiness was when I was young. And we didn't give a damn. 'Cause we were raised. To see life as fun and take it if we can. My mother, my mother, she hold me. Did she hold me when I was out there? My father, my father, he liked me. Oh, he liked me, does anyone care? Does anyone care? Does anyone care? Does anyone care? Does anyone care? Does anyone care? Does anyone care? Does anyone care? Do do-do do, do do-do do. Do do-do do, do do-do do. Do do-do do, do do-do do. Do do-do do, do do-do do. Do do-do do, do do-do do. Do do-do do, do do-do do. 
8f42b0fa-7d49-4845-8bad-102303f29776;Another head hangs lowly,. Child is, slowly, taken. And the violence caused such silence,. Who are we mistaken? But you see, it's not me, it's not my family. . In your head, in your head they are fighting,. With their tanks, and their bombs,. And their bombs, and their guns. . In your head, in your head, they are crying. . In your head, in your head,. Zombie, zombie, zombie,. Hey, hey, hey. What's in your head,. In your head,. Zombie, zombie, zombie?. Hey, hey, hey, hey, oh,. Dou, dou, dou-dou-dou. Another mother's breakin'. Heart is taken over. When the violence causes silence,. We must be mistaken. It's the same old theme since 1916:. In your head, in your head they're still fighting,. With their tanks, and their bombs,. And their bombs, and their guns. . In your head, in your head, they are dying. . In your head, in your head,. Zombie, zombie, zombie,. Hey, hey, hey! What's in your head,. In your head,. Zombie, zombie, zombie? Hey, hey, hey, hey, oh, oh, oh,. Oh, oh, oh, oh, hey, oh, ya, ya-a. 
cf5a87c6-a349-46e9-8cb5-a9420cc26574;Electric blue eyes, where did you come from. Electric blue eyes, who sent you. Electric blue eyes, always be near me. Electric blue eyes, I need you. Domine, Domine, Deus. Domine, Adiuva Me. Domine, Domine, Deus. Domine, Adiuva Me. Hey, eh, hey, eh. If you should go, You should know I love you. If you should go, You should know I'm here. Always be near me, guardian angel. Always be near me, there's no fear. Domine, Domine, Deus. Domine, Adiuva Me. Domine, Domine, Deus. Domine, Adiuva Me. Hey, eh, hey, eh. 
d86a740a-c9fc-42b8-b6c0-4d4581faff15;Lying in my bed again. and I cry 'cause you're not here. Crying in my head again. and I know that it's not clear. Put your hands, put your hands. inside my face and see that it's just you. But it's bad and it's mad. and it's making me sad. because I can't be with you. Be with you, be with you. Be with you, be with you. Be with you, be with you. Baby, I can't be with you. Thinking back on how things were. and on how we loved so well,. I wanted to be the mother of your child. and now it's just farewell. Put your hands in my hands. and come with me,. we'll find another end. And my head, and my head,. on anyone's shoulder. 'cause I can't be with you. Be with you, be with you. Be with you, be with you. Be with you, be with you. Baby, I can't be with you. 'Cause you're not here, you're not here. Babym I can't be with you. 'Cause you're not here, you're not here. Baby, I'm still in love with you. 
4733b6c8-58bc-45ac-b7bb-af1f02e10ed8;All the things you said to me today. Changed my perspective in every way. These things count to mean so much to me. Into my faith you and your baby. It's out there. It's out there. It's out there. If you want me, I'll be here. It's out there. It's out there. It's out there. If you want me, I'll be here. I'll be dreaming my dreams with you. I'll be dreaming my dreams with you. And there's no other place. That I'd lay down my face. I'll be dreaming my dreams with you. It's out there. It's out there. It's out there. If you want me, I'll be here. It's out there. It's out there. It's out there. If you want me, I'll be here. I'll be dreaming my dreams with you. I'll be dreaming my dreams with you. And there's no other place. That I'd lay down my face. I'll be dreaming my dreams with you. Dreaming my dreams with you. I'll be dreaming my dreams with you. And there's no other place. That I'd lay down my face. Dreaming my dreams with you. ('Dreaming My Dreams' was written on. December 25th 1993. New fevril happiness. Dedicated to my husband, lover. Best friend, support. What more can be said?). 
bf66a8a8-7d18-471c-8ec1-4cde394768e2;I've got a picture in my head, in my head. It's me and you, we are in bed, we are in bed. You'll always been there when I call, when I call. You'll always been there most of all, all, all, all. This is not Hollywood, like I understood. Is not Hollywood, like, like, like. This is not Hollywood, like I understood. Is not Hollywood, like, like, like. Run away, run away, is there anybody there? Run away, run away, is there anybody there? Get away, get away, get away. Get away, get away, get away. I've got a picture in my room, in my room. I will return there I presume, it should be soon. The greatest irony of all, shoot the wall. It's not so glamorous at all, all, all, all. This is not Hollywood, like I understood. Is not Hollywood, like, like, like. This is not Hollywood, like I understood. Is not Hollywood, like, like, like. Run away, run away, is there anybody there? Run away, run away, is there anybody there? Get away, get away, get away. Get away, get away, get away. This is not Hollywood, runaway. This is not Hollywood, like, like, like. Like, like, like, like, like, like. Like, like. 
2551cd16-cdff-4507-ac42-ef082f70292d;Oh, my life is changing every day. In every possible way. And oh, my dreams. It's never quite as it seems. Never quite as it seems. I know I felt like this before. Now I'm feeling it even more. Because it came from you. Then I open up and see. The person falling here is me. A different way to be. I want more, impossible to ignore. Impossible to ignore. And they'll come true, impossible not to do. Impossible not to do. And now I tell you openly. You have my heart, so don't hurt me. You're what I couldn't find. A totally amazing mind. So understanding and so kind. You're everything to me. Oh, my life is changing every day. In every possible way. And oh my dreams. It's never quite as it seems. 'Cause you're a dream to me. Dream to me. 
00c2f098-850e-429c-88d7-a36f55106870;Do-be-da, do-be-da. Do-be-da, do-be-da. Do-be-da, do-be-da. Do-be-da, do-be-da. Do-be-da, do-be-da. Do-be-da, do-be-da. Do-be-da, do-be-da. Do-be-da, do-be-da. Hold onto love. That is what I do. Now that I've found you. And from above. Everything's stinking. They're not around you. And in the night. I could be helpless. I could be lonely. Sleeping without you. And in the day. Everything's complex. There's nothing simple. When I'm not around you. But I miss you when you're gone. That is what I do. Hey, baby. And it's going to carry on. That is what I knew. Hey, baby. Do-be-da, do-be-da. Do-be-da, do-be-da. Hold onto my hands. I feel I'm sinking. Sinking without you. And to my mind. Everything's stinking. Stinking without you. And in the night. I could be helpless. I could be lonely. Sleeping without you. And in the day. Everything's complex. There's nothing simple. When I'm not around you. But I miss you when you're gone. That is what I do. Hey, baby. And it's going to carry on. That is what I knew. Hey, baby. Do-be-da, do-be-da. Do-be-da, do-be-da. Hey, baby. Do-be-da, do-be-da. Do-be-da, do-be-da. Hey, baby. 
49d4edef-e78a-4322-824b-9a72b559c2f3;There's no need to argue anymore. . I gave all I could, but it left me so sore. . And the thing that makes me mad,. Is the one thing that I had,. I knew, I knew,. I'd lose you. . You'll always be special to me,. Special to me, to me. . And I remember all the things we once shared,. Watching T. V. movies on the living room armchair. . But they say it will work out fine. . Was it all a waste of time. . 'Cause I knew, I knew,. I'd lose you. . You'll always be special to me,. Special to me, to me. . Will I forget in time, ah,. You said I was on your mind?. There's no need to argue,. No need to argue anymore. . There's no need to argue anymore. 
f9ea51a4-401d-46d1-afe8-333d058f886a;NA
2be0307a-f21d-4874-8156-bd5e73874494;NA
be1ec954-e18e-4a8b-802e-aeef56b964db;Another day I call and never speak. And you would say nothing's changed at all. And I can't feel much hope for anything. If I won't be there to catch you if you fall. Again (oh again). It seems we meet (meet and mend). In the spaces (spaces safe). In between (between intent). We always say (always say too much). Won't be long (long been gone). Oh, but something's always wrong. Another game of putting things aside. As if we'll come back to them sometime. A brace of hopes and pride of innocence. And you would say something has gone wrong. Oh again (again we fail). Seems we meet (meet and mend). In the spaces (wend our way). In between (between intent). We always say (always say too much). Won't be long (long been gone). Oh but something's always wrong. And again (again we fail). Seems we meet (make amends). In the spaces (wend our way). In between (between each end). We always say (looking back). Won't be long (moving on). Oh, but something's always wrong. Something's always wrong. Something's always wrong. 
f3d97f6f-5315-414c-977d-0e6e4755cfc6;We spotted the ocean. At the head of the trail. Where are we going. So far away. And somebody told me. This is the place. Where every thing's better. And every thing's safe. Walk on the ocean. Step on the stones. Flesh becomes water. Wood becomes bone. And half and hour later. We packed up our things. We said we'd send letters. And all those little things. They knew we were lying. They smiled just the same. And it seemed they'd already. Forgotten we'd came. Walk on the ocean. Step on the stones. Flesh becomes water. Wood becomes bone. Walk on the ocean. Step on the stones. Flesh becomes water. Wood becomes bone. Back at the homestead. Where the air makes you choke. People don't know you. And trust is a joke. Don't even have pictures. Just memories to hold. Grow sweeter each season. As we slowly grow old. 
3e769d35-5200-4eda-b607-92405ef6a151;NA
da2b95ca-94c8-4d56-8f2f-94925b9a1fad;She said "I'm fine, I'm okay". Cover up your trembling hands. There's indecision when you know you ain't got nothing left. When the good times never stay. And the cheap thrills always seem to fade away. When will we fall. When will we fall down. Jump back, gotta get out of here. Been too, too long this time. Jump back, gotta get out of here. When will, when will we fall down. She hates her life, she hates her skin. She even hates her friends. Tries to hold on to all the reputations she can't mend. And there's some chance we could fail. But the last time, someone's always there for bail. When will we fall. When will we fall down. Jump back, gotta get out of here. Been too, too long this time. Jump back, gotta get out of here. When will, when will we fall down. When will we, when will we fall down. When will we fall. She said "I'm fine, I'm okay". Cover up your trembling hands. There's indecision when you know you ain't got nothing left. For the last time conscience calls. For a good friend, I was never there at all. When will we fall. When will we fall down. Jump back, gotta get out of here. Been too, too long this time. Jump back, gotta get out of here. When will, when will we fall down. When will we, when will we fall down. When will we fall. 
8783feb9-8883-436b-bee4-5a59c971d996;I spend too much time raiding windmills. We go side by side, laugh until it's right. There's something that you won't show. Waiting where the light goes. Take the darkest hour, break it open. Water to repair what we have broken. There's something that you won't show. Waiting where the light goes. Maybe any way the wind blows. It's all worth waiting for. Pull on the borders to lighten the load. Tell all the passengers we're going home. I spend too much time seeking shelter. World without end couldn't hold her. There's something that you won't show. Waiting where the light goes. Maybe any way the wind blows. It's all worth waiting for. Any way the wind blows. 
1bf62664-9e62-4b1a-ad02-f291ee30b4c2;NA
4f9e4c6f-bbd7-4616-8b17-fbfa4fc84af3;Nothing's so loud. As hearing when we lie. The truth is not kind. And you've said neither am I. And the air outside so soft. Is saying everything, everything. All I want is to feel this way. To be this close, to feel the same. All I want is to feel this way. The evening speaks, I feel it say. Nothing's so cold. As closing the heart when all we need. Is to free the soul. But we wouldn't be that brave I know. And the air outside so soft. Confessing everything, everything. All I want is to feel this way. To be this close, to feel the same. All I want is to feel this way. The evening speaks, I feel it say. And it won't matter now. Whatever happens will be. Though the air speaks of all we'll never be. It won't trouble me. All I want is to feel this way. To be this close, to feel the same. All I want is to feel this way. The evening speaks, I feel it say. It feels so close (All I want is to feel this way). Let it take me in (To be this close, to feel the same). Let it hold me so (All I want is to feel this way). I can feel it say (The evening speaks, I feel it say). 
56363874-ad33-4bdc-848c-868e916d7ea7;NA
7ac8df33-c255-4192-b2c0-6a588398fa8e;NA
71a092ca-6330-44f3-8ce0-5658c0f87650;NA
e78a7cf8-7853-4336-a1da-c4c7ae9e2d1e;I lied and told her I loved her,. She didn't care, but anyway. I told her we'd still be friends,. And she didn't care, but anyway. I tried last week for to call her,. She wasn't home, but anyway. I think I'll spend my life alone,. I really don't care right now, but anyway. It's a state of affairs and a state of emotions. The kind of thing that you must understand. I tell you one thing, you tell me another. We walk away, maybe then shake hands. I'm quitting cigarette smoking. It's bad for me, but anyway. I don't think the TV was joking. When it told me this, but anyway. The newsman said not to sit on strange toilet seats. It's my life he's trying to save, but anyway. I found out that I've got eye cancer. Too many television waves, but anyway. It's a state of affairs and a state of emotions. The kind of thing that you must understand. I tell you one thing, you tell me another. We walk away, maybe then shake hands. Some day an answer will find us. Quite a long shot, but anyway. I think the past, the past is behind us. Be real confusing if not, but anyway. I put all my hope in tomorrow. It's gonna be great, I can tell but anyway. I see a new, a new day a dawning. I like to sleep late, oh well, but anyway. It's a state of affairs and a state of emotions. The kind of thing that you must understand. I tell you one thing, you tell me another. We walk away, maybe then shake hands. 
5838aa7d-aa99-4a24-907b-f36821fc8aac;NA
ae35dc55-09d0-4348-a9a9-2eab770eaac7;I can't stand it, I know you planned it. I'm gonna set it straight, this Watergate. I can't stand rocking when I'm in here. 'Cause your crystal ball ain't so crystal clear, so. While you sit back and wonder why. I got this fuckin' thorn in my side. Oh my God, it's a mirage. I'm tellin' y'all it's sabotage. So, so, so, so listen up 'cause you can't say nothin'. You'll shut me down with a push of your button but yo. I'm out and I'm gone. I'll tell you now I keep it on and on. 'Cause what you see you might not get. And we can bet so don't you get souped yet. Scheming on a thing that's a mirage. I'm trying to tell you now it's sabotage. Whyyyyyyyyyyy!? (Our backs are now against the wall). Listen all of y'all it's a sabotage. Listen all of y'all it's a sabotage. Listen all of y'all it's a sabotage. Listen all of y'all it's a sabotage. I can't stand it, I know you planned it. I'm gonna set it straight, this Watergate. I can't stand rockin' when I'm in this place. Because I feel disgraced because you're all in my face. But make no mistakes and switch up my channel. I'm Buddy Rich when I fly off the handle. What could it be, it's a mirage. You're scheming on a thing, that's sabotage. 
020342d7-13ed-46a6-bfd6-7e4eb252a100;NA
fa9ae8d9-0365-4f84-928c-83650bb98fc2;Me and Fast got the gats, we're out to rob the bank. We got Steve outside carryin' a full pack. And everything's cool and everthing's smooth (Hey, that's smooth). I walk up to the teller, I give her the letter, she gives me the loot. With puckered up lips and a wink that I found cute. And I said "Baby, baby, baby". "Is there some Kharmic Chi love-thing happenin' here baby or what?". By that time Fast tapped me with the nine. And said it's time to blow, ya know, so out the door we go. Back to the ride, Steve inside and alive and off we drive. See, I hurt my lower lumbar, you know we never get far. Ridin' around in a stolen police car. So we dropped it off and piled in a Caddy, Steve was drivin'. Because I had to talk to my man about somethin'. Runnin' around, robbin' banks. All wacked off the Scooby Snacks. Runnin' around, robbin' banks. All wacked off the Scooby Snacks. Now I don't give a fuck about the Hell's gate. Ain't punkin' the crowd, man I'm still standin' up staight. So, we pull these jobs to make a little money. No one gets hurt if they don't act funny (funny). On the way to the yacht, we almost got caught. Fast shootin' mailboxes, not knowin' where the cop is (yeah). They're at the Dunkin' Donuts adjacent from the Froman's. Whose mailbox Fast had just exploded. They gave chase, but my man Steve's an ace. And we lost those brothers with haste, haste. We casted off and along we went off. Bermuda to an island resort we rented. Runnin' around, robbin' banks. All wacked off the Scooby Snacks. Runnin' around, robbin' banks. All wacked off the Scooby Snacks. Runnin' around, robbin' banks. All wacked off the Scooby Snacks. Runnin' around, robbin' banks. All wacked off the Scooby Snacks. 
ba2808f1-8d58-49ab-ba45-52f8f4ecdd96;NA
4bb64783-91e5-4da5-9bca-c37451796107;You give me that funny feeling in my tummy. Oh shit, yeah, that's right. (Rollercoaster of love). Say what. (Rollercoaster) Yeah! (Oohh oohh oohh). Oh baby, you know what I'm talking about. (Rollercoaster of love). (Rollercoaster) Yeah! (Oohh oohh oohh). You're all gonna come on time. Lovin' you is really wild. Oh we're still in that rollercoaster. Step right up and get your ticket. Your love is like a Rollercoaster baby, baby. I wanna ride yeah (awawaw). Your love is like a Rollercoaster baby, baby. I wanna ride yeah. Move over there 'cause I'm a double dipper. Won't stop now, I'm a zip zip zipper. One, two, one-two-three. I got a ticket, come ride with me. Let me go down on the merry-go-round. All hands there, or be let down. Love go slow, love go fast. Licorice whip, gonna whip your ass. Rollercoaster. Say what. Your love is like a Rollercoaster baby, baby. I wanna ride yeah (awawaw). Your love is like a Rollercoaster baby, baby. I wanna ride yeah. Move over there 'cause I'm a double dipper. Won't stop now, I'm a zip zip zipper. One, two, one-two-three. I got a ticket, come ride with me. Let me go down on the merry-go-round. All hands there, or be let down. Love go slow, love go fast. Licorice whip, gonna whip your ass. Rollercoaster. Say what. Your love is like a Rollercoaster baby, baby. I wanna ride yeah. Your love is like a Rollercoaster baby, baby. I wanna ride yeah. (repeat & fade). 
1e0cad82-5ed4-43fc-9ece-04a17fe96568;NA
0fc3bc05-30e2-4388-8733-2b75158a0e1d;I know a girl who thinks of ghosts,. She'll make you breakfast, she'll make you toast. But she don't use butter. And she don't use cheese. She don't use jelly, or any of these. She uses Vaseline. Vaseline. Vaseline. I know a guy who goes to shows,. When he's at home an' he blows his nose,. He don't use tissues,. Or his sleeves,. He don't use napkins, or any of these. He uses Magazines. Magazines. Magazines. Magazines. I know a girl who reminds me of Cher,. She's always changin' the color of her hair,. But she don't use nothin', That you buy at the store,. She likes her hair to, be real orange. She uses Tangerines. Tangerines. Tangerines. Tangerines. Tangerines. 
50d03a2d-0c52-494c-841c-71c366347881;NA
4fa1378e-8e9a-4568-93d1-89b9e9f44647;I don't mind stealing bread. From the mouths of decadence. But I can't feed on the powerless. When my cup's already overfilled, yeah. But it's on the table, the fire's cooking. And they're farming babies while slaves are all working. Blood is on the table and their mouths are choking. But I'm going hungry, yeah. I don't mind stealing bread. From the mouths of decadence. But I can't feed on the powerless. When my cup's already overfilled. But it's on the table, the fire's cooking. And they're farming babies while slaves are all working. And it's on the table, the mouths are choking. But I'm going hungry. I'm going hungry. I'm going hungry. I'm going hungry. I'm going hungry. I'm going hungry. Yeah, I don't mind stealin' bread. No, I don't mind stealin' bread. I'm going hungry. I'm going hungry. 
b51fdd43-ecc2-45b7-858d-a1316f218e82;NA
a163da39-1540-47fc-a853-13e599eb7777;Can I touch you, are you out of touch?. I guess I never noticed that much. Geranium lover, I'm live on your wire. Come and take me, whoever you are. She's a lot like you. The dangerous type. She's a lot like you. Come on and hold me tight. Inside angel, always upset. Keeps on forgetting that we ever met. Can I bring you out in the light?. My curiosity's got me tonight. She's a lot like you. The dangerous type. She's a lot like you. Come on and hold me tight. Museum directors with high shaking heads. They kick white shadows until they play dead. They wanna crack your crossword smile. Can I take you out for a while, yeah? Yeah, yeah, yeah. She's a lot like you. The dangerous type. She's a lot like you. Come on and hold me tight tonight. She's a lot like you. The dangerous type. She's a lot like you. Come on and hold me tight tonight. She's a lot like you. The dangerous type. She's a lot like you. Come on and hold me tight tonight. She's a lot like you. She's a lot like you. Come on and hold me tight tonight. She's a lot like you. The dangerous type. She's a lot like you. 
42e0ef60-0c48-4b8d-bcc0-d24ed9fabecb;NA
bcca38c1-8987-4b02-82a4-d97f5e4fc52c;All right! Stop whatcha doin'. 'cause I'm about to ruin. the image and the style that ya used to. I look funny,. but yo I'm makin' money, see. so yo world I hope you're ready for me. Now gather round. I'm the new fool in town. and my sound's laid down by the Underground. I drink up all the Hennessey ya got on ya shelf. so just let me introduce myself. My name is Humpty, pronounced with a Umpty. Yo ladies, oh how I like to funk thee. And all the rappers in the top ten--please allow me to bump thee. I'm steppin' tall, y'all,. and just like Humpty Dumpty. you're gonna fall when the stereos pump me. I like to rhyme,. I like my beats funky,. I'm spunky. I like my oatmeal lumpy. I'm sick wit dis, straight gangsta mack. but sometimes I get ridiculous. I'll eat up all your crackers and your licorice. hey yo fat girl, c'mere--are ya ticklish? Yeah, I called ya fat. . Look at me, I'm skinny. It never stopped me from gettin' busy. I'm a freak. I like the girls with the boom. I once got busy in a Burger King bathroom. I'm crazy. Allow me to amaze thee. They say I'm ugly but it just don't faze me. I'm still gettin' in the girls' pants. and I even got my own dance. The Humpty Dance is your chance to do the hump. Do the Humpty Hump, come on and do the Humpty Hump. Do the Humpty Hump, just watch me do the Humpty Hump. Do ya know what I'm doin', doin' the Humpty Hump. Do the Humpty Hump, do the Humpty Hump. People say "Yo, Humpty, you're really funny lookin". that's all right 'cause I get things cookin'. Ya stare, ya glare, ya constantly try to compare me. but ya can't get near me. I give 'em more, see, and on the floor, B,. all the girls they adore me. Oh yes, ladies, I'm really bein' sincere. 'cause in a 69 my humpty nose will tickle ya rear. . My nose is big, uh-uh I'm not ashamed. Big like a pickle, I'm still gettin' paid. I get laid by the ladies, ya know I'm in charge,. both how I'm livin' and my nose is large. I get stupid, I shoot an arrow like Cupid,. I use a word that don't mean nothin', like looptid. I sang on Doowhutchalike, and if ya missed it,. I'm the one who said just grab 'em in the biscuits. Also told ya that I like to bite. Well, yeah, I guess it's obvious, I also like to write. All ya had to do was give Humpty a chance. and now I'm gonna do my dance. The Humpty Dance is your chance to do the hump. Do the Humpty Hump, come on and do the Humpty Hump. Do the Humpty Hump, just watch me do the Humpty Hump. Do ya know what I'm doin', doin' the Humpty Hump. Do the Humpty Hump, do the Humpty Hump. Oh, yeah, that's the break, y'all. Let me hear a little bit of that bass groove right here. Oh, yeah! Now that I told ya a little bit about myself. let me tell ya a little bit about this dance. It's real easy to do--check it out. First I limp to the side like my leg was broken. Shakin' and twitchin' kinda like I was smokin'. Crazy wack funky. People say ya look like M. C. Hammer on crack, Humpty. That's all right 'cause my body's in motion. It's supposed to look like a fit or a convulsion. Anyone can play this game. This is my dance, y'all, Humpty Hump's my name. No two people will do it the same. Ya got it down when ya appear to be in pain. Humpin', funkin', jumpin',. jig around, shakin' ya rump,. and when the dude a chump pump points a finger like a stump. tell him step off, I'm doin' the Hump. The Humpty Dance is your chance to do the hump. Do the Humpty Hump, come on and do the Humpty Hump. Do the Humpty Hump, just watch me do the Humpty Hump. Do ya know what I'm doin', doin' the Humpty Hump. Do the Humpty Hump, do the Humpty Hump. Black people, do the Humpty Hump, do the Humpty Hump. White people, do the Humpty Hump, do the Humpty Hump. Puerto Ricans, do the Humpty Hump, just keep on doin' the hump. Samoans, do the Humpty Hump, do the Humpty Hump. Let's get stupid! The Humpty Dance is your chance to do the hump. Do the Humpty Hump, come on and do the Humpty Hump. Do the Humpty Hump, just watch me do the Humpty Hump. Do ya know what I'm doin', doin' the Humpty Hump. Do the Humpty Hump, do the Humpty Hump. Oh, yeah, come on and break it down. Once again, the Underground is in the house. I'd like to send a shout out to the whole world,. keep on doin' the Humpty Dance,. and to the ladies,. peace and humptiness forever. 
f7c6217d-262e-4eba-979c-776ecf30604b;NA
06947506-dd27-476e-9365-4514a1c87e6e;Looking around the house. Hidden behind the window and the door. Searching for signs of life but there's nobody home. Now, maybe I'm just too scared. Or maybe I'm just too frightened by the sound of it. Pieces of note fall down, but the letter said 'aha'. It was good, living with you, aha. It was good, ah-wa-aha. It was good, living with you, aha. It was good, aw, good good good good good good. Sitting around the house. Watching the sun trace shadows on the floor. Searching for signs of life, but there's nobody home. Now maybe I'll call, or write you a letter. Now maybe we'll see on the Fourth of July. But I'm not too sure, and I'm not too proud. Well I'm not too sure, and I'm not too proud to say 'aha'. It was good, living with you, aha. It was good, ah-wa-aha. It was good, living with you, aha. It was good, aw. So good. A-aha. It was good, living with you, aha. It was good, ah-wa-aha. It was good, living with you, aha. It was good, ah-ah-ah-ah-wa. Yeah, you were so good. Yeah, you were so good. Yeah, that's right. 
7e780b7d-5a25-4dbe-bb57-661b7780b08d;NA
b74d7cb9-aadc-4a2f-92ad-dd2cf4230926;I had visions, I was in them,. I was looking into the mirror. To see a little bit clearer. The rottenness and evil in me. Fingertips have memories. Mine can't forget the curves of your body. And when I feel a bit naughty. I run it up the flagpole and see who salutes. but no one ever does. I'm not sick but I'm not well. And I'm so hot 'cause I'm in Hell. Been around the world and found. That only stupid people are breeding. The cretins cloning and feeding. And I don't even own a TV. Put me in the hospital for nerves. And then they had to commit me. You told them all I was crazy. They cut off my legs. Now I'm an amputee, God damn you. I'm not sick but I'm not well. And I'm so hot 'cause I'm in Hell. I'm not sick but I'm not well. And it's a sin to live so well. I wanna publish zines. And rage against machines. I wanna pierce my tongue. It doesn't hurt, it feels fine. The trivial sublime. I'd like to turn off time. And kill my mind. You kill my mind, mind. Paranoia, paranoia. Everybody's coming to get me. Just say you never met me. I'm running underground with the moles (digging holes). Hear the voices in my head. I swear to God it sounds like they're snoring,. But if you're bored, then you're boring. The agony and the irony: they're killing me (whoa). I'm not sick but I'm not well. And I'm so hot 'cause I'm in Hell. I'm not sick but I'm not well. And it's a sin to live this well. (one, two, three, four). 
ca010d97-5a8f-4364-b634-57343681c4f4;NA
90bfdea6-cef7-4462-9d4c-497957255929;Oh. State of love and trust as I busted down the pretext. Sin still plays and preaches, but to have an empty court, uh huh. And the signs are passin', grip the wheel, can't read it. Sacrifice receiving the smell that's on my hands, hands, yeah. And I listen for the voice inside my head. Nothin', I'll do this one myself. Lay her down as priest does, should the Lord be a-countin'. Will be in my honour, make it pain, painfully quick, uh huh. Promises are whispered in the age of darkness. Want to be enlightened like I want to be told the end, end, yeah. And the barrel shakes, aimed, a-directly at my head. Oh, help me, help me from myself. And I listen, from both sides of the bed. Nothin', I'll do this one myself. Uh huh, huh, oh. Myself, myself. Yeah, yeah. Hey, na, na, na, na, hey, that's something. Hey, na, na, na, na, hey, that's something. Hey, na, na, na, na, hey, that's something. Wanna back, back it away, yeah, huh, uh. And I listen, oh, for the voice inside my head. Nothin', I'll do this one myself. Oh, ah, and the barrel waits, trigger shakes, aimed right at my head. Won't you help me, help me from myself. Hmm. State of love and trust, and a. State of love and trust, and a. State of love and trust, and a. State of love and, yeah. 
372ab88e-74ee-4f82-bb48-3a559b1bc7e4;NA
09f48836-f235-4430-8fb3-bbdf9f7229ef;Down in the park. Where the Machmen meet. The machines are playing 'kill-by-numbers'. Down in the park with a friend called 'Fire'. I was in a car crash. Or was it the war? But I've never been quite the same. Little white lies like, 'I was there'. Come to 'Tom-Tom's'. The place to eat. Like it was built in one day. You can watch the humans trying to run. Oh, look, there's a rape machine. I'd go outside if it looked the other way. Wouldn't believe the things they do. Down in the park. Where the chant is 'death, death, death'. 'Til the sun cries morning. Down in the park with friends of mine. 'We are not lovers. We are not romantics. We are here to serve you'. A different face but the words never change. 
089fedab-b673-45a1-a963-ff49bed20e52;NA
68561f54-3654-4353-a25d-77015556ba2d;Uh, a pump a pump. Come on, uh. Solo, I'm a soloist on a solo list. All live, never on a floppy disk. Inka, inka, bottle of ink. Paintings of rebellion. Drawn up by the thoughts I think. Yeah. Come on. The militant poet in once again, check it. It's set up like a deck of cards. They're sending us to early graves. For all the diamonds. They'll use a pair of clubs to beat the spades. With poetry, I paint the pictures that hit. More like the murals that fit. Don't turn away. Get in front of it. Brotha, did ya forget ya name? Did ya lose it on the wall playin' tic-tac-toe? Yo, check the diagonal. Three brothers gone, come on. Doesn't that make it three in a row? Come on, uh. Drop back. Uh. Come on. Yeah, uh. Brotha, did ya forget ya name? Did ya lose it on the wall playin' tic-tac-toe? Yo, check the diagonal. Three million gone, come on. 'Cause ya know they're counting backwards to zero. Environment. The environment exceeding on the level of our unconciousness. For example. What does the billboard say. Come and play, come and play. Forget about the movement. Yeah, uh. Awww, bring that shit in. Uh, hey. Freedom. yeah. Freedom. yeah right. Freedom. yeah! Freedom! Yeah! Freedom! Yeah right! Freedom! Yeah! Freedom! Yeah! Right! 
16d115a9-143e-412a-b19a-1ba64764dd92;NA
889f0dfb-16c6-4d67-b810-580768f4355b;Into you so far the words go. So much clearer than you hear. Into you goes everything I know. No one else knows how I feel. Farther down, I'm desperate for you. Where you never have to know. Farther down, I'm still without a clue. 'Til something. Something takes my pain away. Only chance can change my fortune. So I'm not sure why I try. As if I could swim the ocean. As if you could start to fly. Farther down, I'm desperate for you. Where you never have to know. Farther down, I'm still without a clue. 'Til something. Something takes my pain away. Something takes my pain away. Something takes my pain away. Farther down, I'm desperate for you. Where you never have to know. Farther down, I'm still without a clue. 'Til something. Something takes my pain away. Something takes my pain away. Something takes my pain away. Something takes my pain away. 
60bf1f07-a7d5-44f1-b4f9-fc498ddacbfb;NA
28c44cd8-cd8c-4f35-8427-dbcbe707c781;Today is the greatest day I've ever known. Can't live for tomorrow, tomorrow's much too long. I'll burn my eyes out. Before I get out. I wanted more. Than life could ever grant me. Bored by the chore. Of saving face. Today is the greatest day I have ever known. Can't wait for tomorrow, I might not have that long. I'll tear my heart out. Before I get out. Pink ribbon scars that never forget. I tried so hard to cleanse these regrets. My angel wings were bruised and restrained. My belly stings. Today is. Today is. Today is. The greatest day. I want to turn you on. I want to turn you on. I want to turn you on. I want to turn you. Today is the greatest. Today is the greatest day. Today is the greatest day. That I have ever really known. 
57e26804-79fe-4dc8-91c6-94f6db3a6d55;I wish you would step back from that ledge, my friend,. You could, cut ties with all the lies that you've been living in. And, if you do not want to see me again. I would understand. I would understand. The angry boy, a bit too insane,. I sing over a secret pain,. You know you don't belong. You're the first to fight,. You're way too loud,. You're the flash of light on a burial shroud,. I know something's wrong. Well everyone I know has got a reason, to say:. Put the past away. I wish you would step back from that ledge, my friend,. You could, cut ties with all the lies that you've been living in. And, if you do not want to see me again. I would understand. I would understand. Well, he's on the table and he's gone to code,. And I do not think anyone knows,. What they are. doing here. And your friends have left you,. You've been dismissed,. I never thought it would come to this,. And I, I want you to know. Everyone's got to face down the demons,. Maybe today,. You can put the past away. I wish you would step back from that ledge, my friend,. You could, cut ties with all the lies that you've been living in. And, if you do not want to see me again. I would understand. I would understand. I would understand. I would understand. I would understand. Understand. Yeah, yeah, yeah, yeah, yeah! Can you put the past away? I wish you would step back from that ledge, my friend,. I would understand. I wish you would step back from that ledge, my friend,. I would understand. I wish you would step back from that ledge, my friend,. And I would understand. I wish you would step back from that ledge, my friend,. I would understand. I wish you would step back from that ledge, my friend,. I would understand. I would understand. 
d62fd6d2-bdd2-449e-9300-c7da9ece1489;NA
2c91fe40-589f-4aa0-bb79-a4fbb7431919;Yeah, I am the astro-creep. A demolition style Hell. American freak, yeah. I am the crawling dead. A phantom in a box. Shadow in your head, say. Acid suicide, freedom of the blast. Read the fucker lies, yeah. Scratch off the broken skin. Tear into my heart. Make me do it again, yeah. Yeah, yeah. Yeah, yeah. More human than human. More human than human. More human than human. More human than human. More human than human. More human than human. Yeah, I am the jigsaw man. I turn the world around. With a skeleton hand, say. I am electric head. A cannibal core. A television said, yeah. Do not victimize. Read the motherfucker. Psychoholic lies, yeah. Into a psychic war. I tear my soul apart. And I eat it some more, yeah. Yeah, yeah. Yeah, yeah. More human than human. More human than human. More human than human. More human than human. More human than human. More human than human. Yeah, I am the ripper man. A locomotion mind. Love American style, yeah. I am the nexus one. I want more life. Fucker I ain't done, yeah. More human than human. More human than human. More human than human. More human than human. More human than human. More human than human. Yeah, I am the jigsaw man. I turn the world around. With a skeleton hand, say. I am electric head. A cannibal core. A television said, yeah. Do not victimize. Read the motherfucker. Psychoholic lies, yeah. Into a psychic war. I tear my soul apart. And I eat it some more, yeah. Yeah, yeah. Yeah, yeah. More human than human. More human than human. More human than human. More human than human. More human than human. More human than human. More human than human. More human than human. 
60dc530d-14ca-4789-9012-e3bfd22125c9;NA
0e232a25-49a6-4b80-8c72-a996e9dc99c4;NA
9fe87bea-a665-48cd-b531-7bda6fece05d;NA
5cd85248-2be6-42f9-9ccc-2c0e283c8b58;everything makes me think about sex. everything makes me feel sick. it's a personal flaw i guess. i'm a shy boy but was catholic. everybody says you've got to let it all out. everybody says you've got to let it all out. but how can i admit? the things i really think about. everything makes me think about. sex. everything makes me feel stressed. it's a personal flaw i guess. i have visions of everyone undressed. everybody says you've got to let it all out. everybody says you've got to let it all out. but how can i admit? sex is all i think about. everything makes me think about sex. everything makes me feel tense. its effecting my entire vision. its effecting my concentration. everybody says you've got to let it all out. everybody says you've got to let it all out. but how can i admit? the only thing i think about is sex. sex. 
47b8054f-1f7f-4ba7-8596-aeac0fe26ce6;On the bus, that's where we're riding. On the bus, okay, don't say "hi" then. Your tongue, your transfer. Your hand, your answer. On the bus, everyone's looking forward. On the bus, I am looking forward. And it really ain't okay. I might die before Monday. They're all watching us. Kiss me on the bus. Kiss me on the bus. Oooo, if you knew how I felt now. You wouldn't act so adult now. Hurry hurry, here comes my stop. On the bus, watch our reflection. On the bus, I can't stand no rejection. C'mon let's make a scene. Oh baby don't be so mean. They're all watching us. Kiss me on the bus. Kiss me on the bus. Oooo, if you knew how I felt now. You wouldn't act so adult now. Hurry hurry, here comes my stop. Oooo, if you knew how I felt now. You wouldn't act so adult now. They're all watching us. Kiss me on the bus. Kiss me on the bus. Kiss me on the bus. Kiss me on the bus. 
7229cd24-4073-49d1-83c2-0aebcddef85e;When they call out your name. Will you walk right up. With a smile on your face? Or will you cower in fear. In your favorite sweater. With an old love letter? I wish you would. I wish you would. Come pick me up. Take me out. Fuck me up. Steal my records. Screw all my friends. They're all full of shit. With a smile on your face. And then do it again. I wish you would. When you're walking downtown. Do you wish I was there? Do you wish it was me. With the windows clear and the mannequins eyes. Do they all look like mine? You know you could. I wish you would. Come pick me up. Take me out. Fuck me up. Steal my records. Screw all my friends. Behind my back. With a smile on your face. And then do it again. I wish you would. I wish you'd make up my bed. So I could make up my mind. Try it for sleeping instead. Maybe you'll rest sometime. I wish I could. I wish I could. I wish I could. 
242f817e-cdbc-4451-8840-acec7bc6e558;Now I want someone badly. Got a girl here tonight. Wants someone new. Someone new. A little cry wants someone badly. I wanna know if this is a bad lease on me. I want to know. I want to know. Am I sure that I heard you right. I want to know. If you're leaving just do it tonight. Now I want someone badly. To burn in here with me. Better listen baby. 'cause I cry all over madly. Don't do anything- do it for me. I wanna know. Am I sure that I have your love. I wanna know. If you're leaving just make sure it's right. Now I want someone badly. Could it be true. That someone is you. 
56274e25-b832-4ff1-aa0b-faa96f70b8b1;NA
16de1f17-c394-430b-9758-a6dcce7f04ef;Fuckin' posers. Fuckin' posers. It's almost over now, almost over now. For you fuckin' posers. It's almost over now, almost over now. You think the way you live is okay. You think posin' will save the day. You think we don't see that you're running. Better call your boys 'cause I'm coming. You can't be me, I'm a rock star. I'm rhyming on the top of a cop car. I'm a rebel and my. 44 pops far. It's almost over now, almost over now. Guess, you ain't heard that we swallow guys. It's too damn late to apologize. When you see the mantle or will you see the skies. It's almost over now, almost over now. You think that you don't have to ever quit. You think that you can get away with it. You think the light won't be ever lit. It's almost over now, almost over now. Somethings on your chest, better get it off. There'll be no one left when we set it off. We ain't gonna take it no more. Since it's almost over now, almost over now. You had plenty of time, there was no rush. But it was your dream to be like us. You're in dreamland so you don't care. And as you wait, I'm standing there. You can't be me, I'm a rock star. I'm rhyming on the top of a cop car. I'm a rebel and my. 44 pops far. It's almost over now, almost over now. I guess, you ain't heard that we swallow guys. It's too damn late to apologize. When you see the mantle or will you see the skies. It's almost over now, almost over now. You think that you don't have to ever quit. You think that you can get away with it. You think the light won't be ever lit. It's almost over now, almost over now. Somethings on your chest, better get it off. There'll be no one left when we set it off. We ain't gonna take it no more. Since it's almost over now, almost over now. Just let it get it off. [Incomprehensible]. It's almost over now, almost over now. You don't succeed, 'cause you hesitate. You think we're flying but we levitate. Just be yourself, don't ask us why. 'Cause if you don't we'll make you fly. You can't be me, I'm a rock star. I'm rhyming on the top of a cop car. I'm a rebel and my. 44 pops far. It's almost over now, almost over now. I guess, you ain't heard that we swallow guys. It's too damn late to apologize. When you see the mantle or will you see the skies. It's almost over now, almost over now. You think that you don't have to ever quit. You think that you can get away with it. You think the light won't be ever lit. It's almost over now, almost over now. Somethings on your chest, better get it off. There'll be no one left when we set it off. We ain't gonna take it no more. Since it's almost over now, almost over now. You can't be me, I'm a rock star. I'm rhyming on the top of a cop car. I'm a rebel and my. 44 pops far. It's almost over now, almost over now. I guess, you ain't heard that we swallow guys. It's too damn late to apologize. When you see the mantle or will you see the skies. It's almost over now, almost over now. No one ever really dies. You believe that, well, if not, for you. It's almost over now, almost over now. 
70ed541a-1984-4853-8b11-eaa43f95d6ca;I feel your bones and you feel so sinful. Feel your back and you feel so simple. Feel your legs and your hands and your hips and. Feel your thighs and your back is twisting. I feel your heart and your lips are burning. Feel your skin and your eyes are closing. Feel your mind as it struggles forward. Feel you fall, feel you so awkward. When they all lie will you remember me? When it all dies you will remember me. Feel your back and you feel so sinful. Feel your bones and you feel so simple. Feel your legs and your hands and your hips and. Feel your thighs and your neck is twisting. When they all lie will you remember me? When it all dies you will remember me. I'm hungry, feed me. I'm hungry, feed me. I'm hungry, feed me. I'm hungry, feed me. Feed me. Feed me. Feed me. Feed me. 
1344425c-47ea-4d7b-a759-c7f5ec0fa191;I know just what your mama said. Always misunderstood. Gotta tell you something. I saw it in your eyes. I think I left your back seat. And now it's always good. I fell asleep from day. And all the promises. There's a lot of people. That let their will to say. I've got a lot of friends. And they've got beautiful eyes. That make my heart feel surprised. And you notice it. And that's the truth. That's the truth. Have me to you. I shine along underneath your view. I'll be the one. To let you know when you've come undone. I like the stars in the sky. And watch the moonlight go by. I've got a lot of friends. 
2c8b2b98-9969-4438-98d8-7899b9c3cbfc;You chose a giant step - caught your eye. Guaranteed sweetness that you thought broken. And you were not fine. And bearing in mind. Other ones that you could have wed. And hopefully dread. And I wouldn't dare to. Bring out this. Awful bliss. No I wouldn't dare to. Bring out this. Awful bliss. No I wouldn't dare to. Bring out this. Awful bliss. 
929ed297-cc81-467a-bccd-da2c041d4bf9;Which of the bold faced lies will we use? I hope that you're happy,. you really deserve it,. this will be the best for us both in the end. . But your taste still lingers on my lips. like I just placed them upon yours. and I starve. I starve for you. But this new diet's liquid. and dulling to the senses. And it's crude. but it will do. Which of the standard lines will we use? I've been meaning to call you. I've just been so busy. We'll catch up soon. Let's make it a point to. But your taste still lingers on my lips. like I just placed them upon yours. and I starve. I starve for you. But this new diet's liquid. and dulling to the senses. And it's crude. but it will do. It will do. I hope it will do. 
e3626e80-0eee-4872-92e7-f2ae8d5d9bed;Nobody feels any pain. Tonight as I stand inside the rain. Everybody knows that baby's got new clothes. But lately I see her ribbons and her bows. Have fallen from her curls. She takes just like a woman. Yes, she does, she makes love just like a woman. Yes, she does, and she aches just like a woman. But she breaks just like a little girl. Queen Mary, she's my friend. Yes, I believe I'll go see her again. Nobody has to guess that baby can't be blessed. 'Til she finally sees that she's like all the rest. With her fog, her amphetamine, and her pearls. She takes just like a woman. Yes, she makes love just like a woman. Yes, she does, and she aches just like a woman. But she breaks just like a little girl. It was raining from the first and I was dying there of thirst. So I came in here. And your long-time curse hurts, but what's worse. Is this pain in here, I can't stay in here, ain't it clear. That I just can't fit. Yes, I believe that it's time for us to quit. But when we meet again, introduced as friends. Please don't let on that you knew me when. I was hungry and it was your world. Ah, you fake just like a woman. Yes, you do, you make love just like a woman. Yes, you do, then you ache just like a woman. But you break just like a little girl. 
4ba2c0fa-b9a8-4edd-918f-fd497b5554a6;I woke up alarmed. I didn't know where I was at first. Just that I woke up in your arms. And almost immediately I felt sorry. 'Cause I didn't think this would happen again. No matter what I could do or say. Just that I didn't think this would happen again. With or without my best intentions. And whatever happened to a boyfriend. The kind of guy who tries to win you over. And whatever happened to a boyfriend. The kind of guy who makes love 'cause he's in it. And I want a boyfriend. I want a boyfriend. I want all that stupid old shit. Like letters and sodas. Letters and sodas. You got up out of bed. You said you had a lot of work to do. But I heard the rest in your head. And almost immediately I felt sorry. 'Cause I didn't think this would happen again. No matter what I could do or say. Just that I didn't think this would happen again. With or without my best intentions. And I want a boyfriend. I want a boyfriend. I want all that stupid old shit. Like letters and sodas. Letters and sodas. I can feel it in my bones. I'm gonna spend another year alone. It's fuck and run, fuck and run. Even when I was 17. Fuck and run, fuck and run. Even when I was 12. You almost felt bad. You said that I should call you up. But I knew much better than that. And almost immediately I felt sorry. 'Cause I didn't think this would happen again. No matter what I could do or say. Just that I didn't think this would happen again. With or without my best intentions. And I can feel it in my bones. I'm gonna spend my whole life alone. It's fuck and run, fuck and run. Even when I was 17. Fuck and run, fuck and run. Even when I was 12. 
683883d0-e748-4fe3-aef6-29985b843fb2;Growing in numbers. Growing in speed. Can't fight the future. Can't fight what I see. People they come together. People they fall apart. No one can stop us now. Cause we are all made of stars. Efforts of lovers. Left in my mind. I sing in new reaches. We'll see what we find. People they come together. People they fall apart. No one can stop us now. Cause we are all made of stars. People they come together. People they fall apart. No one can stop us now. Cause we are all made of stars. Slowly rebuilding. I feel it in me. Growing in numbers. Growing in peace. People they come together. People they fall apart. No one can stop us now. Cause we are all made of stars. People they come together. People they fall apart. No one can stop us now. Cause we are all made of stars. People they come together (people they come together). People they fall apart (people they fall apart). No one can stop us now (no one can stop us now). Cause we are all made of stars (we are all made of stars). We are all made of stars (people they come together). We are all made of stars (people they fall apart). Cause we are all made of stars (no one can stop us now). We are all made of stars (we are all made of stars). We are all made of stars. 
410b6b48-c669-4ba4-888a-e9c5263e1c23;Now I believe an angel crossed my path and realised,. That the hair on my head will be pass my chin when I've earnt this type of prize. . The scent that she brings makes me feel alright like the pleasure of sleeping safe tonight,. But I won't sleep tight ‘til I know she's been cleaned from her toes to the top of her head. . Christian Girls should be kept pristine and totally devoid of pain,. I can't hold back the rain, the dirty, dirty rain. . Gloria's freckles just titter and tease, but they're no bloody use to me,. No bloody use to me. . Too much telly and too many books and so many films to keep me hooked,. But the idea of sex seems so bleeding stale when her heart is as big as a house. . And the red, red lips just keep reminding me of Sarah Brown,. And the cool, cool breeze makes me feel like settling down. . Christian Girls should be kept pristine and totally devoid of pain,. I can't hold back the rain , the dirty, dirty rain. . Gloria's freckles just titter and tease, but they're no bloody use to me,. No bloody use to me. . It's a shame that she feels this way, to my hearts dismay I want to kiss all her fingers. 
faabc042-7df8-4167-8186-4f450e5706a2;All I can see is black and white. And white and pink and blades of blue. That lay between the words I think. On a page I was meaning to send her. With you I couldn't tell if it bring my heart. The way I wanted when I started. Writing this letter to you. And if I could you know I would. Just hold your hand and you'd understand. I'm the man who loves you. All I can be is a busy sea of spinning wheels. And hands that feel for stones to throw. And feet that run but come back home. It make no difference, ever known. Make no difference, ever known to me. If I could you know I would. Just hold your hand and you'd understand. I'm the man who loves you. All I can see is black and white. And white and pink and blades of blue. That lay between the words I think. On a page I was meaning to send her. With you I couldn't tell if it bring my heart. The way I wanted when I started. Writing this letter to you. If I could you know I would. Just hold your hand and you'd understand. If I could you know I would. Just hold your hand and you'd understand. If I could you know I would. Just hold your hand and you'd understand. I'm the man who loves you. I'm the man who loves you. 
1dd9bd6f-2fa8-4d08-bbc1-5a08586ea602;The day turns into night. The dog will always bite. The serpent's underground. He lies without a sound. So let the serpent sleep. Oh let the serpent sleep. We're frozen underneath. So let the serpent sleep. The worm will eat the peach. There's pebbles on the beach. The swine is in the mud. The eagle flies above. So let the serpent sleep. Oh let the serpent sleep. We're frozen underneath. So let the serpent sleep. The ocean lives and breathes. And man creates machines. Children run away. And night turns into day. So let the serpent sleep. Let the serpent sleep. We're frozen underneath. So let the serpent sleep. Let the serpent sleep. Let the serpent sleep. We're frozen underneath. So let the serpent sleep. 
61edf81e-0422-4eb9-8188-30706d229266;Please come tempt me you've got. something good in mind. . Drop everything glad to be. persuade this time. . Into the car, baby bleed the gas. . Fast is fast never turning back. Oh yeah. not scared of that. . The past has passed. and we cannot take it back. They want to know. If we can get away. Yeah we backed it up. We made our great escape. When the dust will settle. and they'll discover. the furthest exodus. is gettting somewhere. and while the messengers. get the message. Try to capture us. we've done nothing wrong. please come tempt me,. steal me from this pristine life. oh so gently. everyone feels pain this time. Into the car, baby bleed the gas. . Fast is fast never turning back. Oh yeah. not scared of that. . The past has passed. and we cannot take it back. They want to know. If we can get away. Yeah we backed it up. We made our great escape. When the dust will settle. and they'll discover. the furthest exodus. is gettting somewhere. and while the messengers. get the message. Try to capture us. we've done nothing wrong. oh she wants me. and she needs me. she can have me all the time. oh she wants me and she needs me. circle circle dot dot dot. Into the car, baby bleed the gas. . Fast is fast never turning back. Oh yeah. not scared of that. . The past has passed. and we cannot take it back. They want to know. If we can get away. Yeah we backed it up. We made our great escape. When the dust will settle. and they'll discover. the furthest exodus. is gettting somewhere. and while the messengers. get the message. Try to capture us. we've done nothing wrong. 
25ea4332-e3b8-43f3-bbef-ee4505455045;Rose, ability. There is no roseability. Rose, ability. There is no roseability. You've got off with too much now. You're getting off with too much now. Stop looking through scrapbooks and photograph albums. Because I know. They don't teach you what you don't already know. You've always been, dissatisfied. Gertrude Stein said "That's enough". (I know that that's not enough now). Gertrude Stein said "That's enough". (I know that that's not enough now). Gertrude Stein said "That's enough". (I know that that's not enough now). Gertrude Stein said "That's enough". Rose, ability. There is no roseability. You've got off with too much now. Now you're getting off with too much. Stop looking through scrapbooks and photograph albums. Because I know. They can't teach you what you don't already know. You're always be, dissatisfied. Gertrude Stein said "That's enough". Gertrude Stein said "That's enough". Gertrude Stein said "That's enough". (I know that that's not enough now). Gertrude Stein said "That's enough". (I know that that's not enough now). Gertrude Stein said "That's enough". (I know that that's not enough now). Gertrude Stein said "That's enough". (I know that that's not enough now). Rose, ability. There is no roseability. You've got off with too much now. You're getting off with too much now. Stop looking through scrapbooks and photograph albums. Because I know. They won't teach you what you don't already know. You're always be, dissatisfied. 
3cd0edbc-f264-4274-9104-fc6bc243e4d8;Andrew's a starfighter pilot, he can get high in his jet. Tells me about all his women, he can get any I'll bet. You know I'll think of you, your picture on the wall. I would raise my drink to you, but I'll stay sober just for you. Just for you, just for you. Andrew's a starfighter pilot, he knows all the girls in the world. He's better than James Kirk or Tweeky, I cradle his picture at night. Andrew's a starfighter pilot, I watch him on tv each day. I've got all the toys from his programme and all of his past shows on tape. You know I'll think of you, your picture on the wall. I would raise my drink to you, but I'll stay sober just for you. Just for you, just for you. Lala lalala, lala lala, lala lalala, lala lala, lala lalala, lala lala. Lala lalala, lala lala. 
8ac0174f-db42-41e1-8ea7-fa21abbcc0a1;NA
03da7ff0-de6d-4087-81fe-169d2d5415d2;Gothic flavor. How I miss you. If I only. Once could kiss you. I'd be happy. For one moment. Of my lifetime. I'd be there. And the water. Running over. Me is growing. Ever colder. Make me happy. For one moment. Of my lifetime. I'd be there. Make me happy. For one moment. Of my lifetime. I'd be there. 
26891d5f-3e87-48cb-8bbe-95fd9d16950b;I never thought you'd be a junkie because heroin is so passe. But today, if you think that I don't know about depression and emotional pain. You're insane, or you're a fool who hasn't paid attention to a word that I say. In a way, I can't help but feel responsible, I always knew that you were insane. With your pain, but I never thought you'd be a junkie. Because heroin is so passe. Heroin is so passe. Heroin is so passe, aaah. So passe nowadays, you never thought you'd get addicted just be cooler in an obvious way. I could say, shouldn't you have got a couple piercings and decided maybe that you were gay? In a way I can't help but feel responsible, I always knew that you were insane. With your pain, but I never thought you'd be a junkie. Because heroin is so passe. Heroin is so passe. Heroin is so passe, aaah. Aaah. Aaah. Heroin is so passe. Heroin is so passe. Heroin is so passe, aaah. Aaah. Hey, hey. 
acee1024-f103-4e98-9def-d4370b388052;You're all I have in this teenage twilight. Your golden hair and pale blue eyes. But through all the days and the sleepless nights. We have never been satisfied. Tumbling like the leaves. Yeah we are spiraling on the breeze. Almost to the point of no return. Everything will Burn Baby Burn. Look into my tired eyes. See someone you don't recognize. Binds that can't be untied. Oh this is slow suicide. Feelings that I can't disguise. And later we'll be reconciled. Oh but something inside has died. You walk like you're in a daze. Unresponsive eyes in a distant gaze. Like all the good times have flown away. And the memory leaves a bitter taste. Tumbling like the leaves. Yeah we are spiralling on the breeze. Destructive love is all we have. Destructive love is all I am. Look into my tired eyes. See someone you don't recognize. Binds that can't be untied. Oh this is slow suicide. Feelings that I cant disguise. And later we'll be reconciled. Oh but something inside has died. Vicious bitter words. Becoming more and more cruel. But you always take me back. And let me lick your wounds. Tumbling like the leaves. Yeah we are spiraling on the breeze. Almost to the point of no return. Everything will Burn Baby Burn. Look into my tired eyes. See someone you don't recognise. Binds that can't be untied. Oh this is slow suicide. Feelings that I cant disguise. We're living in a compromise. Oh but something inside has died. 
56943a4e-9df6-41f9-8415-0390e7319aee;Well, I sincerely miss those heavy metal bands. I used to go see on the landing in the summer. She fell in love with the drummer. She fell in love with the drummer. She fell in love. Shiny, shiny pants and bleached blonde hair. A double kick drum by the river in the summer. She fell in love with the drummer. Another, then another. She fell in love. I miss the innocence I've known. Playing KISS covers, beautiful and stoned. Unlock my body and move myself to dance. Into warm liquid, flowing, blowing glass. Classical music blasting masks the ringing in my ears. Oh, I sincerely miss those heavy metal bands. I used to go to see on the landing in the summer. She fell in love with the drummer. She fell in love with another. She fell in love. I miss the innocence I've known. Playing KISS covers, beautiful and stoned. I miss the innocence I've known. Playing KISS covers, beautiful and stoned. Playing KISS covers, beautiful and stoned. Playing KISS covers, beautiful and stoned. 
4765d36d-5cdb-4036-8e3f-ceb2a1e27a1d;I can't look at the rocket launch. The trophy wives of the astronauts. And I won't listen to their words. 'Cause I like. Birds. I don't care for walkin' downtown. Crazy auto car gonna mow me down. Look at all the people like cows in a herd. Well I like. Birds. If you're small and on a search. I've got a feeder for you to perch on. I can't stand in line at the store. The mean little people are such a bore. But it's all right if you act like a turd. 'Cause I like. Birds. If you're small and on a search. I've got a feeder for you to perch on. If you're small and on a search. I've got a feeder for you to perch on. I've got a feeder for you to perch on. If you're small and on a search. I've got a feeder for you to perch on. I've got a feeder for you to perch on. 
292d473a-a4b9-4365-a996-7c90e4f2f4e2;She asked him,. "why can we not be together. Why is it we have to part. Why did you leave with a stranger. When i am revealing my heart?". Because i love the unknown. I love the unknown. He says he loves the unknown. Because i love the unknown. I love the unknown. He says he loves the unknown. They asked him,. "hey, where's this bus going?". And he said, "well, i'm really not sure. ". "well then, how will you know where to get off?". And he said, "the place with the most allure. ". Because i love the unknown. I love the unknown. He says he loves the unknown. 'cause i love the unknown. 'cause i love the unknown. He said he loves the unknown. And then his father got him a job. And it paid well. But every day it felt the same. Well, his father was really heartbroken. When he quit and changed his last name. The doctor asked him what he was afraid of. Just what was he running from? He said, "it's not a fear of success, nor of closeness. But of going through life feeling numb. ". That's why i love the unknown. I love the unknown. He said he loves the unknown. Because i love the unknown. I love the unknown. He says he loves the unknown. Because i love the unknown. I love the unknown. He says he loves the unknown. 
23a34641-747e-465a-a157-615286b08821;(Benson/Falkner). If I point my gun at you. Are you gonna see it my way? And if I tell you what to do. I think we can make it work this way. And if you run from me, I'll know. I'll find you and God help you. She just waits for me at home. I'm going down, I'm taking you. My baby's tied to a chair. Don't she look pretty, just sittin' there? My baby's tied to a chair. Don't she look pretty, just sittin' there? And if she wants some air, she tells me. (I can't breathe!). And if she wants some love, I'll kiss her. And when I'm close, you know, she can smell me. And when I'm gone, I'll surely miss her. My baby's tied to a chair. Don't she look pretty, just sittin' there? My baby's tied to a chair. 
07ac2b99-dd3d-4779-bbab-d2176e523f6f;Hello Kitten, I don't miss sex. It's just the feeling of skin against skin that I want. The photos are taken, and the photos of life. They look dull, they look crap when placed in real life. You have a blue iris with a hint of burnt sienna. And it wrestles my hate to the ground. You have inquisitive eyebrows, they make me soft-centered. And your lips make a purring sound. Your lips make a purring sound. I'm gonna make myself go blind tonight. I'm gonna make myself go blind tonight. I'm gonna build a shrine to the wasted days. I'm gonna make myself go blind tonight. Hello Kitten, you'll never know. What it's like to be me when I'm curled at your feet. I thought you were perfect but that racist joke. Just made it all bittersweet. Won't you slap me around and make my lips a bit swollen. So we can spend a day off work. Won't you cut off my heart and lock it in a suitcase. 'Cause love is coming in spurts. I'm so fucking happy it hurts. I'm gonna make myself go blind tonight. I'm gonna make myself go blind tonight. I'm gonna build a shrine to the wasted days. I'm gonna make myself go blind tonight. I'm going to, I'm going to, I'm going to. I'm gonna make myself go blind tonight. I'm gonna make myself so blind tonight. I'm gonna build a shrine to the wasted days. I'm gonna make myself go blind tonight. 
ec7a2eaf-ec9b-4d2c-bba6-9c6e2d50a7fe;I've got the dungeon Master's Guide. I've got a 12-sided die. I've got Kitty Pryde. And Nightcrawler too. Waiting there for me. Yes I do, I do. I've got posters on the wall. My favorite rock group KISS. I've got Ace Frehley. I've got Peter Criss. Waiting there for me. Yes I do, I do. In the garage. I feel safe. No one cares about my ways. In the garage. Where I belong. No one hears me sing this song. In the garage. I've got an electric guitar. I play my stupid songs. I write these stupid words. And I love every one. Waiting there for me. Yes I do, I do. In the garage. I feel safe. No one cares about my ways. In the garage. Where I belong. No one hears my sing this song. In the garage. In the garage. Yaaaaaaaaaak! In the garage. I feel safe. No one cares about my ways. In the garage. Where I belong. No one hears my sing this song. In the garage. I feel safe. No one laughs about my ways. In the garage. Where I belong. No one hears me. No one hears me. No one hears me. No one hears me. No one hears me sing this song. 
92e8f3c9-ec04-42d6-8f2b-c3d7fc4f65c2;What a beautiful face. I have found in this place. That is circling all round the sun. What a beautiful dream. That could flash on the screen. In a blink of an eye and be gone from me. Soft and sweet. Let me hold it close and keep it here with me. And one day we will die. And our ashes will fly from the aeroplane over the sea. But for now we are young. Let us lay in the sun. And count every beautiful thing we can see. Love to be. In the arms of all I'm keeping here with me. What a curious life. We have found here tonight. There is music that sounds on the street. There are lights in the clouds. Anna's ghost all around. Hear her voice as it's rolling and ringing through me. Soft and sweet. How the notes all bend and reach above the trees. Oh how I remember you. How I would push my fingers through. Your mouth to make those muscles move. That made your voice so smooth and sweet. But now we keep where we don't know. All secrets sleep in winter clothes. The one you loved so long ago. Now he don't even know his name. What a beautiful face. I have found in this place. That is circling all round the sun. And when we meet on a cloud. I'll be laughing out loud. I'll be laughing with everyone I see. Can't believe how strange it is to be anything at all. 
da2b95ca-94c8-4d56-8f2f-94925b9a1fad;She said "I'm fine, I'm okay". Cover up your trembling hands. There's indecision when you know you ain't got nothing left. When the good times never stay. And the cheap thrills always seem to fade away. When will we fall. When will we fall down. Jump back, gotta get out of here. Been too, too long this time. Jump back, gotta get out of here. When will, when will we fall down. She hates her life, she hates her skin. She even hates her friends. Tries to hold on to all the reputations she can't mend. And there's some chance we could fail. But the last time, someone's always there for bail. When will we fall. When will we fall down. Jump back, gotta get out of here. Been too, too long this time. Jump back, gotta get out of here. When will, when will we fall down. When will we, when will we fall down. When will we fall. She said "I'm fine, I'm okay". Cover up your trembling hands. There's indecision when you know you ain't got nothing left. For the last time conscience calls. For a good friend, I was never there at all. When will we fall. When will we fall down. Jump back, gotta get out of here. Been too, too long this time. Jump back, gotta get out of here. When will, when will we fall down. When will we, when will we fall down. When will we fall. 
ac042cb6-c6e4-49f3-8756-4219721208b9;I want you to know. It's not coming back. Look into my eyes. I'm not coming back. So knives out. Catch the mouse. Don't look down. Shove it in your mouth. If you'd been a dog. They would've drowned you at birth. Look into my eyes. It's the only way you'll know I'm telling the truth. So knives out. Cook him up. Squash his head. Put him in the pot. I want you to know. It's not coming back. It's bloated and frozen. Still there's no point in letting it go to waste. So knives out. Catch the mouse. Squash his head. Put him in the pot. 
a6a95530-da3e-4348-a367-9952f0f30204;NA
78e8d5e4-c90d-4394-a522-8c8d69fff4e3;I don't know what color your eyes are, baby. But your hair is long and brown. Your legs are strong, and you're so, so long. And you don't come from this town. My head is full of magic, baby. And I can't share this with you. Feel I'm on a cross again, lately. But there's nothing to do with you. I'm alive, so alive. I'm alive, so alive. Your strut makes me crazy. Makes me see you more clearly. Oh, baby, now I can see you. Wish I could stop. Switch off the clock. Make it all happen for you. I'm alive, so alive. I'm alive, so alive. I don't know what color your eyes are, baby. But your hair is long and brown. Your legs are strong, and you're so, so long. And you don't come from this town. My head is full of magic, baby. And I can't share this with you. I feel I'm on top again, baby. That's got everything to do with you. I'm alive, so alive. I'm alive, so alive. 
0168cda0-14e2-4a5d-8361-78186a9058d3;Water was running, children were running. You were running out of time. Under the mountain, a golden fountain. Were you praying at the Lares' shrine? But oh, your city lies in dust, my friend. But oh, your city lies in dust, my friend. We found you hiding, we found you lying. Choking on the dirt and sand. Your former glories and all the stories. Dragged and washed with eager hands. But oh, your city lies in dust, my friend. But oh, your city lies in dust, my friend. Your city lies in dust. Water was running, children were running. We found you hiding, we found you lying. Water was running, children were running. We found you hiding, we found you lying. Your city lies in dust, my friend. But oh, your city lies in dust, my friend. Hot and burning in your nostrils. Pouring down your gaping mouth. Your molten bodies, blanket of cinders. Caught in the throes. And oh, your city lies in dust, my friend. Oh, your city lies in dust, my friend. Oh, your city lies in dust, my friend. Oh, your city lies in dust, my friend. Your city lies in dust, my friend. Oh, your city lies in dust, my friend. 
c860d846-3860-4ae8-9921-ef1bd8e2b101;When routine bites hard and ambitions are low. And resentment rides high but emotions won't grow. And we're changing our ways, taking different roads. Then love, love will tear us apart again. Love, love will tear us apart again. Why is the bedroom so cold? You've turned away on your side. Is my timing that flawed? Our respect runs so dry. Yet there's still this appeal that we've kept through our lives. But love, love will tear us apart again. Love, love will tear us apart again. You cry out in your sleep, all my failings exposed. And there's a taste in my mouth as desperation takes hold. Just that something so good just can't function no more. But love, love will tear us apart again. Love, love will tear us apart again. Love, love will tear us apart again. Love, love will tear us apart again. 
7b32f1da-b247-4509-b8a2-6800edcebeb2;Every time I think of you. I feel shot right through with a bolt of blue. It's no problem of mine but it's a problem I find. Living a life that I can't leave behind. There's no sense in telling me. The wisdom of a fool won't set you free. But that's the way that it goes. And it's what nobody knows. While every day my confusion grows. Every time I see you falling. I get down on my knees and pray. I'm waiting for that final moment. You'll say the words that I can't say. I feel fine and I feel good. I'm feeling like I never should. Whenever I get this way, I just don't know what to say. Why can't we be ourselves like we were yesterday? I'm not sure what this could mean. I don't think you're what you seem. I do admit to myself. That if I hurt someone else. Then I'll never see just what we're meant to be. Every time I see you falling. I get down on my knees and pray. I'm waiting for that final moment. You'll say the words that I can't say. 
0ed5f310-5378-496c-a395-0c1caa1c3ef4;All we ever wanted was everything. All we ever got was cold. Get up, eat jelly. Sandwich bars, and barbed wire. Squash every week into a day. The sound of the drum is calling. The sound of the drum has called. Flash of youth shoot out of darkness. Factorytown. Oh to be the cream. repeat. 
46912e8b-120e-420f-8cf4-ad6ab0829d47;Sometimes you're better off dead. There's a gun in your hand and it's pointing at your head. You think you're mad, too unstable. Kicking in chairs and knocking down tables. In a restaurant in a West End town. Call the police, there's a madman around. Running down underground. To a dive bar in a West End town. In a West End town, a dead-end world. The East End boys and West End girls. In a West End town, a dead-end world. The East End boys and West End girls. West End girls. Too many shadows, whispering voices. Faces on posters, too many choices. If, when, why, what. How much have you got? Have you got it, do you get it. If so, how often? And which do you choose. A hard or soft option? In a West End town, a dead-end world. The East End boys and West End girls. In a West End town, a dead-end world. The East End boys and West End girls. West End girls. West End girls. In a West End town, a dead-end world. The East End boys and West End girls. Ooh, West End town, a dead-end world. East End boys, West End girls. West End girls. You got a heart of glass or a heart of stone. Just you wait till I get you home. We've got no future, we've got no past. Here today, built to last. In every city, in every nation. From Lake Geneva to the Finland station. In a West End town, a dead-end world. The East End boys and West End girls. A West End town, a dead-end world. East End Boys, West End girls. West End girls. West End girls. West End girls. Girls. The West End girls. The West End girls. The West End girls. The West End girls. 
d65c9008-af5b-4f00-93b8-644d934af887;(Oh). Whisper your name in an empty room. You brush past my skin, as soft as fur. Taking hold, I taste your scent. Distant noises. Other voices. Pounding in my broken head. Commit the sin, commit yourself. And all the other voices said. Change your mind, you're always wrong. Always wrong. Come around at Christmas, I really have to see you. Smile at me slyly, another festive compromise. But I live with desertion and eight million people. Distant noises of other voices. Pulsing in my swinging arms. Caress the sound, so many dead. And all the other voices said. Change your mind you're always wrong. 
c2c561b6-4a0f-4690-9a92-352e3934e208;Come with me. Into the trees. We'll lay on the grass. And let the hours pass. Take my hand. Come back to the land. Let's get away. Just for one day. Let me see you stripped. Down to the bone. Let me see you stripped. Down to the bone. Metropolis. Has nothing on this. You're breathing in fumes. I taste when we kiss. Take my hand. Come back to the land. Where everything's ours. For a few hours. Let me see you stripped. Down to the bone. Let me see you stripped. Down to the bone. Let me hear you make decisions. Without your television. Let me hear you speaking just for me. Let me see you stripped. Down to the bone (let me hear you speaking just for me). Let me see you stripped. Down to the bone (let me hear you crying just for me). Let me see you stripped. Down to the bone (let me hear you speaking just for me). 
c1b12ad9-10d5-4d05-b5eb-98d69a2017d1;I'm standing here on the ground. The sky above won't fall down. See no evil in all directions. Resolution of happiness. Things have been dark for too long. Don't change for you. Don't change a thing for me. Don't change for you. Don't change a thing for me. I found a love that I had lost. It was gone for too long. Hear no evil in all directions. Execution of bitterness. Message received loud and clear. Don't change for you. Don't change a thing for me. Don't change for you. Don't change a thing for me. I'm standing here on the ground. The sky above won't fall down. See no evil in all directions. Resolution of happiness. Things have been dark for too long. Don't change for you. Don't change a thing for me. Don't change for you. Don't change a thing for me. Don't change for you. Don't change a thing for me. 
0795c01b-dc9d-4718-b3dd-518c06b09218;Your sweet nature, darling. Was too hard to swallow. I've got the solution. I'm leaving tomorrow. And now as I stand. And stare into your eyes. I see safety there. I want surprises. What I really need to do. Is find myself a brand new lover. Somebody with eyes for me. Who doesn't notice all the others. What I really need to do. Is find a brand new lover. When you wake up tomorrow. You'll be all alone. All the love that we had. I have quickly outgrown. I wanted to stay, but I just couldn't do it. Couldn't stand there and put you through it. What I really need to do. Is find myself a brand new lover. Somebody with eyes for me. Who doesn't notice all the others. What I really need to do. Is find myself a brand new lover. Somebody with eyes for me. Who doesn't notice all the others. My other loves will tell you that. I'm nothing but a pleasure-seeker. And for once I really must agree. I need to leave you by yourself. And go in search of someone else. To satisfy my curiosity. Your sweet nature, darling. Was too hard to swallow. I've made my decision. I'm leaving tomorrow. What I really need to do. Is find myself a brand new lover. Somebody with eyes for me. Who doesn't notice all the others. What I really need to do. Is find a brand new lover. What I really need to do. Is find myself a brand new lover. Somebody with eyes for me. Who doesn't notice all the others. What I really need to do. Is find myself a brand new lover. Somebody with eyes for me. Who doesn't notice all the others. What I really need to do. Is find myself a brand new lover. Somebody with eyes for me. Who doesn't notice all the others. What I really need to do. Is find a brand new lover. 
afe123ab-fec3-4a3d-be42-1900550d869b;Check this one. Fell to the red room because she was there, uh-huh-huh-huh. A scarlet woman, she got me in fear, yeah, yeah, yeah. She said, do all those things that you do to me. You know what I mean, boy. Do all those things that you do to me, yeah. (Talkin' bout love). Love removal. (Talkin' bout love). Love removal machine. (Talkin' bout love). Gimme love, soul shaker. (Talkin' bout love). Love removal machine. Baby, baby, baby, baby, baby, I fell from the sky. Yesterday, you blew my mind, oh yeah. Having trouble with my direction. Upside-down, psychotic reaction, oh. (Talkin' bout love). Love removal. (Talkin' bout love). Love removal machine. (Talkin' bout love). Gimme love, soul stealer. (Talkin' bout love). Love removal machine. (Talkin' bout love). Gimme love. (Talkin' bout love). Love removal machine. (Talkin' bout love). Gimme love, fun remover. (Talkin' bout love). Love removal machine. Yeah. (Talkin' bout love). Love removal. (Talkin' bout love). Love removal machine. (Talkin' bout love). Gimme love, fun remover. (Talkin' bout love). Love removal machine. (Talkin' bout love). Gimme love. (Talkin' bout love). Love removal machine. (Talkin' bout love). Gimme love, soul shaker. (Talkin' bout love). Love removal machine. Ooh yeah. Look out, here she comes. Look out, here she comes. I said, look out, here she comes. Look out, here she comes, yeah. Shake it, don't break it, baby. Shake it, don't break it, baby. Shake it, don't break it, baby. Shake it, don't break it. Baby. Ow, ow, ow. Ow, ow, ow. Ah, yeah. 
0c496fd5-2b41-44ac-9f3d-df2146d808b4;Well, you've got me working so hard lately. Working my hands until they bleed. If I was twice the man I could be. I'd still be half of what you need. Still you lead me and I follow. Anything you ask you know I'll do. This one act of consecration. Is what I ask of you. Ringfinger. Promise carved in stone. Deeper than the sea. Ringfinger. Sever flesh and bone. Offer it to me. Well, you just leave me nailed here. Hanging like Jesus on his cross. I am just dying for your sins. And aiding to the cause. Ringfinger. Promise carved in stone. Deeper than the sea. Ringfinger. Sever flesh and bone. Offer it to me. Wrap my eyes in bandages. Confessions I see through. I get everything I want. When I get part of you. Ringfinger. Promise carved in stone. Deeper than the sea. Ringfinger. Sever flesh and bone. Offer it to me. Ringfinger. A promise carved in stone. Deeper than the sea. Ringfinger. Devil's flesh and bone. Do something for me. 
2c350ada-9892-4f83-ac2b-bb09a7e1f3cd;Pushed me off the dirty floor. You watched as my head hit the floor. You watched as i rolled round and round. You watched as i came tumbling down. You watched as i rolled down the stairs. You never wished me - fare thee well! You watched as i got on my feet. I ran towards her and she started to plead, no! Ain't got time for what you feel. You did it again. You did it again. You did it again and again and again, ho, ho! Far below original sin. Far below the state i'm in. Far below malicious crimes. Far below her for the time. Far below. Far below. Far below is the place you'll go, ho! Ain't got time for what you feel. You did it again. You did it again. You did it again and again and again, ho, ho! Oh went through the window, quiet as a mouse. No sound was stirring throughout the house. I'd heard a noise that made me startle. But i kept on walking down the corridor. Yes the corridor. Yes the corridor. And there you were with a man once more, no! Ain't got time for what you feel. You did it again. You did it again. You did it again and again and again. You did it again. You did it again. You did it again and again and again, ho, ho! 
e969a6b7-817a-4f42-b214-6d4725487a84;I'm all dressed up with nowhere to go. Walkin' with a dead man over my shoulder. Waiting for an invitation to arrive. Goin' to a party where no one's still alive. I was struck by lightning. Walkin' down the street. I was hit by something last night in my sleep. It's a dead man's party. Who could ask for more? Everybody's comin', leave your body at the door. Leave your body and soul at the door. (Don't run away, it's only me). All dressed up with nowhere to go. Walkin' with a dead man. Waitin' for an invitation to arrive. Walkin' with a dead man. Dead man. Got my best suit and my tie. Shiny silver dollar on either eye. I hear the chauffer comin' to the door. Says there's room for maybe just one more. I was struck by lightning. Walkin' down the street. I was hit by something last night in my sleep. It's a dead man's party. Who could ask for more? Everybody's comin', leave your body at the door. Leave your body and soul at the door. Don't run away, it's only me. Don't be afraid of what you can't see. Don't run away, it's only me. 
a063dd71-53fe-40e1-84bb-bcea0def3970;How can I explain when there a few words I can choose? How can I explain when words get broken? Do you remember there was a time when people on the street were walking hand in hand in hand? They used to talk about the weather, making plans together, days would last forever. Come to me, cover me, hold me. Together we'll break these chains of love. Don't give up, don't give up. Together with me and my baby, break the chains of love. Do you remember once upon a time when there were open doors? An invitation to the world. We were falling in and out with lovers, looking out for others, our sisters and our brothers. Come to me, cover me, hold me. Together we'll break these chains of love. Don't give up, don't give up. Together with me and my baby, break the chains of love. Together we'll break these chains of love. How can I explain when there a few words I can choose? How can I explain when words get broken? We used to talk about the weather, making plans together, days would last forever. Come to me, cover me, hold me. Together we'll break these chains of love. Don't give up, don't give up. Together with me and my baby, break the chains of love. Together we'll break these chains of love. Don't give up, don't give up. Together with me and my baby, break the chains of love. Together we'll break these chains of love. 
b50fc95b-309a-4053-a2fc-0308f6b83112;I wanted to be with you alone. And talk about the weather. But traditions I can trace against. The child in your face. Won't escape my attention. You keep your distance with a system of touch. And gentle persuasion. I'm lost in admiration, could I need you this much? Oh, you're wasting my time. You're just, just, just wasting time. Something happens and I'm head over heels. I never find out. 'Til I'm head over heels. Something happens and I'm head over heels. Ah, don't take my heart, don't break my heart. Don't, don't, don't throw it away. Throw it away. Throw it away. I made a fire, I'm watching it burn. Yeah, thought of your future. With one foot in the past, now, just how long will it last? Now, now, now, have you no ambitions? (Mmm, what's the matter with my). My mother and my brothers used to breathe in clean air. (Nothing ever changes when you're acting your age). And dreaming I'm a doctor. (Nothing gets done when you feel like a baby). It's hard to be a man when there's a gun in your hand. (Nothing ever changes when you're acting your age). Oh, I feel so. Something happens and I'm head over heels. I never find out. 'Til I'm head over heels. Something happens and I'm head over heels. Ah, don't take my heart, don't break my heart. Don't, don't, don't throw it away. And this is my four-leaf clover. I'm on the line, one open mind. This is my four-leaf clover. La, la-la-la, la, la la la la la. La, la, la, la, la, la. La, la-la-la, la, la la la la la. La, la, la, la, la, la. La, la-la-la, la, la la la la la. La, la, la, la, la, la. La, la-la-la, la, la la la la la. La, la, la, la, la, la. La, la-la-la, la, la la la la la. La, la, la, la, la, la. La, la-la-la, la, la la la la la. La, la, la, la, la, la. 
8c60fd5f-dc05-45e9-8b2d-8684459056ee;Day after day. I will walk and I will play. But the day after today. I will stop and I will start. Why can't I get just one kiss? Why can't I get just one kiss? There may be some things that I wouldn't miss. But I look at your pants and I need a kiss. Why can't I get just one screw? Why can't I get just one screw? Believe me, I know what to do. But something won't let me make love to you. Why can't I get just one fuck? Why can't I get just one fuck? I guess it's got something to do with luck. But I waited my whole life for just one. Day after day. I get angry and I will say. That the day is in my sight. When I'll take a bow and say goodnight. Oh, ma-mama, mama-mo-ma-mum. Have you kept your eye, your eye on your son? I know you've had problems, you're not the only one. When your sugar left, he left you on the run. Oh, ma-mama, mama-mo-ma-mum. Take a look now at what your boy has done. He's walking around like he's number one. Went downtown and you got him a gun. So don't shoot, shoot, shoot that thing at me. Don't shoot, shoot, shoot that thing at me. You know you've got my sympathy. But don't shoot, shoot, shoot that thing at me. Don't shoot, shoot, shoot that thing at me. Don't shoot, shoot, shoot that thing at me. You know you've got my sympathy. But don't shoot, shoot, shoot that thing at me. Broken down kitchen at the top of the stairs. Can I mix in with your affairs? Share a smoke, make a joke. Grasp and reach for a leg of hope. Words to memorize, words hypnotize. Words make my mouth exercise. Words all fail the magic prize. Nothing I can say when I'm in your thighs. Well, moma-mama, mo-ma, mo-ma mother. I would love to love you, lover. City is restless, it's ready to pounce. Go! here in your bedroom, ounce for ounce. And, moma-mama, mo-ma, mo-ma mother. I would love to love you, lover. City is restless, it's ready to pounce. Go here in your bedroom, ounce for ounce. I've given you a decision to make. Things to lose, things to take. Just as she's about ready to cut it up. She says, "Wait a minute, honey, I'm gonna - add it up!". Add it up. Add it up (hey!). Add it up. Add it up (oh!). Add it up. Add it up (Say what you got, you gotta. ). Add it up (. , baby!). (Add it up, add it up) Ma-ma-ma, day after day. (Add it up, add it up) I get angry and I will say. (Add it up, add it up) That the day is in my sight. (Add it up, add it up) When I'll take a bow and say goodnight. (Add it up, add it up). 
cd3a9b87-0b47-4aa2-bd3f-7e700ff06f3d;Go! It's one, two, three. Take my hand and come with me. Because you look so fine. That I really wanna make you mine. I say you look so fine. That I really wanna make you mine. Oh, four, five, six. C'mon and get your kicks. Now you don't need that money. When you look like that, do ya, honey? Big black boots. Long brown hair. She's so sweet with her. Get-back stare. Well, I could see. You home with me. But you were with another man, yeah. I know we ain't got much to say. Before I let you get away, yeah. I said are you gonna be my girl? Well, so one, two, three. Take my hand and come with me. Because you look so fine. That I really wanna make you mine. I say you look so fine. That I really wanna make you mine. Oh, four, five, six. C'mon and get your kicks. Now you don't need that money. With a face like that, do ya? Big black boots. Long brown hair. She's so sweet with her. Get-back stare. Well, I could see. You home with me. But you were with another man, yeah. I know we ain't got much to say. Before I let you get away, yeah. I said, are you gonna be my girl? Oh yeah. Oh yeah. C'mon! I could see. You home with me. But you were with another man, yeah. I know we ain't got much to say. Before I let you get away, yeah. Be my girl. Be my girl. Are you gonna be my girl? Yeah. 
0cfa6c42-cc11-4986-97d4-cc3b2bb5fe49;Can't explain all the feelings that you're making me feel. My heart's in overdrive and you're behind the steering wheel. Touching you, touching me,. Touching you God you're touching me. I believe in a thing called love. Just listen to the rhythm of my heart. There's a chance we could make it now. We'll be rocking till the sun goes down. I believe in a thing called love. Ooh! I wanna kiss you every minute, every hour, every day. You got me in a spin but everything is a-okay. Touching you, touching me. Touching you cause you're touching me. I believe in a thing called love. Just listen to the rhythm of my heart. There's a chance we could make it now. We'll be rocking till the sun goes down. I believe in a thing called love. Ooh! Guitar! Touching you, touching me. Touching you god you're touching me. I believe in a thing called love. Just listen to the rhythm of my heart. There's a chance we could make it now. We'll be rocking till the sun goes down. I believe in a thing called love. Ooh! 
a526a09f-af1d-44e4-a2cc-2b2c5e73ffa9;I never knew girls existed like you. But now that I do, I'd really like to get to know you. The girl's too young, she don't need any better. It's all coming back, I can feel it. The girl's too young, she don't know any better. It's all coming back, I can feel it. She is beautiful, she is beautiful. She is beautiful, she is beautiful. The girl is beautiful. You're giving me moves that hit from all sides. And when you're hitting like that, you melt my ice. The girl's too young, she don't need any better. It's all coming back, I can feel it. The girl's too young, she don't know any better. It's all coming back, I can feel it. Know I'll never know you, I look at your face. Tell you that I love you, don't know what to say. You're everything I've got, you beautiful girl. The only thing I live for in the whole wide world. She is beautiful, she is beautiful. She is beautiful, she is beautiful. The girl is beautiful. I ain't got nothing to lose. Going to throw it away and talk to you. She looks good and it's true. The girl is beautiful (she is beautiful). I ain't got nothing to lose. Only living one time and I want you. She looks good and it's true. The girl is beautiful (she is beautiful). She is beautiful, she is beautiful. She is beautiful, she is beautiful. The girl is beautiful. She is beautiful, she is beautiful. She is beautiful, she is beautiful. The girl is beautiful. I ain't got nothing to lose. Going to throw it away and talk to you. She looks good and it's true. The girl is beautiful (she is beautiful). I ain't go nothing to lose. And I'll never forget when I saw you. She looks good and it's true. The girl is beautiful (she is beautiful). 
273be3cb-6b3b-479d-80cd-785e8cee52a4;I could be mean. I could be angry. You know I could be just like you. I could be fake. I could be stupid. You know I could be just like you. You thought you were standing beside me. You were only in my way. You're wrong if you think that I'll be just like you. (just like you). You thought you were there to guide me. You were only in my way. You're wrong if you think that I'll be just like you. (just like you). You thought you were there to guide me. You were only in my way. You're wrong if you think that I'll be just like you. I could be cold. I could be ruthless. You know I could be just like you. I could be weak. I could be senseless. You know I could be just like you. You thought you were standing beside me. You were only in my way. You're wrong if you think that I'll be just like you. (just like you). You thought you were there to guide me. You were only in my way. You're wrong if you think that I'll be just like you. (just like you). You thought you were there to guide me. You were only in my way. You're wrong if you think that I'll be just like you. On my own. 'Cause I can't take livin' with you. I'm alone. So I won't turn out like you want me to. You thought you were standing beside me. You were only in my way. You're wrong if you think that I'll be just like you. (just like you). You thought you were there to guide me. You were only in my way. You're wrong if you think that I'll be just like you. (just like you). You thought you were there to guide me. You were only in my way. You're wrong if you think that I'll be just like you. I could be mean. I could be angry. You know I could be just like you. 
23086335-2d98-481a-be48-982d323378af;I'm the kid that no one knows,. I live a life I never chose. But these thoughts in my mind,. Are my own, my own. I'm face to face with the unknown,. My scary movie will be shown. I've got one evil mind,. Of my own, of my own. We take from one another,. We never stop to wonder,. How it feels from the other side. But nothing lasts forever,. When stupid turns to clever,. Why are you surprised? Little know it all (little know it all),. Ten bucks in my hand. Little know it all (little know it all),. Don't cry, I understand. So! I'm a target of the smart,. They got ambition, I got heart. I'm analyzed and tagged,. Before I start. So tell me who can I respect? I feel the leash around my neck. As I find out there's shame,. In the game (in the game). We take from one another,. And never stop to wonder,. How it feels from the other side. But nothing lasts forever,. When stupid turns to clever,. Why are you surprised? And I feel like I've crawled outside the box. And I feel like I'm sleeping when I'm not. We take from one another,. And never stop to wonder,. How it feels from the other side. But nothing lasts forever,. When stupid turns to clever,. Why are you surprised? Little know it all (little know it all),. Ten bucks in my hand. Little know it all (little know it all),. Don't cry, I understand. You little know it all (little know it all),. Ten bucks in my hand. Little know it all (little know it all),. Don't cry I understand. You'll never know it all. 
44c7db04-3d0a-48e2-a16e-b676878de12a;did you give up? did it get easier? did all those things you wanted. come together in the end? was I the one? was I even There? did you ever really notice how I. never really cared? she smiled and looked at me and said. you don't know what it's like(what its like what its like). you don't know what it's like(what its like whats it like). I feel like nothing at all. you don't know what it's like(what its like whats it like). did you forget? did you believe in it? did all those things I promised. come up empty in the end? any regrets? any dreams you miss? comfort comes with patience. serenity and ya. she smiled and looked at me and said. you don't know what it's like(what its like what its like). you don't know what it's like(what its like whats it like). I feel like nothing at all. you don't know what it's like(what its like whats it like). I feel insignificant. I feel nothing at all. I feel insignificant. did you give up? did it get easier? every little word lingered. slipped and fell. you dont know what its like(what its like what its like). you dont know itwhat s like(what its like what its like). I feel like nothing at all. you dont know what its like(what its like what its like). you dont know what its like what its like yaaa. you dont know what its like what its like yaaa. I feel like nothing at all. I feel like nothing at all. I feel like nothing. cause u dont no what its like. 
41be9dde-2769-4f40-989d-99cf5e4db2a4;I'm tired of being what you want me to be. Feeling so faithless, lost under the surface. Don't know what you're expecting of me. Put under the pressure of walking in your shoes. (Caught in the undertow, just caught in the undertow). Every step that I take is another mistake to you. (Caught in the undertow, just caught in the undertow). I've become so numb. I can't feel you there. I've become so tired. So much more aware. I'm becoming this. All I want to do. Is be more like me. And be less like you. Can't you see that you're smothering me? Holding too tightly, afraid to lose control. 'Cause everything that you thought I would be. Has fallen apart right in front of you. (Caught in the undertow, just caught in the undertow). Every step that I take is another mistake to you. (Caught in the undertow, just caught in the undertow). And every second I waste is more than I can take. I've become so numb. I can't feel you there. I've become so tired. So much more aware. I'm becoming this. All I want to do. Is be more like me. And be less like you. And I know. I may end up failing too. But I know. You were just like me with someone disappointed in you. I've become so numb. I can't feel you there. I've become so tired. So much more aware. I'm becoming this. All I want to do. Is be more like me. And be less like you. I've become so numb. I can't feel you there. I'm tired of being what you want me to be. I've become so numb. I can't feel you there. I'm tired of being what you want me to be. 
cef09a0a-bf16-4497-8208-280726cd3f46;This is my life, it's not what it was before. All these feelings I've shared. And these are my dreams. That I'd never lived before. Somebody shake me. 'Cause I, I must be sleepin'. Now that we're here, it's so far away. All the struggle we thought was in vain. An' all the mistakes one life contained. They all finally start to go away. An' now that we're here, it's so far away. An' I feel like I can face the day. An' I can't forget that I'm not ashamed. To be the person that I am today. These are my words. That I've never said before. I think I'm doing okay. And this is the smile. I've never shown before. Somebody shake me. 'Cause I, I must be sleeping. An' now that we're here, it's so far away. All the struggle we thought was in vain. An' all the mistakes one life contained. They all finally start to go away. An' now that we're here, it's so far away. An' I feel like I can face the day. An' I can't forget that I'm not ashamed. To be the person that I am today. I'm so afraid of waking. Please don't shake me. Afraid of waking. Please don't shake me. Now that we're here, it's so far away. All the struggle we thought was in vain. An' all the mistakes one life contained. They all finally start to go away. An' now that we're here, it's so far away. An' I feel like I can face the day. An' I can't forget that I'm not ashamed. To be the person that I am today. 
3d0edebd-f41e-4600-9084-cd719513099f;I was waiting all my life to know you. All about you. And now I'm staring in your eyes in sheer fear. I'm all about you. And in our minds it comes so easily. But there's a feeling coming over me. I wanna show you but there's nowhere we can really be free. Everybody's watchin'. Wouldn't it be good if we could be together. Take me away. Take me far away from here. I will run with you. Don't be afraid. Navigate and I will steer. Into the sun, we will run. I try to remember when I was just a child. In my room. My imagination used to run wild. But I never knew. That nothing's ever as it seems to be. When a dream collides with a reality. It should be easy when two people love each other to me. Everybody's talkin'. Wouldn't it be good if they would understand us. Take me away. Take me far away from here. I will run with you. Don't be afraid. Navigate and I will steer. Into the sun, we will run. We. will run. Whoa whoa whoa whoa. We. will run. Oh yeah yeah yeah. Wouldn't it be good if people understand us. Wouldn't it be good if we could be together. Take me away! Take me away. Take me far away from here. I will run with you. Don't be afraid. Navigate and I will steer. Into the sun, we will run. Whoa whoa whoa. I will run with you wherever you go. Don't be afraid. Lets run away and I will steer. Into the sun. We will run. 
d2a9eb9e-41c7-444c-9d27-bad6719feb7f;Could you whisper in my ear. The things you want to feel? I'll give you anything. To feel it comin'. Do you wake up on your own. And wonder where you are? You live with all your faults. I want to wake up where you are. I won't say anything at all. So why don't you slide? Yeah, we're gonna let it slide. Don't you love the life you'd kill? The priest is on the phone. Your father hit the wall. Your ma disowned you. Don't suppose I'll ever know. What it means to be a man. If there's something I can't change. I'll live around it. I want to wake up where you are. I won't say anything at all. So why don't you slide? Mm, slide. And I'll do anything you ever dreamed to be complete. Little pieces of the nothing that fall. Oh, May, put your arms around me. What you feel is what you are. And what you are is beautiful. Oh, May, do you wanna get married. Or run away? Ooh. Ooh-hoo. And I'll do anything you ever dreamed to be complete. Little pieces of the nothing that fall. Oh, May, put your arms around me. What you feel is what you are. And what you are is beautiful. Oh, May, do you wanna get married. Or run away? I want to wake up where you are. I won't say anything. (Yeah, slide). And I'll do anything you ever dreamed to be complete. (Yeah, slide). Little pieces of the nothing that fall. (Yeah, slide). And I'll do anything you ever dreamed to be complete. (Yeah, slide). Little pieces of the nothing that fall. (Yeah, slide). Oh, May. Why don't you slide into my room? Just slide into my room. And we'll run away, run away, run away. 
02c3bc8e-9562-48b3-a9f5-f7191abbcbad;When she walks out all the boys on the block start to yell out. They open up their mouths but they don't know what they're talking about. She's in little need of someone to hold tonight. But if you make a move I'm willing to bet that she just might. Everytime she looks away you look away too. I know what you're thinking you don't know what to do. You got to saaaaay. You got to saaaaay. I want you more than anything. I want you more than anything. I want you more than anything. I do I do I do! Time is wasting opportunity knocks then it's gone. Makes sense to speak from the heart 'cause you can never go wrong. Too many people telling too many lies. Go with what you know when the feeling's inside. I know you can do it if you start thinking "Yes". Yes I can, Yes I will, Yes I will pass the test. You got to saaaaay. You got to saaaaay. You got to saaaaay. You got to saaaaay. I want you more than anything. I want you more than anything. I want you more than anything. I do I do I do! When she walks out all the boys on the block start to yell out. They open up their mouths but they don't know what they're talking about. She's in little need of someone to hold tonight. But if you make a move I'm willing to bet that she just might. Everytime she looks away you look away too. I know what you're thinking you don't know what to do. You got to saaaaay. You got to saaaaay. You got to saaaaay. You got to saaaaay. I want you more than anything. I want you more than anything. I want you more than anything. I do I do I do! I really really do! 
116a58dc-8c7b-4173-83ae-8d626478a328;I'm not sober all the time. You bring me down at least you try. Until we see this eye to eye. I don't want you. I must be running out of luck. 'Cause you're just not drunk enough to fuck. And now I've had it up to here. I don't I don't want you. It took so long to see. You walked away from me. When I need you. Wake up I'm pounding on the door. I'm not the man I was before. Where the hell are you. When I need you. Wake up I'm pounding on the door. I won't hurt you anymore. Where the hell are you. When I need you. I'm not angry all the time. You push me down at least you try. Until we see this eye to eye. I don't want you. It took so long to see. You walked away from me. When I need you. Wake up I'm pounding on the door. I'm not the man I was before. Where the hell are you. When I need you. Wake up I'm pounding on the door. I won't hurt you anymore. Where the hell are you. When I need you. It took so long to see. You walked away from me. When I need you. Wake up I'm pounding on the door. I'm not the man I was before. Where the hell are you. When I need you. Wake up I'm pounding on the door. I won't hurt you anymore. Where the hell are you. When I need you. 
87a275bd-05b7-4612-86ec-ad5f43fb6dec;Do you worry that you're not liked. How long till you break. You're happy 'cause you smile. But how much can you fake. An ordinary boy, an ordinary name. But ordinary's just not good enough today. Now ah-ooo how ah-ooo how ah-ooo. Now ah-ooo how ah-ooo how ah-ooo. Alone, alone, alone, alone, alone, alone, alone, alone. I'm thinking  why-e-i-e-i-e yeah superman's dead. E-i-e-i-e yeah is it in my head. E-i-e-i-e yeah we'll just laugh instead. I worry about the weather and. Whether or not you should hate. Are you worried about your faith. Kneel down and obey. You're happy you're in love. You need someone to hate. An ordinary girl, an ordinary waste. But ordinary's just not good enough today. Alone, alone, alone, alone, alone, alone, alone, alone. I'm thinking  why-e-i-e-i-e yeah superman's dead. E-i-e-i-e yeah is it in my head. E-i-e-i-e yeah we'll just laugh instead. I worry about the weather and. Whether or not you should hate. Now ah-ooo now ah-ooo now ah-ooo. Now ah-ooo now ah-ooo now ah-ooo. Now ah-ooo now ah-ooo now ah-ooo. Now ah-ooo now ah-ooo now ah-ooo. Why-e-i-e-i-e-yeah hea hea. Why-e-i-e-i-i-i. Why-e-i-e-i-e-yeah hea hea. Why-e-i-e-i-i-i. Doesn't anybody ever know. Doesn't anybody ever know. Doesn't anybody ever know. That the world's a subway, subway. Doesn't anybody ever know. Doesn't anybody ever know. Doesn't anybody ever know. That the world's a subway, subway. That the world's a subway, subway. Doesn't any, any, any, any, any. Doesn't any, any, any, any, any. Doesn't any, any, any, any, any. That the world's a subway, subway. That the world's a subway, subway. 
2dfa128d-915d-459a-942d-281e043e2cb3;I like your pants around your feet. And I like the dirt that's on your knees. And I like the way you still say please. While you're looking up at me. You're like my favorite damn disease. And I love the places that we go. And I love the people that you know. And I love the way you can't say no. Too many long lines in a row. I love the powder on your nose. And now I know who you are. It wasn't that hard. Just to figure you out. (Now I did, you wonder why). And now I know who you are. It wasn't that hard. Just to figure you out. (Now I did, you wonder why). I like the freckles on your chest. And I like the way you like me best. And I like the way you're not impressed. While you put me to the test. I like the white stains on your dress. I love the way you pass the check. And I love the good times that you wreck. And I love your lack of self respect. While you're passed out on the deck. I love my hands around your neck. And now I know who you are. It wasn't that hard. Just to figure you out. (Now I did, you wonder why). And now I know who you are. It wasn't that hard. Just to figure you out. Now I did, you wonder why. Why not before, you never tried. Gone for good, and this is it. I like your pants around your feet. And I like the dirt that's on your knees. And I like the way you still say please. While you're looking up at me. You're like my favorite damn disease. And I hate the places that we go. And I hate the people that you know. And I hate the way you can't say no. Too many long lines in a row. I hate the powder on your nose. And now I know who you are. It wasn't that hard. Just to figure you out. (Now I did, you wonder why). And now I know who you are. It wasn't that hard. Just to figure you out. Now I did, you wonder why. Why not before, you never tried. Gone for good, and this is it. 
16d73ee2-f252-4b6b-a94f-04c1c15f9a83;Yeah. Lies. Look at me now, just sittin' here by myself. And I think you found someone else. Now I'm gonna have to find a way to put the bottle down. And why can't you see. That I'm drowning in a pool of misery? I'm always afraid. That you'll go away from me. I'm always afraid. That you're lost in somebody. I'm always afraid. That you'll go away from me. I'm always afraid that you're lost. So here I am, I don't wanna be by myself. And I think you're fucking someone else. Now I'm gonna have to find a way to take the knife out of my back. And how could you leave me. Stranded in a closet full of bones? I'm always afraid. That you'll go away from me. I'm always afraid. That you're lost in somebody. I'm always afraid. That you'll go away from me. I'm always afraid that you're lost. Maybe you could let me stay. Maybe just for one more day. You could help me stay the same. Maybe things won't ever change. Maybe we could taste the rain. You could push me out the way. Now I sit here by myself. Think about somebody else. How could you let them take you away from me? There's somebody else. I'm always afraid. That you'll go away from me. I'm always afraid. That you're lost in somebody. I'm always afraid. That you'll go away from me. I'm always afraid that you're fucking. I'm always afraid, I'm always afraid. I'm always afraid, I'm always afraid. I'm always afraid, I'm always afraid. I'm always afraid. Away from me. 
f8761bb8-36d5-44d1-b9c8-e2efab374802;All my life I’ve been searching for somethin’. Somethin’ never comes, never leads to nothin’. Nothin’ satisfies, but I’m getting close. Closer to the prize at the end of the rope. All night long I dream of the day. When it comes around and it’s taken away. Leaves me with the feeling that I feel the most. Feel it come to life when I see your ghost. Come down, don’t you resist. You have such a delicate wrist. And if I give it a twist. Something to hold when I lose my grip. Will I find something in there. To give me just what I need. Another reason to bleed. One by one hidden up my sleeve. One by one hidden up my sleeve. Hey, don’t let it go to waste. I love it but I hate the taste. Weight keeping me down. Hey, don’t let it go to waste. I love it but I hate the taste. Weight keeping me down. Will I find a believer? Another one who believes. Another one to deceive. Over and over down on my knees. If I get any closer. And if you open up wide. And if you let me inside. On and on, I got nothing to hide. On and on, I got nothing to hide. Hey, don't let it go to waste. I love it but I hate the taste. Weight keeping me down. Hey, don’t let it go to waste. I love it but I hate the taste. Weight keeping me down. All my life I’ve been searching for something. Something never comes, never leads to nothin’. Nothin’ satisfies, but I’m getting close. Closer to the prize at the end of the rope. All night long I dream of the day. When it comes around and it’s taken away. Leaves me with the feelin' that I feel the most. Feel it come to life when I see your ghost. Then I’m done, done onto the next one. Done, done and I’m onto the next one. Done, done and I’m onto the next one. Done, done and I’m onto the next one. Done, done and I’m onto the next one. Done, done and I’m onto the next one. Done, done and I’m onto the next one. Done, I’m done and I’m onto the next. Done, done, on to the next one. Done, I'm done and I'm on to the next one. Done, done, on to the next one. Done, I'm done and I'm on to the next. Hey, don’t let it go to waste. I love it but I hate the taste. Weight keeping me down. Hey, don’t let it go to waste. I love it but I hate the taste. Weight keeping me down. Done, done, on to the next one. Done, I'm done and I'm on to the next. 
144133c0-dd21-4cba-9946-d735dee5b473;The winds of fortune. Don't blow the same. She had to get out. And make a change. She had a kid now. But much too young. That baby daddy's out having fun. He's saying. I'm on a roll. With all the girls I know. His baby momma. She ain't so slow. He's saying. I'm on a roll. With all the girls I know. I know you want to hit that. I know you want to hit that, hit that. All the world is gettin' with, I say. Consequences are a lot, but hey. That's the way. That's the way things go. Hey, hey, hey. What was a family. Is now a shell. We're raising kids now. Who raise themselves. Sex is a weapon. It's like a drug. It gets him right into that grave that he just dug. She's saying. I'm on the run. I'm chasing guys for fun. Her baby daddy. It ain't his only one. She's saying. I'm on the run. I'm chasing guys for fun. I know you want to hit that. I know you want to hit that, hit that. Everybody's gettin' with, I say. Consequences are a lot, but hey. That's the way. That's the way things go. Hey, hey, hey. Well it winds up. Broken up. Really such a shame. But why not. Take a chance. Everything's a game. And it don't stop. Hooking up. Nothing's gonna change. The more he's trying. The more he's buying. He says. I'm on a roll. With all the girls I know. His baby momma. Don't need to know. He's saying. I'm on a roll. With all the girls I know. I know you want to hit that. I know you want to hit that, hit that. All the world is gettin' with, I say. Consequences are a lot, but hey. That's the way. That's the way things go. 
e13493c4-d993-4c9f-9185-a8b37e5e6410;I knew a girl named Nikki. I guess you could say she was a sex fiend. I met her in a hotel lobby. Masturbating with a magazine. She said how'd you like to waste some time. And I could not resist when I saw little Nikki grind. She took me to her castle. And I just couldn't believe my eyes. She had so many devices. Everything that money could buy. She said sign your name on the dotted line. The lights went out. And Nikki started to grind. Aaaahhhh! Nikki! Oh. The castle started spinning. Or maybe it was my brain. I can't tell you what she did to me. But my body will never be the same. Her lovin' will kick your behind. Oh, she'll show you no mercy. But she'll sho'nuff sho'nuff show you how to grind. Woke up the next morning. Nikki wasn't there. I looked all over and all I found. Was a phone number on the stairs. It said thank you for a funky time. Call me up whenever you want to grind. Ahhhh! Nikki! Oh. Ahhhh! Come back, Nikki! Come back! 
aa132d1a-bc57-4471-ac91-67bb53479124;My friend's got a girlfriend - man, he hates that bitch. He tells me every day. He says: "Man, I really gotta lose my chick. In the worst kind of way". She sits on her ass, he works his hands to the bone. To give her money every payday. But she wants more dinero just to stay at home. Well, my friend, you gotta say. "I won't pay, I won't pay ya, no way. Na-na why don't you get a job?". Say "No way", say "No way ya, no way. Na-na why don't you get a job?". I guess all his money, well, it isn't enough. To keep the bill collectors at bay. I guess all his money, well, it isn't enough. 'Cause that girl's got expensive taste. "I won't pay, I won't pay ya, no way. Na-na why don't you get a job?". Say "No way", say "No way ya, no way. Na-na why don't you get a job?". Well, I guess it ain't easy doing nothing at all, oh yeah. But, hey man, free rides just don't come along every day. (Let me tell ya 'bout my other friend now). My friend's got a boyfriend - man, she hates that dick. She tells me every day. He wants more dinero just to stay at home. Well, my friend, you gotta say. "I won't pay, I won't pay ya, no way. Na-na why don't you get a job?". Say "No way", say "No way ya, no way. Na-na why don't you get a job?". "I won't give ya no money, I always pay. Na-na why don't you get a job?". Say "No way", say "No way ya, no way. Na-na why don't you get a job?". Hey, that's something everyone can enjoy. 
385dc4d1-af9a-4a39-8e43-4116c067f3ae;Left on an eastbound train. Gone first thing this morning. Why's what's best for you. Always the worst thing for me. When am I gonna learn. Why? 'Cause I'm tired of hating. When will it be your turn? Why? 'Cause I'm tired of waiting. No I don't. No I don't. No I don't. Well no I don't find faith in your false feelings. Not fooled by your misleadings. Won't buy this line you're selling. Tired of this lie you're telling. I won't, I don't. No I won't do this anymore. I won't, I don't. No I won't do this anymore. She says I'm only telling half of it. That's probably 'cause there's only half worth telling. And every time I try to laugh it off. That's when you turn around and wind up yelling. When am I gonna learn. Why? 'Cause I'm tired of hating. When will it be your turn? Why? 'Cause I'm tired of waiting. No I don't. No I don't. No I don't. Well no I don't find faith in your false feelings. Not fooled by your misleadings. Won't buy this line you're selling. Tired of this lie you're telling. I won't, I don't. No I won't do this anymore. I won't, I don't. No I won't do this anymore. She says I'm only telling half of it. That's probably 'cause there's only half worth telling. And every time I try to laugh it off. That's when you turn around and wind up yelling. When am I gonna learn. Why? 'Cause I'm tired of hating. When will it be your turn? Why? 'Cause I'm tired of waiting. No I don't. No I don't. No I don't. Well no I don't find faith in your false feelings. Not fooled by your misleadings. Won't buy this line you're selling. Tired of this lie you're telling. I won't, I don't. No I won't do this anymore. I won't, I don't. No I won't do this anymore. 
550a760d-d071-42f7-b58e-fc3716e63476;They reach beside. A leech to find. I dreamed of this so long. This used to feel so strong. Now I wait. Wish these thoughts would go away. I hope I dream of you. Cause it's taking my life away. No I don't hate. But these thoughts won't go away. I hope I dream of you. Cause it's taking my life away. Deep down it hides. Making life a grind. I dreamed of this so long. This used to feel so strong. Now I wait. Wish these thoughts would go away. I hope I dream of you. Cause it's taking my life away. No I don't hate. But these thoughts won't go away. I hope I dream of you. Cause it's taking my life away. Deep down it hides. Now I wait. Wish these thoughts would go away. I hope I dream of you. Cause it's taking my life away. No I don't hate. But these thoughts won't go away. I hope I dream of you. Cause it's taking my life away. 
113b4177-9a9a-40b7-9f14-2aa7d2bc8f5c;NA
596ff2c4-7d3e-451f-a5f7-92edd4a3a281;Lights out tonight. Trouble in the heartland. Got a head-on collision. Smashin' in my guts, man. I'm caught in a crossfire. That I don't understand. But there's one thing I know for sure girl. I don't give a damn. For the same old played out scenes. I don't give a damn. For just the in-betweens. Honey, I want the heart, I want the soul. I want control right now. You better listen to me, baby. Talk about a dream. Try to make it real. You wake up in the night. With a fear so real. You spend your life waiting. For a moment that just don't come. Well, don't waste your time waiting. Badlands, you gotta live it everyday. Let the broken hearts stand. As the price you've gotta pay. Keep pushin' 'til it's understood. And these badlands start treating us good. Workin' in the fields. 'Til you get your back burned. Workin' 'neath the wheels. 'Til you get your facts learned. Baby, I got my facts. Learned real good right now. You better get it straight, darling. Poor man wanna be rich. Rich man wanna be king. And a king ain't satisfied. 'Til he rules everything. I wanna go out tonight. I wanna find out what I got. Well, I believe in the love that you gave me. I believe in the faith that could save me. I believe in the hope. And I pray that some day. It may raise me above these. Badlands, you gotta live it everyday. Let the broken hearts stand. As the price you've gotta pay. Keep pushin' 'til it's understood. And these badlands start treating us good. Whoa whoa whoa whoa. For the ones who had a notion. A notion deep inside. That it ain't no sin. To be glad you're alive. I wanna find one face. That ain't looking through me. I wanna find one place. I wanna spit in the face of these. Badlands, you gotta live it everyday. Let the broken hearts stand. As the price you've gotta pay. Keep pushin' 'til it's understood. And these badlands start treating us good. Whoa whoa whoa whoa. Badlands. Whoa whoa whoa whoa. Badlands. Whoa whoa whoa whoa. Badlands. Whoa whoa whoa whoa. Badlands. Whoa whoa whoa whoa. Badlands. Whoa whoa whoa whoa. 
403c57f2-5915-47cf-a485-34d753ba9fda;I hold you in my arms. As the band plays. What are those words whispered, baby. Just as you turn away. I saw you last night. Out on the edge of town. I want to read your mind to know. Just what I've got in this new thing I've found. So tell me what I see. When I look in your eyes. Is that you, baby. Or just a brilliant disguise. I heard somebody call your name. From underneath our willow. I saw something tucked in shame. Underneath your pillow. Well, I've tried so hard baby. But I just can't see. What a woman like you. Is doing with me. So tell me who I see. When I look in your eyes. Is that you, baby. Or just a brilliant disguise. Now look at me, baby. Struggling to do everything right. And then it all falls apart. Oh, when out go the lights. I'm just a lonely pilgrim. I walk this world in wealth. I want to know if it's you I don't trust. 'Cause I damn sure don't trust myself. Now, you play the loving woman. I'll play the faithful man. But just don't look too close. Into the palm of my hand. Oh, we stood at the altar. The gypsy swore our future was bright. But come the wee wee hours. Well maybe, baby, the gypsy lied. So when you look at me. You better look hard and look twice. Is that me, baby. Or just a brilliant disguise. Tonight our bed is cold. I'm lost in the darkness of our love. God have mercy on the man. Who doubts what he's sure of. 
3ab4ecd5-31e9-49a5-bc7d-a5f1c0f29fc0;Got a wife and kids in Baltimore, Jack. I went out for a ride and I never went back. Like a river that don't know where it's flowing. I took a wrong turn and I just kept going. Everybody's got a hungry heart. Everybody's got a hungry heart. Lay down your money and you play your part. Everybody's got a hungry heart. I met her in a Kingstown bar. We fell in love I knew it had to end. We took what we had and we ripped it apart. Now here I am down in Kingstown again. Everybody's got a hungry heart. Everybody's got a hungry heart. Lay down your money and you play your part. Everybody's got a hungry heart. Everybody needs a place to rest. Everybody wants to have a home. Don't make no difference what nobody says. Ain't nobody like to be alone. Everybody's got a hungry heart. Everybody's got a hungry heart. Lay down your money and you play your part. Everybody's got a hungry heart. 
3d2e9414-e27e-453d-8859-6100adb869df;The screen door slams, Mary's dress sways. Like a vision she dances across the porch as the radio plays. 's singing for the lonely. Hey, that's me and I want you only. Don't turn me home again, I just can't face myself alone again. Don't run back inside, darling, you know just what I'm here for. So you're scared and you're thinking that maybe we ain't that young anymore. Show a little faith, there's magic in the night. You ain't a beauty, but hey, you're alright. Oh, and that's alright with me. You can hide 'neath your covers and study your pain. Make crosses from your lovers, throw roses in the rain. Waste your summer praying in vain. For a savior to rise from these streets. Well now, I'm no hero, that's understood. All the redemption I can offer, girl, is beneath this dirty hood. With a chance to make it good somehow. Hey, what else can we do now? Except roll down the window and let the wind blow back your hair. Well, the night's busted open, these two lanes will take us anywhere. We got one last chance to make it real, to trade in these wings on some wheels. Climb in back, heaven's waiting down on the tracks. Oh, come take my hand. We're riding out tonight to case the promised land. Oh, Thunder Road, oh, Thunder Road. Oh, Thunder Road. Lying out there like a killer in the sun. Hey, I know it's late, we can make it if we run. Oh, Thunder Road, sit tight. Take hold, Thunder Road. Well, I got this guitar and I've learned how to make it talk. And my car's out back if you're ready to take that long walk. From your front porch to my front seat. The door's open but the ride ain't free. And I know you're lonely for words that I ain't spoken. Tonight we'll be free, all the promises will be broken. There were ghosts in the eyes of all the boys you sent away. They haunt this dusty beach road in the skeleton frames of burned out Chevrolets. They scream your name at night in the street. Your graduation gown lies in rags at their feet. And in the lonely cool before dawn, you hear their engines roaring on. But when you get to the porch they're gone on the wind. So Mary climb in. It's a town full of losers, I'm pulling out of here to win. 
da42157d-c5a6-49ae-83a7-ea6f7d02bd2a;In the day we sweat it out on the streets of a runaway American dream. At night we ride through mansions of glory in suicide machines. Sprung from cages on Highway 9. Chrome-wheeled, fuel-injected and steppin' out over the line. Oh, baby, this town rips the bones from your back. It's a death trap. It's a suicide rap. We gotta get out while we're young. 'Cause tramps like us. Baby, we were born to run. Yes, girl, we were. Wendy, let me in, I wanna be your friend. I wanna guard your dreams and visions. Just wrap your legs 'round these velvet rims. And strap your hands 'cross my engines. Together we could break this trap. We'll run 'til we drop, and baby, we'll never go back. Oh, will you walk with me out on the wire? 'Cause, baby, I'm just a scared and lonely rider. But I gotta know how it feels. I wanna know if love is wild. Babe, I wanna know if love is real. Oh, can you show me? Beyond the palace. Hemi-powered drones scream down the boulevard. Girls comb their hair in rearview mirrors. And the boys try to look so hard. The amusement park rises bold and stark. Kids are huddled on the beach in the mist. I wanna die with you, Wendy, on the street tonight. In an everlasting kiss, huh. One, two, three, four. The highway's jammed with broken heroes on a last chance power drive. Everybody's out on the run tonight, but there's no place left to hide. Together, Wendy, we can live with the sadness. I'll love you with all of the madness in my soul. Oh, someday, girl, I don't know when. We're gonna get to that place where we really wanna go. And we'll walk in the sun. But 'til then, tramps like us. Baby, we were born to run. Aw, honey, tramps like us. Baby, we were born to run. Come on, Wendy, tramps like us. Baby, we were born to run. Run. Mmm. Oh-oh-oh-oh. Oh-oh-oh-oh-oh. Mmm. Whoa. Oh. Oh-oh-oh-oh-oh-oh. 
90f79a02-7635-49ae-aa87-a37e014aeab9;Can't see nothin' in front of me. Can't see nothin' coming up behind. I make my way through this darkness. I can't feel nothing but this chain that binds me. Lost track of how far I've gone. How far I've gone, how high I've climbed. On my back's a sixty pound stone. On my shoulder a half mile of line. Come on up for the rising. Come on up, lay your hands in mine. Come on up for the rising. Come on up for the rising tonight. Left the house this morning. Bells ringing filled the air. I was wearin' the cross of my calling. On wheels of fire I come rollin' down here. Come on up for the rising. Come on up, lay your hands in mine. Come on up for the rising. Come on up for the rising tonight. Lalala. There's spirits above and behind me. Faces gone black, eyes burnin' bright. May their precious blood bind me. Lord, as I stand before your fiery light. Lalala. I see you, Mary, in the garden. In the garden of a thousand sighs. There's holy pictures of our children. Dancin' in a sky filled with light. May I feel your arms around me. May I feel your blood mixed with mine. A dream of life comes to me. Like a catfish dancin' on the end of my line. Sky of blackness and sorrow (A dream of life). Sky of love, sky of tears (A dream of life). Sky of glory and sadness (A dream of life). Sky of mercy, sky of fear (A dream of life). Sky of memory and shadow (A dream of life). Your burnin' wind fills my arms tonight. Sky of longing and emptiness (A dream of life). Sky of fullness, sky of blessed life. Come on up for the rising. Come on up, lay your hands in mine. Come on up for the rising. Come on up for the rising tonight. Lalala. 
1536548a-69b2-4aaf-8e57-b6cb83b0a8e9;Well, we busted out of class. Had to get away from those fools. We learned more from a three minute record, baby. Than we ever learned in school. Tonight I hear the neighborhood drummer sound. I can feel my heart begin to pound. You say you're tired and you just want to close your eyes. And follow your dreams down. Well, we made a promise we swore we'd always remember. No retreat, baby, no surrender. Like soldiers in the winter's night with a vow to defend. No retreat, baby, no surrender. Now young faces grow sad and old. And hearts of fire grow cold. We swore blood brothers against the wind. Now I'm ready to grow young again. And hear your sister's voice calling us home. Across the open yards. Well, maybe we could cut some place of our own. With these drums and these guitars. 'Cause we made a promise we swore we'd always remember. No retreat, baby, no surrender. Blood brothers in the stormy night with a vow to defend. No retreat, baby, no surrender. Now on the street tonight the lights grow dim. The walls of my room are closing in. There's a war outside still raging. You say it ain't ours anymore to win. I want to sleep beneath peaceful skies. In my lover's bed. With a wide open country in my eyes. And these romantic dreams in my head. 'Cause once we made a promise we swore we'd always remember. No retreat, baby, no surrender. Blood brothers in the stormy night with a vow to defend. No retreat, baby, no surrender. No retreat, baby, no surrender. 
0fa2d4cc-5fdf-42df-9642-8a84a166b86e;Well, I came by your house the other day. Your mother said you went away. She said there was nothing that I could've done. There was nothing nobody could say. Now, me and you, we've known each other. Ever since we were sixteen. I wished I would have known, I wished I could have called you. Just to say goodbye, Bobby Jean. Now, you hung with me when all the others. Turned away, turned up their nose. We liked the same music, we liked the same bands. We liked the same clothes. Yeah, we told each other that we were the wildest. The wildest things we'd ever seen. And I wished you would have told me, I wished I could have talked to you. Just to say goodbye, Bobby Jean. Now, we went walking in the rain. Talking about the pain that from the world we hid. Now, there ain't nobody, nowhere, nohow. Gonna ever understand me the way you did. Well, maybe you'll be out there on that road somewhere. In some bus or train, traveling alone. In some motel room there'll be a radio playing. And you'll hear me sing this song. Well, if you do, you'll know I'm thinking of you. And all the miles in between. And I'm just calling one last time not to change your mind. But just to say I miss you, baby, good luck, goodbye, Bobby Jean. 
438b1d2d-0a01-43eb-acf7-d93086ed9f47;Here in northeast Ohio. Back in eighteen-o-three. James and Danny Heaton. Found the ore that was linin' Yellow Creek. They built a blast furnace. Here along the shore. And they made the cannonballs. That helped the Union win the war. Here in Youngstown. Here in Youngstown. My sweet Jenny I'm sinkin' down. Here darlin' in Youngstown. Well my daddy worked the furnaces. Kept 'em hotter than hell. I come home from 'Nam worked my way to scarfer. A job that'd suit the devil as well. Taconite coke and limestone. Fed my children and make my pay. Them smokestacks reachin' like the arms of God. Into a beautiful sky of soot and clay. Here in Youngstown. Here in Youngstown. Sweet Jenny I'm sinkin' down. Here darlin' in Youngstown. Well my daddy come on the Ohio works. When he come home from World War Two. Now the yard's just scrap and rubble. He said "Them big boys did what Hitler couldn't do. ". These mills they built the tanks and bombs. That won this country's wars. We sent our sons to Korea and Vietnam. Now we're wondering what they were dyin' for. Here in Youngstown. Here in Youngstown. My sweet Jenny I'm sinkin' down. Here darlin' in Youngstown. From the Monongahela valley. To the Mesabi iron range. To the coal mines of Appalachia. The story's always the same. Seven hundred tons of metal a day. Now sir you tell me the world's changed. Once I made you rich enough. Rich enough to forget my name. And Youngstown. And Youngstown. My sweet Jenny I'm sinkin' down. Here darlin' in Youngstown. When I die I don't want no part of heaven. I would not do heaven's work well. I pray the devil comes and takes me. To stand in the fiery furnaces of hell. 
087d1609-4d74-4564-9121-3311e6312d88;I saw her standin' on her front lawn just twirlin' her baton. Me and her went for a ride sir and ten innocent people died. From the town of Lincoln Nebraska with a sawed off. 410 on my lap. Through to the badlands of Wyoming I killed everything in my path. I can't say that I'm sorry for the things that we done. At least for a little while sir me and her we had us some fun. The jury brought in a guilty verdict and the judge he sentenced me to death. Midnight in a prison storeroom with leather straps across my chest. Sheriff when the man pulls that switch sir and snaps my poor head back. You make sure my pretty baby is sittin' right there on my lap. They declared me unfit to live said into that great void my soul'd be hurled. They wanted to know why I did what I did. Well sir I guess there's just a meanness in this world. 
4230498c-de77-4462-ae28-2bd1e574aa90;NA
7265b649-a023-41c2-97de-ba5b0a43f6c3;You and me we were the pretenders. We let it all slip away. In the end what you don't surrender. Well, the world just strips away. Girl, ain't no kindness in the face of strangers. Ain't gonna find no miracles here. Well, you can wait on your blessings, my darling. I got a deal for you right here. I ain't looking for praise or pity. I ain't coming 'round searching for a crutch. I just want someone to talk to. And a little of that human touch. Just a little of that human touch. Ain't no mercy on the streets of this town. Ain't no bread from heavenly skies. Ain't nobody drawing wine from this blood. It's just you and me tonight. Tell me, in a world without pity. Do you think what I'm askin's too much? I just want something to hold on to. And a little of that human touch. Just a little of that human touch. Oh, girl, that feeling of safety you prize. Well, it comes with a hard, hard price. You can't shut off the risk and the pain. Without losing the love that remains. We're all riders on this train. So you've been broken and you've been hurt. Show me somebody who ain't. Yeah I know, I ain't nobody's bargain. But hell, a little touch up and a little paint. You might need something to hold on to. When all the answers, they don't amount to much. Somebody that you could just to talk to. And a little of that human touch. Baby, in a world without pity. Do you think what I'm askin's too much? I just want to feel you in my arms. And share a little of that human touch. Share a little of that human touch. Feel a little of that human touch and you. Feel a little of that human touch. Share a little of that human touch I want. Feel a little of that human touch. Give me a little of that human touch and you. Give me a little of that human touch. Hey, yeah. Alright. Alright now. Ooh. 
75d931ec-3a28-47e0-99f7-3d04930b85da;Woke up this morning, my house was cold. Checked the furnace, she wasn't burnin'. Went out and hopped in my old Ford. Hit the engine but she ain't turnin'. We've given each other some hard lessons lately. But we ain't learnin'. We're the same sad story, that's a fact. One step up and two steps back. Bird on a wire outside my motel room. But he ain't singin'. Girl in white outside a church in June. But the church bells they ain't ringing. I'm sitting here in this bar tonight. But all I'm thinkin' is. I'm the same old story, same old act. One step up and two steps back. It's the same thing night on night. Who's wrong, baby, who's right. Another fight and I slam the door. On another battle in our dirty little war. When I look at myself I don't see. The man I wanted to be. Somewhere along the line I slipped off track. I'm caught movin' one step up and two steps back. There's a girl across the bar. I get the message she's sending. Mmm, she ain't lookin' too married. And me, well, honey, I'm pretending. Last night I dreamed I held you in my arms. The music was never-ending. We danced as the evening sky faded to black. One step up and two steps back (One step up and two steps back). One step up and two steps back (One step up and two steps back). One step up and two steps back. (Ooohooohooo. ). 
0d9649c7-3a86-4b7e-bf58-16ae874e1492;I had a job, I had a girl. I had something going, mister, in this world. I got laid off down at the lumber yard. Our love went bad, times got hard. Now I work down at the car wash. Where all it ever does is rain. Don't you feel like you're a rider. On a downbound train? She just said, "Joe, I gotta go. We had it once, we ain't got it anymore". She packed her bags, left me behind. She bought a ticket on the Central Line. Nights as I sleep, I hear that whistle whining. I feel her kiss in the misty rain. And I feel like I'm a rider. On a downbound train. Last night, I heard your voice. You were crying, crying, you were so alone. You said your love had never died. You were waiting for me at home. Put on my jacket, I ran through the woods. I ran 'til I thought my chest would explode. There in the clearing, beyond the highway. In the moonlight, our wedding house shone. I rushed through the yard, I burst through the front door. My head pounding hard, up the stairs I climbed. The room was dark, our bed was empty, then I heard that long whistle whine. And I dropped to my knees, hung my head and cried. Now I swing a sledgehammer on a railroad gang. Knocking down them cross ties, working in the rain. Now don't it feel like you're a rider. On a downbound train? 
179f299e-24a1-4f4c-8d3e-e79086c71723;I got a dollar in my pocket. There ain't a cloud up above. I got a picture in a locket. That says baby I love you. Well if you didn't look then boys. Then fellas don't go lookin' now. Well here she comes a-walkin'. All that heaven will allow. Say hey there mister bouncer. Now all I wanna do is dance. But I swear I left my wallet. Back home in my workin' pants. C'mon Slim slip me in man. I'll make it up to you somehow. I can't be late I got a date. With all that heaven will allow. Rain and storm and dark skies. Well now they don't mean a thing. If you got a girl that loves you. And who wants to wear your ring. So c'mon mister trouble. We'll make it through you somehow. We'll fill this house with all the love. All that heaven will allow. Now some may wanna die young man. Young and gloriously. Get it straight now mister. Hey buddy that ain't me. 'Cause I got something on my mind. That sets me straight and walkin' proud. And I want all the time. All that heaven will allow. 
1a2bea32-4558-40f8-b6bf-a3a506d05af2;Well, it's Saturday night. You're all dressed up in blue. I been watching you awhile. Maybe you been watching me too. So somebody ran out. Left somebody's heart in a mess. Well, if you're looking for love. Honey, I'm tougher than the rest. Some girls they want a handsome Dan. Or some good-lookin' Joe. On their arms some girls. Like a sweet-talkin' Romeo. Well, 'round here, baby. I learned you get what you can get. So if you're rough enough for love. Honey, I'm tougher than the rest. Yeah, the road is dark. And it's a thin, thin line. But I want you to know. I'll walk it for you any time. Maybe your other boyfriends. Couldn't pass the test. Well, if you're rough and ready for love. Honey, I'm tougher than the rest. Well, it ain't no secret. I've been around a time or two. Well, I don't know, baby. Maybe you've been around too. Well, there's another dance. All you gotta do is say yes. And if you're rough and ready for love. Honey, I'm tougher than the rest. If you're rough enough for love. Baby, I'm tougher than the rest. 
0d1d10d9-440b-4c69-94c2-574573086daa;Bobby's got a gun that he keeps beneath his pillow (oh yeah). Out on the street your chances are zero (oh yeah). Take a look around you (come on down). It ain't too complicated. You're messin' with Murder Incorporated. Now you check over your shoulder everywhere that you go (oh yeah). Walkin' down the street, there's eyes in every shadow (oh yeah). You better take a look around you (come on down). That equipment you got's so outdated. You can't compete with Murder Incorporated. Everywhere you look now there's Murder Incorporated. So you keep a little secret down deep inside your dresser drawer. From dealing with the heat you're feelin' down on the killin' floor. No matter where you step you feel you're never out of danger. So the comfort that you keeps a gold-plated snub-nose thirty-two. I heard that you. You got a job downtown, man it leaves your head cold (oh yea). And everywhere you look life ain't got no soul (oh yeah). That apartment you live in feels like it's just a place to hide. When your walkin' down the streets you won't meet no one eye to eye. Now the cops reported you as just another homicide. I can tell that you was just frustrated. from livin' with Murder Incorporated. Incorporated. Everywhere you look now. Murder Incorporated. Down on your knees. Murder Incorporated. Everywhere that you turn it's murder Incorporated. 
0aabf235-5e0f-4518-be89-8c76f6852eca;Hey, Eddie, can you lend me a few bucks? Tonight can you get us a ride? Got to make it through the tunnel. Got a meeting with a man on the other side. Hey Eddie, this guy, he's the real thing. So if you want to come along, you gotta promise you won't say anything. 'Cause this guy don't dance. And the word's been passed this is our last chance. We gotta stay cool tonight, Eddie. 'Cause man, we got ourselves out on that line. And if we blow this one. They ain't gonna be looking for just me this time. And all we gotta do is hold up our end. Here, stuff this in your pocket, it'll look like you're carrying a friend. And remember, just don't smile. Change your shirt, 'cause tonight we got style. Well, Cherry says she's gonna walk. 'Cause she found out I took her radio and hocked it. But Eddie, man, she don't understand. That two grand's practically sitting here in my pocket. And tonight's gonna be everything that I said. And when I walk through that door, I'm just gonna throw that money on the bed. She'll see this time I wasn't just talking. Then I'm gonna go out walking. 
4391bf24-e524-480a-86dc-523b2b533e9a;Love is real. It is not just in novels or the movies. It is fact. And it is standing here right in front of you. So if you open your eyes. Oh what a sweet discovery. There is hope, and there is joy, and there is acceptance. So now let all of the light that collects on your plants. Keep you warm, make you smile. And I will be there with this pen in my hand. To record all the while. You'll be laughing so loud. That the house would shake with sound. And everything will be as new as the day it was found. Love is real. It is not just in long distance commercials. Or something that you thought you felt back in high school. So I will turn black and white. Become that horoscope you're reading. It predicts something good is on its way. Oh, and then I will send you the world green and blue. In a box through the mail. You can open it up, hold it right in your hand. And be glad that it's there. And be glad that you're there. Now, you can feel all the knots in your stomach start to untie. And suddenly it's not so hard to say you're all right. Love is real. It is not just in poetry and stories. It is truth, and it will follow you. Everywhere you go from now on. So if you'd just cast off your doubt. Then your lips would answer for you. Oh my darling, when you smile, it is like a song. And I can hear it now. And I can hear it now. And I can hear it now. Yes, I can, I can, I can. I can hear it now. I can hear it now. Yeah, I can, I can, I can. I can hear it now. I can hear it now. I can hear it now. Yeah, I can, I can, I can. I can hear it now. I can hear it now. 
a8c0523b-4eff-4803-b82f-b3a759a44ddd;It's just a simple line. I can still hear it all of the time. If I can just hold on tonight. I'll know that nothing. nothing survives. nothing survives. I think I'm turned around. I'm looking up not looking down. and when i'm standing still. watching you run. watching you fall, fall into me. Am I making something worthwhile out of this place? Am I making something worthwhile out of this chase? I am displaced, I am displaced. And she's my friend of all friends. she's still here when everyone's gone. she doesn't have to say a thing. we'll just keep laughing. all night long, all night long. Am I making something worthwhile out of this place? Am I making something worthwhile out of this chase? I am displaced, I am displaced. It's just a simple line. I can still hear it all of the time. If I can just hold on tonight. I know that no one. no one survives,no one survives. 
14f363bd-7d6f-41a9-9ab9-efa4d09f31b9;NA
24a9876c-491b-476a-a4ca-9fb1f70e054a;:. would someone please call a surgeon. who can crack my ribs and repair this broken heart. that you're deserting for better company. I can't accept that it's over. and I will block the door like a goalie tending the net. in the third quarter of a tied-game rivalry. so just say how to make it right. and I swear I'll do my best to comply. tell me am I right to think that there could be nothing better. than making you my bride and slowly growing old together. :. I feel I must interject here. you're getting carried away feeling sorry for yourself. with these revisions and gaps in history. so let me help you remember. I've made charts and graphs that should finally make it clear. I've prepared a lecture on why I have to leave. so, please, back away and let me go. :. I can't my darling, I love you so. :. o-oh, oh. :. tell me am I right to think that there could be nothing better. than making you my bride and slowly growing old together. () :. (tell me, am I right?) don't you feed me lies about some idealistic future. (tell me, am I right?) your heart won't heal right if you keep tearing out the sutures. :. I know that I have made mistakes. and I swear I'll never wrong you again. :. you've got allure I can't deny. but you've had your chance, so say goodbye. say goodbye. 
9b1f302f-b5a6-44e6-be8e-7d5dc201ab0c;So you lost your trust. And you never should have. And you never should have. But don't break your back. If you ever see this. Don't answer that. In a bullet-proof vest. With the windows all closed. I'll be doing my best. I'll see you soon. In a telescope lens. And when all you want is friends. I'll see you soon. So they came for you. They came snapping at your heels. They come snapping at your heels. But don't break your back. If you ever say this. But don't answer that. In a bullet-proof vest. With the windows all closed. I'll be doing my best. I'll see you soon. In a telescope lens. And when all you want is friends. I'll see you soon. I'll see you soon. I know, you lost your trust. I know, you lost your trust. I know, don't lose your trust. I know, you lost your trust. 
04bf8d50-6fc8-493b-b478-a7dc4190e9b7;Lately I've been wishing I had one desire. Something that would make me never want another. Something that would make it so that nothing matters. All would be clear then. But I guess I'll have to settle for a few brief moments. And watch it all dissolve into a single second. And try to write it down into a perfect sonnet. Or one foolish line. 'Cause that's all that you'll get. So you'll have to accept. You are here then you're gone. But I believe that lovers should be tied together. Thrown into the ocean in the worst of weather. Left there to drown. Left there to drown in their innocence. But as for me, I'm coming to the final chapter. I read all of the pages and there's still no answer. Only all that was before, I know must soon come after. That's the only way it can be. So I stand in the sun. And I breathe with my lungs. Trying to spare me the weight of the truth. Saying everything you've ever seen was just a mirror. You've spent your whole life sweating in an endless fever. And laying in a bathtub full of freezing water. Wishing you were a ghost. But once you knew a girl and you named her lover. Danced with her in kitchens through the greenest summer. Autumn came, she disappeared, you can't remember. Where she said she was going to. But you know that she's gone. 'Cause she left you a song. That you don't want to sing. Singing I believe that lovers should be chained together. Thrown into a fire with their songs and letters. Left there to burn. Left there to burn in their arrogance. But as for me, I'm coming to my final failure. I've killed myself with changes trying to make things better. Ended up becoming something other. Than what I had planned to be. All right. Now I believe that lovers should be draped in flowers. And laid entwined together on a bed of clover. Left there to sleep. Left there to dream of their happiness. 
54b6f071-23c1-42f2-a971-8dda457fa578;You'll be given love. You'll be taken care of. You'll be given love. You have to trust it. Maybe not from the sources. You have poured yours. Maybe not from the direction. You are staring at. Twist your head around. It's all around you. All is full of love. All around you. (All is full of love). You just ain't receiving. (All is full of love). Your phone is off the hook. (All is full of love). Your doors are all shut. (All is full of love). In any language,. (all is full of love). All is full of love. (all is full of love). All is full of love. (all is full of love). Yeah. All is full of love. All is full of love. All is full of love. All is full of love. 
f2e8cdfe-2b1e-4cc4-810e-2b675f438039;Sometimes in the morning I am petrified and can't move. Awake, but cannot open my eyes. And the weight is crushing down on my lungs, I know I can't breathe. And hope someone will save me this time. And your mother's still calling you insane and high. Swearing it's different this time. And you tell her to give in to the demons that possess her. And that God never blessed her insides. Then you hang up the phone and feel badly for upsetting things. Crawl back into bed to dream of a time. When your heart was open wide and you loved things just because. Like the sick and the dying. And sometimes when you're on, you're really fucking on. And your friends they sing along and they love you. But the lows are so extreme that the good seems fucking cheap. And it teases you for weeks in its absence. But you'll fight and you'll make it through. You'll fake it if you have to and you'll show up for work with a smile. You'll be better and you'll be smarter and more grown up. And a better daughter or son and a real good friend. And you'll be awake, you'll be alert, you'll be positive though it hurts. And you'll laugh and embrace all your friends. You'll be a real good listener, you'll be honest, you'll be brave. You'll be handsome and you'll be beautiful. You'll be happy. Your ship may be coming in. You're weak, but not giving in. To the cries and the wails of the valley below. And your ship may be coming in. You're weak, but not giving in. And you'll fight it, you'll go out fighting all of them. 
05b20f89-4ef9-4051-9613-3f281114752e;I'm in love with the world through the eyes of a girl who's still around the morning after. We broke up a month ago and I grew up, I didn't know I'd be around the morning after. It's always been "Wait and see", a happy day, and then you pay, and feel like shit the morning after. But now I feel changed around, and instead of falling down I'm standing up the morning after. Situations get fucked up and turned around sooner or later. I could be another fool or an exception to the rule. You tell me the morning after. Crooked spin can't come to rest. I'm damaged bad at best. She'll decide what she wants. I'll probably be the last to know, no one says until it shows. See how it is. They want you or they don't say yes. I'm in love with the world through the eyes of a girl who's still around the morning after. 
56943a4e-9df6-41f9-8415-0390e7319aee;Well, I sincerely miss those heavy metal bands. I used to go see on the landing in the summer. She fell in love with the drummer. She fell in love with the drummer. She fell in love. Shiny, shiny pants and bleached blonde hair. A double kick drum by the river in the summer. She fell in love with the drummer. Another, then another. She fell in love. I miss the innocence I've known. Playing KISS covers, beautiful and stoned. Unlock my body and move myself to dance. Into warm liquid, flowing, blowing glass. Classical music blasting masks the ringing in my ears. Oh, I sincerely miss those heavy metal bands. I used to go to see on the landing in the summer. She fell in love with the drummer. She fell in love with another. She fell in love. I miss the innocence I've known. Playing KISS covers, beautiful and stoned. I miss the innocence I've known. Playing KISS covers, beautiful and stoned. Playing KISS covers, beautiful and stoned. Playing KISS covers, beautiful and stoned. 
db05cf75-401a-459d-9fc4-1c8ff8e6a4d3;Martha, my dear. Though I spend my days in conversation, please. Remember me. Martha, my love. Don't forget me. Martha, my dear. Hold your head up, you silly girl. Look what you've done. When you find yourself in the thick of it. Help yourself to a bit of what is all around you. Silly girl. Take a good look around you. Take a good look, you're bound to see. That you and me were meant to be. For each other. Silly girl. Hold your hand out, you silly girl. See what you've done. When you find yourself in the thick of it. Help yourself to a bit of what is all around you. Silly girl. Martha, my dear. You have always been my inspiration, please. Be good to be. Martha, my love. Don't forget me. Martha, my dear. 
055b1014-6d3e-49cb-8a61-f3508a32c492;Stephanie says that she wants to know. Why she's given half her life to people she hates now. Stephanie says when answering the phone. What country shall I say is calling from across the world. But she's not afraid to die. The people all call her Alaska. Between worlds, so the people ask her. 'Cause it's all in her mind. It's all in her mind. Stephanie says that she wants to know. Why it is though she's the door, she can't be the room. Stephanie says but doesn't hang up the phone. What seashell she is calling from across the world. But she's not afraid to die. The people all call her Alaska. Between worlds, so the people ask her. 'Cause it's all in her mind. It's all in her mind. They're asking is it good or bad. It's such an icy feeling. It's so cold in Alaska. It's so cold in Alaska. It's so cold in Alaska. 
5bc1a05b-93d1-4a07-9ba5-735dd226f7fa;I waited till I saw the sun. I don't know why I didn't come. I left you by the house of fun. I don't know why I didn't come. I don't know why I didn't come. When I saw the break of day. I wished that I could fly away. Instead of kneeling in the sand. Catching teardrops in my hand. My heart is drenched in wine. But you'll be on my mind forever. Out across the endless sea. I will die in ecstasy. But I'll be a bag of bones. Driving down the road alone. My heart is drenched in wine. But you'll be on my mind forever. Something has to make you run. I don't know why I didn't come. I feel as empty as a drum. I don't know why I didn't come. I don't know why I didn't come. I don't know why I didn't come. 
06146e98-9abd-4226-a167-ae75ea586694;Smeared black ink. Your palms are sweaty. And I'm barely listening. To last demands. I'm staring at the asphalt wondering. What's buried underneath. Where I am. I wear my badge. A vinyl sticker with big block letters. Adhering to my chest. That tells your new friends:. I am a visitor here, I am not permanent. And the only thing. Keeping me dry is. (Where I am). You seem so out of context. In this gaudy apartment complex. A stranger with your door key. Explaining that I'm just visiting. And I am finally seeing. Why I was the one worth leaving. Why I was the one worth leaving. D. C. sleeps alone tonight. (Where I am). You seem so out of context. In this gaudy apartment complex. A stranger with your door key. Explaining that I'm just visiting. And I am finally seeing. Why I was the one worth leaving. Why I was the one worth leaving. (Where I am). The district sleeps alone tonight. After the bars turn out their lights. And send the autos swerving. Into the loneliest evening. And I am finally seeing. Why I was the one worth leaving. Why I was the one worth leaving. Why I was the one worth leaving. Why I was the one worth leaving. 
89479944-cdc2-4f71-bb89-2aea78c8233e;Fall is here, hear the yell. Back to school, ring the bell. Brand new shoes, walking blues. Climb the fence, books and pens. I can tell that we are gonna be friends. I can tell that we are gonna be friends. Walk with me, Suzy Lee. Through the park and by the tree. We will rest upon the ground. And look at all the bugs we've found. Safely walk to school without a sound. Safely walk to school without a sound. Here we are, no one else. We walk to school all by ourselves. There's dirt on our uniforms. From chasing all the ants and worms. We clean up and now it's time to learn. We clean up and now it's time to learn. Numbers, letters, learn to spell. Nouns and books and show and tell. At playtime we will throw the ball. Back to class, through the hall. Teacher marks our height against the wall. Teacher marks our height against the wall. We don't notice any time pass. We don't notice anything. We sit side-by-side in every class. Teacher thinks that I sound funny. But she likes the way you sing. Tonight I'll dream while I'm in bed. When silly thoughts go through my head. 'Bout the bugs and alphabet. And when I wake tomorrow, I'll bet. That you and I will walk together again. I can tell that we are gonna be friends. Yes, I can tell that we are gonna be friends. 
024d55ba-74ec-446e-8de4-4e6a56cd0dee;Go back to sleep now. My darlin. And I'll keep all the bad dreams away. Breathe now, think sweet things. And I'll think of all the right words to say. Because we made you. My darlin. With the love in each of our hearts. We were a family, my darlin. Right from the start. Grow up now. My darlin. Please don't you grow up too fast. And be sure, darlin. To make all the good times last. Because we made you. My darlin. With the love in each of our hearts. We were a family, my darlin. Right from the start. 
49e82d48-7d05-4f2c-ba49-f30cec5a154d;Looking out a dirty old window. Outside the cars in the. City go rushing by. I sit here alone. And I wonder why. Friday night and everyone's moving. I can feel the heat. But it's shooting. Heading down. I search for the beat in this dirty town. Down town the young ones are going. Down town the young ones are growing. We're the kids in America. We're the kids in America. Everybody live for the music-go-round. Bright lights the music gets faster. Look boy, don't check on your watch. Not another glance. I'm not leaving now, honey not a chance. Hot-shot, give me no problems. Much later baby you'll be saying never mind. You know life is cruel, life is never kind. Kind hearts don't make a new story. Kind hearts don't grab any glory. We're the kids in America. We're the kids in America. Everybody live for the music-go-round. Come closer, honey that's better. Got to get a brand new experience. Feeling right. Oh don't try to stop baby. Hold me tight. Outside a new day is dawning. Outside Suburbia's sprawling everywhere. I don't want to go baby. New York to East California. There's a new wave coming I warn you. We're the kids in America. We're the kids in America. Everybody live for the music-go-round. We're the kids in America. We're the kids in America. We're the kids in America. Everybody live for the music-go-round. 
416ff6c8-bc55-478b-a31d-9a1b787dada9;Come on, Eileen. Come on, Eileen. Poor old Johnnie Ray. Sounded sad upon the radio. He moved a million hearts in mono. Our mothers used to sing along. Who'd blame them? You're grown, (you're grown up). So grown (so grown up). Now I must say more than ever. (Come on Eileen) Too-ra loo-ra too-ra loo-rye aye. And we can sing just like our fathers. Come on Eileen, oh I swear (well he means). At this moment, you mean everything. You in that dress, oh my thoughts I confess. Verge on dirty. Ah, come on Eileen. (Come on, Eileen). These people 'round here. Wear beaten down eyes. Sunk in smoke dried faces. Resigned to what their fate is. But not us, (no never) no not us (no never). We are far too young and clever. (Remember). Too-ra loo-ra too-ra loo-rye aye. Eileen, I'll hum this tune forever. Too-ra loo-ra too-ra loo-rye aye. Eileen, I'll hum this tune forever. Come on Eileen, oh I swear (well he means). Ah come on, let's take off everything (everything). That pretty red dress, oh Eileen (tell him yes). Ah, come on lets. Ah, come on Eileen. Come on, Eileen, oh, I swear (well he means). At this moment, you mean everything. Come on, Eileen ta-loo rye aye. Come on, Eileen ta-loo rye aye. Too-ra, too-ra, ta-loo ra. Oh, Eileen. I said come on, Eileen (Come on, Eileen ta-loo-rye aye). Oh, come on, Eileen (Come on, Eileen ta-loo-rye aye). (Toora, toora, ta-loora). We are far too young and clever. And things won't ever change. And I say. Too-ra loo-ra too-ra loo-rye aye. Come on, Eileen oh. I swear that you mean. At this moment you mean everything to me. Oh, Eileen. Oh, Eileen. You mean everything. 
f21826a9-b2c7-48d2-aeae-4e8055784b1a;And here's to you. Mrs. Robinson,. Jesus loves you more than you will know,. Woah woah woah,. God bless you please. Mrs. Robinson,. Heaven holds a place for those who pray,. Hey hey hey. We'd like to know a little bit about you for our files,. We'd like to help you to learn to help yourself,. Look around you all you see are sympathetic eyes. Stroll around the grounds until you feel at home,. And here's to you. Mrs. Robinson. Jesus loves you more than you will know. Woah woah woah,. God bless you please. Mrs. Robinson. Heaven holds a place for those who pray. Hey hey hey. Hide it in a hiding place where no one ever goes,. Put it in your pantry with your cupcakes,. It's a little secret just the Robinsons' affair,. Most of all you got to hide it from the kids and coo coo cachoo. Mrs. Robinson. Jesus loves you more than you will know. Woah woah woah. God bless you please. Mrs. Robinson. Heaven holds a place for those who pray. Hey hey hey. Sitting on a sofa on a Sunday afternoon. Going to the candidates debate. Laugh about it shout about when you got to choose. Every way you look at it you lose. Where have you gone Joe DiMaggio. our nation turns its lonely eyes to you? Woo woo woo,. What's that you say Mrs. Robinson? Joltin' Joe has left and gone away. Hey hey hey. 
09745899-c1a9-4582-b3f6-43cbedfc83dd;NA
b294ccbd-672f-4e10-8a92-e62e06bc6203;Well if you ever plan to motor west. Travel my way, take the highway that's the best. Get your kicks on Route 66. Well it winds from Chicago to LA. More than two thousand miles all the way. Get your kicks on Route 66. Well it goes to St. Louis, down to Missouri. Oklahoma City looks oh, so pretty. You'll see Amarillo, Gallup, New Mexico. Flagstaff, Arizona, don't forget Winona. Kingman, Barstow, San Bernardino. If you get hip to this kind of tip. I think I'll take that California trip. Get your kicks on Route 66. 
04624300-267e-4299-8b48-369db772d52e;There must be some way out of here. Said the joker to the thief. There's too much confusion here. I can't get no relief. Businessmen they drink my wine. Plowmen dig my earth. None of them know along the line. What any of this is worth, yeah. No reason to get excited. The thief, he kindly spoke. There are many among us. Who think that life is but a joke. But you and I, we've been through that. And that is not our fate. So let us not talk falsely now. Because the hour is getting late. Hey, hey, hey. All along the watchtower. Ten princes kept the view. While horsemen came and went. Barefoot servants too. (Yeah. Rock 'n' Roll stops the traffic). All I got is a red guitar. Three chords. And the truth. All I got is a red guitar. The rest is up to you. There's no reason to get excited. The thief, he kindly spoke. There are some among us here. Say that life is just a joke. You and I, we've been through that. And that is not our fate. At least today. So let us not talk falsely now. Because the hour is getting late. Late. 
6df41a0d-47f3-4072-8a05-acd89d8c620a;(MTV Rock n Roll Inaugural Ball featuring Michael Stipe). [announcer intro]. Those schoolgirl days. of telling tales and biting nails are gone. But in my mind. I know they will. live on and on. But how do you thank someone. who has taken you from crayons to perfume. It isn't easy but I'll try. If you wanted the sky I would write across the sky. In letters that would soar a thousand feet high. To sir with love. The time has come. for closing books and long last looks must end. And as I leave. I know that I am leaving my best friend. A friend who taught me right from wrong. and weak from strong. That's a lot to learn. What can I give you in return. If you wanted the moon I would try to make a start. But I would rather you let me give my heart. To sir with love. But how do you thank someone. who has taken you from crayons to perfume. It isn't easy but I'll try. If you wanted the sky I would write across the sky. In letters that would soar a thousand feet high. To sir with love. If you wanted the moon I would try to make a start. But I would rather you let me give my heart. To sir with love. If you wanted the moon I would try to make a start. But I would rather you let me give my heart. To sir with love. 
36a9ed03-e46f-4cf7-b305-d8aa66fc5a32;Written by gordon mills and leslie reed. It's not unusual to be loved by anyone. It's not unusual to have fun with anyone,. But when I see you hanging around with anyone,. It's not unusual to see me cry. Oh, I wanna die. It's not unusual to go out at anytime,. But when I see you out and about,. It's such a crime. If you should ever wanna be loved by anyone,. It's not unusual. It happens everyday,. No matter what you say,. You know it happens all the time. Love will never do what you want it to. Why can't this crazy love be mine?. It's not unusual to be mad with anyone. It's not unusual to be sad with anyone,. But if I ever found that you'd change at anytime,. It's not unusual to find out I'm in love with you. 
bddad8f2-43f0-47ae-b605-4bb6f5a3e830;She lived on the curve in the road. In an old tar paper shack. On the south side of the town. On the wrong side of the tracks. Sometimes on the way into town. We'd say, "Mama can we stop and give her a ride?". Sometimes we did. But her hands flew from her side. Wild eyed. Crazy Mary. Down the long dirt road. Past the Parson's place. That old blue car. We used to race. Little country store with a sign tacked to the side. Said 'NO L-O-I-T-E-R-I-N-G ALLOWED. '. Underneath that sign always congregated quite a crowd. Take a bottle drink it down. Pass it around. Take a bottle drink it down. Drink it. Pass it around. Pass it a. A-take a bottle drink it down. Pass it. Pass it a. Pass it around. One night thunder cracked. Mercy backed outside my windowsill. Dreamed I was flying. High above the trees, over the hills. Looked down into the house of Mary. Terrible thoughts, newspaper covered walls. And Mary rising up above it all. Oh. Oh. Oh. Next morning on the way into town. Saw some skid marks and followed them around. Over the curve,. Through the fields,. Into the house of Mary. That what you fear the most could meet you halfway. (x2). Take a bottle drink it down. Pass it around. Take a bottle drink it down. Pass it. Pass it around. Pass it a. Take a bottle drink it down. Pass it. Pass it a. Pass it around. Oh, pass it a. Pass it arround. Pass it a. Pass it a. Pass it a. Oh yeah. 
402cd234-e0eb-4b5a-9d5d-b8c83580d330;One laugh in the middle of a struggle,. Diamond at the bottom of a puddle. Did you ever stare at the moon, 'till you saw double,. I hear you walk away from trouble. Good love, there ain't no denying,. Say bad love, somebody ain't trying. Did you ever walk some place, just take time,. Or take the fast road and get going. And then the rules break, there's no mistake,. These are precious times, you and I,. We walk the line. We walk the line. I looked in a frying pan,. I sang a song. I looked at a dying man. He sang along. 
345ce241-49ea-42ce-a3f9-74ba50e28e59;At first I was afraid. I was petrified. I kept thinking I could never live. Without you by my side. But then I spent so many nights. Just thinking how you've done me wrong. I grew strong. I learned how to get along. And so you're back. From outer space. I just walked in to find you. Here without that look upon your face. I should have changed my fucking lock. I would have made you leave your key. If I'd have known for just one second. You'd be back to bother me. Oh now go. Walk out the door. Just turn around now. You're not welcome anymore. Weren't you the one. Who tried to break me with desire? Did you think I'd crumble? Did you think I'd lay down and die? Oh not I. I will survive. Yeah. As long as I know how to love. I know I'll be alive. I've got all my life to live. I've got all my love to give. I will survive. I will survive. Yeah, yeah. It took all the strength I had. Just not to fall apart. I'm trying hard to mend the pieces. Of my broken heart. And I spent oh so many nights. Just feeling sorry for myself. I used to cry. But now I hold my head up high. And you see me. With somebody new. I'm not that stupid little person. Still in love with you. And so you thought you'd just drop by. And you expect me to be free. But now I'm saving all my lovin'. For someone who's lovin' me. Oh now go. Walk out the door. Just turn around now. You're not welcome anymore. Weren't you the one. Who tried to break me with desire? Did you think I'd crumble? Did you think I'd lay down and die? Oh not I. I will survive. Yeah. As long as I know how to love. I know I'll be alive. I've got all my life to live. I've got all my love to give. I will survive. I will survive. Yeah, yeah. Da da, da da, da da dada. Da, da, da, da, dada dada dada dada. Oh no. 
8a3ad147-bdcd-4d48-9b46-fd797af81dd8;Finished with my woman. 'cause she couldn't help me with my mind. People think I'm insane because I'm frowning all the time. Paranoid, paranoid, make me paranoid. Paranoid, paranoid, make me paranoid. Paranoid, paranoid, make me paranoid. Paranoid, paranoid, yeah. All day long I think of things but nothing seems to satisfy. Think I'll lose my mind if I don't find something to pacify. Paranoid, paranoid, can you feel it? Paranoid, paranoid, thought you were my friend. Paranoid, paranoid, oh yeah. 
1b8b0a34-179b-4a51-a77b-90b3c1f05ad7;Childhood living is easy to do. The things that you wanted, I bought them for you. Graceless lady, you know who I am. You know I can't let you slide through my hands. Wild horses couldn't drag me away. Wild horses couldn't drag me away. I watched you suffer a dull, aching pain. And now you've decided to show me the same. No sweeping exits or offstage lines. Could make me feel bitter or treat you unkind. Wild horses couldn't drag me away. Wild, wild horses couldn't drag me away. Faith has been broken and tears must be cried. Let's do some living after we die. Wild horses couldn't drag me away. Wild, wild horses couldn't drag me away. Wild, wild horses, we'll ride them someday. Wild, wild horses, we'll ride them someday. 
e19049e9-0832-449b-8473-3b33aa4ccb38;Load up on guns and bring your friends. It's fun to lose and to pretend. She's over bored and self-assured. Oh no, I know a dirty word. Hello, hello, hello, hello. Hello, hello, oh. I'm worse at what, what I do best. And for this gift I feel blessed. Our little group has always been. And always will be until the end. Hello, hello, hello, hello. Hello, hello. With the lights out it's less dangerous. Here we are now, entertain us. I feel stupid and contagious. Here we are now, entertain us. Hello, hello. With the lights out it's less dangerous. Here we are now, entertain us. I feel stupid and contagious. Here we are now, entertain us. Yes. A mulatto, an albino, a mosquito, my libido. A denial, a denial, a denial, yes. A denial. 
42c28ee3-e9cb-410a-8275-3cd82f5edda5;NA
bbfa4636-af08-4cbc-9c20-fcba052aa38a;I've been turned on. In that little room. And I am all caved in now like a cat. I've woken up. 'Cause you've spoken up. I'm catatonic but ready to roll. Drift sense of time. Turning round on a dime. Crossed the thin line. As I'm waving goodbye. You saved my life. Now once or twice. And I'm not willing to let it go. Mountains of your head. Come back in dreams. And I'm thinking true pencil thoughts. Hell hath no fury. I'm restless but weak. What's on your mind. If it's on your tongue you should speak. Speak. It's true. She was spinning and. She was hinting at. And sweeping dust in and out of rooms. What could I do? I'm asking you. I made myself invisible to her. Hell hath no fury. I'm restless but weak. What's on your mind. If it's on your tongue you should speak. Speak. It's true. 
472b6692-5d37-4784-90b6-3457ae58675a;"well i burned all my travellers Cheques. Just to show you my respect. Then I hung myself out to dry. And You looked at me and asked me why. So I said I dont mind if I lose. Cos if I win ill be so confused. But thats not what you'd expect. From the man whose plan is already wrecked. And if you need to kiss me. You'll most definitely miss me. When im gone. Well there's a thousand things i shouldn't do. But if I do them I should do them with you. So wont you fall into my arms again. And hold me for the world may end. And if you need to kiss me. You'll most definitely miss me. When im gone. God you make me sing funny things about you. You infect my mind all the time you do. Well I just cant contain myself. In fact im worried i might lose my health. I cant eat sleep or hardly breathe. I can hardly ever watch you leave. And if you need to kiss me. You'll most definitely miss me. When im gone. God you make me sing funny things about you. You infect my mind all the time you do. ". 
df36d64a-c116-45b7-b507-f214a9a3d03d;Lost in a lullaby. Side of the road. Melt in a memory. Slide in a solitude. Not till I can read by the moon. Am I going anywhere. Not till I can read by the moon. I blow you a kiss. It should reach you tomorrow. As it flies from the other side of the world. From my room in my fugitive motel. Somewhere in the dust bowl. It flies from the other side of the world. "I'm tired," I said. "You always look tired," she said. "I'm admired," I said. "You always look tired," she said. Not till I can read by the moon. Am I going anywhere. Not till I can read by the moon. I blow you a kiss. It should reach you tomorrow, reach you tomorrow. It flies from the other side of the world. From my room in my fugitive motel. Somewhere in the dust bowl, somewhere in the dust bowl. It flies from the other side of the world. Curtains stay closed. But everyone knows. You hear through the walls in this place. Cigarette holes for every lost soul. To give up the ghost in this place. Give me strength. Give me wings. I blow you a kiss. It should reach you tomorrow, reach you tomorrow. It flies from the other side of the world. From my room in my fugitive motel. Somewhere in the dust bowl, somewhere in the dust bowl. It flies from the other side of the world. 
4169a07d-abac-49b0-a12b-59a9c0e92fd5;Things seem so much better when. They're not part of your close surroundings. Like words in a letter sent. Amplified by the distance. Possibilities and sweeter dreams. Sights and sounds calling form far away. Calling from far away. I didn't know you then, now did I girl? I couldn't hear you singing softly to me. I didn't know you then, now did I girl? I didn't see the brave girl so near me. I didn't know you then, now did I girl? I couldn't hear you sing softly to me. I wanted a mystery that couldn't be solved. I wanted a puzzle with pieces missing. I wanted a story that couldn't be told. Only the fishing part of fishing. I didn't know you then, now did I girl? I couldn't hear you singing softly to me. I didn't know you then, now did I girl? I didn't see the brave girl so near me. I didn't know you then, now did I girl? I couldn't hear you sing softly to me. And now I find. It was you all the time. I'm in love again-. It's too late now. 
32a71390-e88a-454f-a8dd-ac9162ea32f4;NA
436482c0-533f-455e-9bfe-1dfe7a2cfecc;Battle cries. We make a swift retreat. Paradise, it don't come cheap. Square up to fight. Like dynamite. The flight is young. We're getting deep. without an aqualung. Our will is strong. We've got to work out where we're. going wrong. Buttercup. I think we missed our turn. Back it up. You think I'd learn. Your gelignite. Sets truth alight. The flight is young. We're getting deep. without an aqualung. Our time is long. We've got to find out. where we're coming from. Square up to the fight. Like dynamite. The flight is young. We're getting deep. without an aqualung. Our will is strong. We've got to work out where we're. going wrong. Light years from here. We're going to burn up. in the atmosphere. It's crystal clear. We're coming swinging. on a chandelier. 
a275f7b2-fe63-425d-a1e0-4aa26c83e928;I've been drinking. and I've been thinking of you. Now I know,. I know the snow will let me know,. I been trying. but I've been lying to you,. Now I know,. I know the time will get me through. But any time I let you know. it's just a time to let me know. what it's all about. Rain falls for wind. You're only ever on my mind. Rain falls for wind. You're only ever on my mind. I've been drinking. and I've been thinking of you. Now I know,. I know the snow will let me know,. Rain falls for wind. You're only ever on my mind. Rain falls for wind. You're only ever on my mind. Rain falls for wind. You're only ever on my mind. You never ever have the time. When I see you smile. Rain falls for wind. You're only ever on my mind. You never ever have the time. When I see you smile. 
213cbdc9-799d-452d-9359-0cef970016a8;NA
3a2c83d8-53b7-46f9-88bf-b681b97b0a5e;I got sunburnt waiting for the jets to land. Circus people with hairy little hands. Come on, boys, strike up the army band. I got sunburnt waiting for the jets. How do you feel? How do you feel? I can't seem to see through solid marble eyes. Fiery pianos wash up on a foggy coast. Squeaky old organs have given up the ghost. Fire them up and kill the pianobirds. There's creaky old organs burning on the coast. How do you feel? How do you feel? I can't seem to breathe with a rusted metal heart. I can't seem to see through solid marble eyes. 
3c93257b-ba75-4c9c-92db-d75b05da067a;NA
f9cfdebe-edf3-4d3b-94e7-7b7c364a9206;When you were here before. Couldn't look you in the eye. You're just like an angel. Your skin makes me cry. You float like a feather. In a beautiful world. I wish I was special. You're so fuckin' special. But I'm a creep. I'm a weirdo. What the hell am I doin' here? I don't belong here. I don't care if it hurts. I wanna have control. I want a perfect body. I want a perfect soul. I want you to notice. When I'm not around. You're so fuckin' special. I wish I was special. But I'm a creep. I'm a weirdo. What the hell am I doin' here? I don't belong here, oh, oh. She's running out the door. She's running out. She run, run, run, run. Run. Whatever makes you happy. Whatever you want. You're so fuckin' special. I wish I was special. But I'm a creep. I'm a weirdo. What the hell am I doin' here? I don't belong here. I don't belong here. 
60aa0f25-5b2b-477a-80a3-a4cd86c1af24;Bones sinking like stones all that we've fought for. Homes, places we've grown, all of us are done for. And we live in a beautiful world, yeah we do, yeah we do. We live in a beautiful world. Bones sinking like stones, all that we've fought for. Homes, places we've grown, all of us are done for. And we live in a beautiful world, yeah we do, yeah we do. We live in a beautiful world. And we live in a beautiful world, yeah we do, yeah we do. We live in a beautiful world. Oh all that I know, there's nothing here to run from. 'Cause yeah, everybody here's got somebody to lean on. 
c8858315-d6ea-455b-abe4-c298e3118e65;Ben, the two of us need look no more. We both found what we were looking for. With a friend to call my own. I'll never be alone. And you my friend will see. You've got a friend in me. Ben, you're always running here and there. You feel you're not wanted anywhere. If you ever look behind. And don't like what you find. There's something you should know. You've got a place to go. I used to say "I" and "me". Now it's "us", now it's "we". Ben, most people would turn you away. I don't listen to a word they say. They don't see you as I do. I wish they would try to. I'm sure they'd think again. If they had a friend like Ben. Like Ben. Like Ben. 
8ef66b3c-7755-4009-9b52-b84c007ae966;People are strange when you're a stranger. Faces look ugly when you're alone. Women seem wicked when you're unwanted. Streets are uneven when you're down. When you're strange. Faces come out of the rain. When you're strange. No one remembers your name. When you're strange. When you're strange. When you're strange. People are strange when you're a stranger. Faces look ugly when you're alone. Women seem wicked when you're unwanted. Streets are uneven when you're down. When you're strange. Faces come out of the rain. When you're strange. No one remembers your name. When you're strange. When you're strange. When you're strange. 
12cb712c-80c1-494c-9c5c-56e67eb98ca9;Hold me down, I'm gonna fly straight to heaven. Hold me down, don't ever let go. I've been around, you know I can't stay forever. And when I leave, I want you to know. When I'm finally gone, I'm gonna be gone without a trace. There's a lot of good times ahead before we're done. And on top of this list of things, before I leave this place. You are my number one, yes you are my number one. 'Cause you can tell me lies, you know that I'd still believe you (say wha'?). Stay right here, don't leave from that spot (come right back here, my girl). I can't go, you know I'm afraid to leave you. Don't you know? You're all that I've got. I'm afraid if you go, you might disappear behind a mist. And I'd rather be hung from a tree or shot by a gun. And of all of these things that matter here upon my list. You are my number one, yes you are my number one. You are my number one (say so). Trying to make it clear (good gosh). Trying to let you know. When you're afraid. I'm gonna be there. . (Ska lyrics). When I'm finally gone, I'm gonna be gone without a trace. There's a lot of good times ahead before we're done. And and and on top of this list of things before I leave this place. You are my number one. Yeah, you are my number one. Whoa baby, said you are my number one. You are my number one. 
0d075053-e6ec-4057-853d-b752f85a5e4c;I need your arms around me. I need to feel your touch. I need your understanding. I need your love, so much. You tell me that you love me so. You tell me that you care. But when I need you. (baby). Baby,. (you're never there). On the phone long, long distance. Always through such strong resistance. First you say you're too busy. I wonder if you even miss me. Never there. You're never there. You're never, ever, ever, ever there. A golden bird that flies away. A candle's fickle flame. To think I held you yesterday. Your love was just a game. A golden bird that flies away. A candle's fickle flame. To think I held you yesterday. Your love was just a game. You tell me that you love me so. You tell me that you care. But when I need you. (baby). Baby! Take the time to get to know me. If you want me why can't you just show me. We're always on this roller coaster. If you want me why can't you get closer. Never there. You're never there. You're never, ever, ever, ever there. Never there. You're never there. You're never, ever, ever, ever there. 
5a78142b-831a-407c-818f-7a68f3c3891e;You and I got something. But it's all and then it's nothing to me, yeah. And I got my defenses. When it comes to your intentions for me, yeah. And we wake up in the breakdown. Of the things we never thought we could be, yeah. I'm not the one who broke you. I'm not the one you should fear. We got to move you darlin'. I thought I lost you somewhere. But you were never really ever there at all. And I want to get free, talk to me. I can feel you fallin'. And I wanted to be, all you need. Somehow here is gone. I have no solution. To the sound of this pollution in me, yeah. And I was not the answer. So forget you ever thought it was me, yeah. I'm not the one who broke you. I'm not the one you should fear. What do you got to move you darling. I thought I lost you somewhere. But you were never really ever there at all. And I want to get free, talk to me. I can feel you fallin'. And I wanted to be, all you need. Somehow here is gone. And I don't need the fallout. Of all the past that's in between us. And I'm not holding on. And all your lies weren't enough to keep me here. And I want to get free, talk to me. I can feel you fallin'. And I wanted to be, all you need. Somehow here is gone. And I want to get free, talk to me. I can feel you fallin'. I know it's out there, I know it's out there. And I can feel you fallin'. I know it's out there, I know it's out there. Somehow here is gone, yeah. I know it's out there, I know it's out there. Somehow here is gone, yeah. 
5fd30793-ad69-4694-8062-0f362ea1c7a6;Today's the Macy's Day Parade. The night of the living dead is on its way. With the credit report for duty call. It's a lifetime guarantee. Stuffed in a coffin, ten percent more free. Red light special at the mausoleum. Give me something that I need. Satisfaction guaranteed to you. What's the consolation prize? Economy-sized dreams of hope. When I was a kid, I thought. I wanted all the things that I haven't got. Oh, but I learned the hardest way. Then I realized what it took. To tell the difference between thieves and crooks. A lesson learned to me and you. Give me something that I need. Satisfaction guaranteed. 'Cause I'm thinking about a brand new hope, the one I've never known. 'Cause now I know it's all that I wanted. What's the consolation prize? Economy-sized dreams of hope. Give me something that I need. Satisfaction guaranteed. 'Cause I'm thinking about a brand new hope, the one I've never known. And where it goes. And I'm thinking about the only road, the one I've never known. And where it goes. And I'm thinking about a brand new hope, the one I've never known. 'Cause now I know it's all that I wanted. 
32e5bd71-48cb-4486-a171-facd9ed4a86a;You. You were a friend. . You were a friend of mine I let you spend the night. . You see, it was my fault. Of course it was mine. . I'm too hard at work. . Have you ever heard of anything so absurd ever in your life?. I'm sorry for wasting your time. . Who am I to say this situation isn't great?. When it's my job to make the most of it. Of course I didn't know that it would happen to me. . Not that easy. . Hey. What's that you say?. You're not blaming me for anything. . Well, that's great, but I don't break that easy. . Does it fade away?. So, that's why I'm. I'm apologizing now. For telling you I thought that we could make it. I just don't get enough to believe that we've both changed. . See who am I to say this situation isn't great?. It is my time to make the most of it. Of course I didn't know that it would happen to me. . Not that easy, no. . No, no no. . If all along the fault is up for grabs,. Why can't she have it?. If it's for sale, what is your offer?. I will sell it for no less than what I bought it for. . Pay no more than absolutely zero. . Well, neither one of us deserves the blame,. Because opportunities moved us away. . It's not an easy thing to learn to play. A game that's made for two--that's you and me. The rules remain a mystery. . See how it's easy?. So, who am I to say this situation isn't great?. When it's our time to make the most of it,. How could we ever know that this would happen to me?. Not that easy, no. . No. . When all along the fault is up for grabs, and there you have it. . Well, it's for sale--go make your offer. . Will I sell it for no less than what I bought it for me? Pay no more than absolutely zero?. (Love, love). 
dcc16b62-b399-4978-8e25-ffbb4893eb32;Light breaks underneath. A heavy door. And I try to keep myself awake. Fall all around us on a hotel floor. And you think that you've made a mistake. And theres a pain in my stomach. From another sleepless binge. And I struggle to get myself up again. I want to hang onto something. That wont break away or fall apart. Like the pieces of my heart. And globes and maps are all around me now. I want to feel you breathe me. Globes and maps I see surround you here. Why wont you believe me? Globes and maps they chartered your way back home. Do you want to leave or something? Dreams came around you. In a hazy rain. You open your mouth wide to feel them fall. And I write a letter from a one-way train. But I dont think you'll read it at all. And globes and maps are all around me now. I want to feel you breathe me. Why won't you believe me. And globes and maps I see surround you here. Why won't you believe me? Globes and maps they charter your way back home. Do you want to leave or something? I can't take this anymore. I know that I can't take this anymore. I can't take this anymore. Cause I know someday I'll see you walk out that door. Globes and Maps are all around me now. I want to feel you breathe me. Globes and maps I see surround you here. Why won't you believe me? Globes and maps they charter your way back home. Do you want to leave? Do you want to leave? Globes and maps they charter your way back home. Do you want to leave or something? 
d7575dfc-f2bc-4bba-ab02-33c7838693e0;Don't hold yourself like that. You'll hurt your knees. I kissed your mouth and back. But that's all I need. Don't build your world around volcanoes melt you down. What I am to you is not real. What I am to you you do not need. What I am to you is not what you mean to me. You give me miles and miles of mountains. And I'll ask for the sea. Don't throw yourself like that. In front of me. I kissed your mouth your back. Is that all you need? Don't drag my love around volcanoes melt me down. What I am to you is not real. What I am to you you do not need. What I am to you is not what you mean to me. You give me miles and miles of mountains. And I'll ask for what I give to you. Is just what I'm going through. This is nothing new. No no just another phase of finding what I really need. Is what makes me bleed. And like a new disease she's still too young to treat. Volcanoes melt me down. She's still too young. I kissed your mouth. You do not need me. 
5632aae9-814a-49b2-9b38-69c4115f009d;Father can you hear me? How have I let you down? I curse the day that I was born. And all the sorrow in this world. Let me take you to the hurting ground. Where all good men are trampled down. Just to settle a bet that could not be won. Between a prideful father and his son. Will you guide me now, for I can't see. A reason for the suffering and this long misery. What if every living soul could be upright and strong? Well then I do imagine. There will be sorrow. Yeah, there will be sorrow. And there will be sorrow no more. When all soldiers lay their weapons down. Or when all kings and all queens relinquish their crowns. Or when the only true messiah rescues us from ourselves. It's easy to imagine. There will be sorrow. Yeah, there will be sorrow. And there will be sorrow no more. There will be sorrow. Yeah, there will be sorrow. And there will be sorrow no more. Yeah, there will be sorrow. Yeah, there will be sorrow. And there will be sorrow no more. 
348f9f45-e584-453e-8e00-ac56c9f5b1bb;Street's like a jungle. So call the police. Following the herd. Down to Greece. On holiday. Love in the nineties. Is paranoid. On sunny beaches. Take your chances. Looking for girls who are boys. Who like boys to be girls. Who dig boys like they're girls. Who dig girls like they're boys. Always should be someone you really love. Avoiding all work. 'Cause there's none available. Low battery thinkers. Count your thoughts. On one, two, three, four, five fingers. Nothing is wasted. Only reproduced. You get nasty blisters. Du bist sehr schön. But we haven't been introduced. Girls who are boys. Who like boys to be girls. Who dig boys like they're girls. Who dig girls like they're boys. Always should be someone you really love. Girls who are boys. Who like boys to be girls. Who dig boys like they're girls. Who dig girls like they're boys. Always should be someone you really love. Ah ah ah ah ah ah. Ah ah ah ah ah. Looking for. Girls, boys. Boys, girls. Girls, boys. Boys, girls. Always should be someone you really love. Girls who are boys. Who like boys to be girls. Who dig boys like they're girls. Who dig girls like they're boys. Always should be someone you really love. Girls who are boys. Who like boys to be girls. Who dig boys like they're girls. Who dig girls like they're boys. Always should be someone you really love. Girls who are boys. 
0344e517-9e30-45c2-9a8e-1fad6f892e6b;This is the greatest and best song in the world. Tribute. Long time ago, me and my brother Kyle here. We was hitchhikin' down a long and lonesome road. All of a sudden. There shined a shiny demon. In the middle of the road. And he said! "Play the best song in the world, or I'll eat your souls". Well, me and Kyle. We looked at each other. And we each said. "Okay". And we played the first thing that came to our heads. Just so happened to be. The best song in the world. It was the best song in the world. Look into my eyes and it's easy to see. One and one make two, two and one make three. It was destiny. Once every hundred-thousand years or so. When the sun doth shine, and the moon doth glow. And the grass doth grow. Needless to say. The beast was stunned. A-whip-crack went his whippy tail! And the beast was done. He asked us. "Be you angels?". And we said "Nay,. We are but men". Rock! Ah, ah, ah,. Ho, whoa, oh-yo! This is not the greatest song in the world, no. This is just a tribute! Couldn't remember the greatest song in the world, yeah, no! This is a tribute, oh. To the greatest song in the world. All right! It was the greatest song in the world. All right! It was just the best motherfuckin' song. The greatest song in the world, all right! Dee soo guh goo gee goo gee. Goo guh fli-goo gee goo, guh fli-goo ga goo buh dee. Ooh guh goo bee, ooh guh guh bee guh guh bee. Fli-goo gee goo, a-fli-guh woo wa mama. Lucifer. And the peculiar thing is this, my friends. The song we sang on that fateful night. It didn't actually sound anything like this song! This is just a tribute! You gotta believe me,. And I wish you were there. Just a matter of opinion. Ha, ha, ha, ha, ha! Good God, got lovin'. Just so surprised to find you can't stop it. Oh hallelujah, I'm found. Rich motherfucking ka-chug. All right! All right! 
345ce241-49ea-42ce-a3f9-74ba50e28e59;At first I was afraid. I was petrified. I kept thinking I could never live. Without you by my side. But then I spent so many nights. Just thinking how you've done me wrong. I grew strong. I learned how to get along. And so you're back. From outer space. I just walked in to find you. Here without that look upon your face. I should have changed my fucking lock. I would have made you leave your key. If I'd have known for just one second. You'd be back to bother me. Oh now go. Walk out the door. Just turn around now. You're not welcome anymore. Weren't you the one. Who tried to break me with desire? Did you think I'd crumble? Did you think I'd lay down and die? Oh not I. I will survive. Yeah. As long as I know how to love. I know I'll be alive. I've got all my life to live. I've got all my love to give. I will survive. I will survive. Yeah, yeah. It took all the strength I had. Just not to fall apart. I'm trying hard to mend the pieces. Of my broken heart. And I spent oh so many nights. Just feeling sorry for myself. I used to cry. But now I hold my head up high. And you see me. With somebody new. I'm not that stupid little person. Still in love with you. And so you thought you'd just drop by. And you expect me to be free. But now I'm saving all my lovin'. For someone who's lovin' me. Oh now go. Walk out the door. Just turn around now. You're not welcome anymore. Weren't you the one. Who tried to break me with desire? Did you think I'd crumble? Did you think I'd lay down and die? Oh not I. I will survive. Yeah. As long as I know how to love. I know I'll be alive. I've got all my life to live. I've got all my love to give. I will survive. I will survive. Yeah, yeah. Da da, da da, da da dada. Da, da, da, da, dada dada dada dada. Oh no. 
041dc98e-a483-44e8-be21-cd23538f0ca3;I'm seeing red. Don't think you'll have to see my face again. Don't have much time for sympathy. 'Cause it never happened to me. You're feeling blue now. I think you bit off more than you could chew. And now it's time to make a choice. And all I wanna hear is your. So follow the leader down. And swallow your pride and drown. When there's no place left to go. Maybe that's when you will know. Follow the leader down. And swallow your pride and drown. When there's no place left to go. Maybe that's when you will know. And foolish lies. Oh, can't you see I tried to compromise? 'Cause what you say ain't always true. And I can see the tears in your eyes. And what you said now. Can't stop the words from running through my head. And what I'd do to get through to you. But you'd only do it again. So follow the leader down. And swallow your pride and drown. When there's no place left to go. Maybe that's when you will know. Follow the leader down. And swallow your pride and drown. When there's no place left to go. Maybe that's when you will know. ohhh-oh yeah. I confess. I don't know what to make from all this mess. Don't have much time for sympathy. But it never happened to me. You're feeling down now. I don't know where I'll be when you come around. And now it's time to make a choice. And all I wanna hear is your voice. 
dc521f22-acba-4b01-8fc6-224ebef0d006;Oh, until tomorrow, I wear this crooked crown. To balance the power Telling me to dance the night away, now. Dance the night away oh oh oh yeah. I wear this crooked crown. Come close, you've never been so far away my dear. Move your hips, pretty darling - Oh Sugar come on. Shake your hips, pretty darling - Oh Sugar come on. Until tomorrow, I wear this crooked crown. Under the moonlight. Asking me to raise the dead, uh oh oh. Raise the dead, uh oh oh oh oh yeah. I wear this crooked crown. Come close, you've never been so far away, my dear. Move your hips, pretty darling - Oh Sugar come on. Shake your hips pretty darling. Move your hips, pretty darling - Oh Sugar come on. Shake your hips, pretty darling. Oh sugar why you wanna go and start this war? Why you wanna go all alone? Why you wanna go and start this war? Why you wanna go all alone? Why you wanna go and start this war? Why you wanna go? Move your hips, pretty darling - Oh Sugar come on. Shake your hips, pretty darling - Oh Sugar come on. Move your hips, pretty darling - Oh sugar come on. Shake your hips pretty darling - Oh Sugar come on. Oh come on, oh come on, oh come on. Oh Sugar come on, oh come on, oh come on. Oh Sugar come on, move your hips, shake your hips. Oh Sugar come on, oh come on oh come on. 
0330e52e-a7b2-45db-873e-87d206ae7d42;I got a twenty dollar bill. That says no one's ever seen you without make-up. You're always made up. And I'm sick of your tattoos. And the way you always criticize the Smiths. And Morrissey. And I know that you're a sucker for anything acoustic. But when I say let's keep in touch. I really mean I wish that you'd grow up. This is the first song for your mix tape. It's short just like your temper. Somewhat golden like the afternoons. We used to spend before you got too cool. I've got a twenty dollar bill. Says no one's ever seen you without make-up. You're always made up. And I'm sick of your tattoos. And the way you don't appreciate Brand New. or me. And I know that you're a sucker for anything acoustic. But when I say let's keep in touch. I really mean I wish that you'd grow up. This is the first song for your mix tape. And it's short just like your temper. But somewhat golden like the afternoons. We used to spend before you got too cool. Yeah, but I wish you were my shadow. Yeah, but I wish you were my shadow. Yeah, but I wish you were my shadow. Yeah, but I wish you were my shadow. 
542947ed-36aa-41d7-8d6f-ef15a8dc3395;NA
09c9eeee-e209-4cf6-a77b-6315eea6daf7;If dust could only talk. What would we hear it say? Before it's brushed aside. Just as it's swept away. It's just the evidence. It's of no consequence. It's only flesh and bone. Why don't you leave it alone? If dust could only speak. Caught in a falling beam. If dust could only cry. If dust could only scream. For it's the single witness that might testify. Could I spit out the truth? Or would you rather just swallow a lie? But dust is always caught behind a coat of paint. Beneath the marble fingernails of kings and saints. And in the theatre curtain where they hang a drape. Or in the ticket pocket where your hands escape. Before they start to wander. Or they start to shrink. You rub your eye a little and appear to blink. And then she caught you staring. She knows just what you're thinking. What got into you was not a ghost as such. It was just dust. Here comes the juggernaut. Here come The Poisoners. They choke the life and land. And rob the joy from us. Why do they taste of sugar. Oh, when they're made of money. Here comes the lamb of God. And the butcher's boy, Sonny. Well I believe we just. Become a speck of dust. 
dc36c04c-ac4e-4dfe-a211-6691ac1a6736;I've never felt so guitly. And it's never felt so right. I've never been a victim before. And I've never been so jealous. Of the fool on the floor. I've managed just to drag him home. I feel pleasently raw. Oh, little world do you want to play? Oh, sexy girl do you think you'll saty? This crazy world, all my skies gone grey. Oh, pretty girl, please don't melt away. Well I've never witnessed change. Though I always thought I would. I've never been deranged. Though you always thought I was. I've never felt like killing. Cause I never gave a shit. I've never been a victim before. I guess you thought I was him. Well I'm not him. Oh little world do you want to play? Oh sexy girl do you think you'll stay? This crazy world, all my skies gone grey. Oh pretty girl please don't melt away. I'll bend and break cause I'm so fragile. Oh little world do you want to play? Oh sexy girl do you think you'll stay? This crazy world, all my skies gone grey. Oh pretty girl, please don't melt away. Lightning glances penetrate me. I'd better say my prayers. I'll take my chances in the wind. We'll see who really cares. I've never been a victim. Though you might disagree. I feel now, I'm finally free. 
ca317267-675d-4ca0-912b-f7e94cad2d60;Can you feel it, see it, hear it today? If you can't, then it doesn't matter anyway. You will never understand it, 'cause it happens too fast. And it feels so good, it's like walking on glass. It's so cool, it's so hip, it's alright. It's so groovy, it's outta sight. You can touch it, smell it, taste it, so sweet. But it makes no difference 'cause it knocks you off your feet. You want it all, but you can't have it. It's cryin', bleedin', lyin' on the floor. So you lay down on it and you do it some more. You've got to share it, so you dare it. Then you bare it and you tear it. You want it all, but you can't have it (Yeah, yeah, yeah). It's in your face but you can't grab it (Yeah, yeah, yeah). It's alive, afraid, a lie, a sin. It's magic, it's tragic, it's a loss, it's a win. It's dark, it's moist, it's a bitter pain. It's sad, it happened, and it's a shame. You want it all, but you can't have it (Yeah, yeah, yeah). It's in your face, but you can't grab it. What is it? It's it. What is it? It's it. What is it? It's it. What is it? It's it. What is it? It's it. What is it? It's it. What is it? It's it. What is it? You want it all, but you can't have it (Yeah, yeah, yeah). It's in your face, but you can't grab it (Yeah, yeah, yeah). It's it. What is it? It's it. What is it? It's it. What is it? It's it. (Yeah, yeah, yeah). It's it. What is it? It's it. What is it? It's it. What is it? It's it. (Yeah, yeah, yeah). It's it. What is it? It's it. What is it? It's it. What is it? It's it. (Yeah, yeah, yeah). It's it. What is it? It's it. What is it? It's it. What is it? It's it. (Yeah, yeah, yeah). It's it. 
1393cf44-22c7-470f-a99f-3434bca9a77b;I get up. When I'm down. I can't swim. But my soul won't drown. I do believe. I got flare. I got speed. And I walk on air. Cos God gimme soul in your rock 'n' roll, babe. Cos God gimme soul in your rock 'n' roll, babe. And I get so high I just can't feel it. And I get so high I just can't feel it. In and out my brain, runnin' through my vein. You're my sunshine, you're my rain. There's a love. That shines on. Shines on me. And it keeps me warm. It gimme peace. I must say. I can't sleep. Cos the world won't wait. Cos God gimme soul in your rock 'n' roll, babe. Cos God gimme soul in your rock 'n' roll, babe. And I get so high I just can't feel it. And I get so high I just can't feel it. In and out my brain, runnin' through my vein. You're my sunshine, you're my rain. And I get so high I just can't feel it. And I get so high I just can't feel it. And I get so high I just can't feel it. And I get so high I just can't feel it. In and out my brain, runnin' through my vein. You're my sunshine, you're my rain. 
eee36312-6551-4c37-a0e2-9b3fffbcba97;Hohhh. Aah-ah ohhh, Aah-ah ohhh,. Ohh ohh ohh. Dead, on my head. Wasting time, on my own. Sleep, rescue me. Take me back, to my home (Oh take me home). For, the times. That you wanna go, and. Bust rhymes real slow. I'll appear. Slap you on the face, and. Enjoy the show. Aah-ah ohhh, Aah-ah ohhh,. Ohh ohh ohh. Cheese, smells so good. On a burnt, piece of lamb (Cheese on what?). Fag of the year. Who could beat, up your man. For, the times. That you wanna go, and. Bust rhymes real slow. I'll appear. Slap you on the face, and. Enjoy the show. Ohhhhhh this dope nose. Aah-ah ohhh, Aah-ah ohhh,. Ohh ohh ohh. For, the times. That you wanna go, and. Bust rhymes real slow. I'll appear. Slap you on the face, and. Enjoy the show. Ohhhhhh this dope nose. Aah-ah ohhh, Aah-ah ohhh,. Ohh ohh ohh. 
049c8408-eee6-4a4d-b738-28af7e90053d;Can you tell I'm faking it? But I want to be myself. A counterfeit disposition. Can't be good for my health. So many different faces. Depending on the different phases. My personality changes. I'm a chameleon. There's more then one dimension. I can fool you and attract attention. Camouflage my nature. Let me demonstrate. Makeup's all off. Who am I? Magic's in the makeup. Who am I? If you bore me then I'm comfortable. If you interest me I'm scared. My attraction paralyses me. No courage to show my true colors that exist. But I want to be the real thing. But if you catch my eye can't be authentic. The ones I loath are the one's. That know me the best. My makeup's all off. Who am I? The magic's in the makeup. Who am I? The makeup's all off. Who am I? If the magic's in the make up. Then who am I? Magic's in the makeup. But I want to be the real thing. But the magic's in the makeup. And I want to be the real thing. My makeup's all off. Who am I? 
10f40825-4ac6-4d3c-90b6-aa667013dfda;So quiet, another wasted night. The television steals the conversation. Exhale, another wasted breath. Again it goes unnoticed. Please tell me you're just feeling tired. 'Cause if it's more than that I fear that I might break. Out of touch, out of time. Please send me anything but signals that are mixed. 'Cause I can't read your rolling eyes. Out of touch. Are we out of time? Closed lipped, another goodnight kiss. Is robbed of all its passion. Your grip, another time is slack. And leave me feeling empty. Please tell me you're just feeling tired. 'Cause if it's more than that I feel that I might break. Out of touch, out of time. Please send me anything but signals that are mixed. 'Cause I can't read your rolling eyes. Out of touch. Are we out of time? I'll wait until tomorrow. Maybe you'll feel better then. Maybe we'll be better then. So what's another day. when I can't bear these nights of thoughts of going on without you? This mood of yours is temporary. It seems worth the wait to see you smile again. Out of the corner of my eye. Won't be the only way you're looking at me then. So quiet, another wasted night. The television steals the conversation. Exhale, another wasted breath. Again it goes unnoticed. 
d267bad2-c70a-4048-a0dd-7b61db93bedb;I'm not alone because the TV's on, yeah. I'm not crazy 'cause I take the right pills every day and rest. Clean your conscience. Clear your thoughts with Speyside with your brain. Clean your conscience. Clear your thoughts with Speyside. Salt, sweat, sugar on the asphalt. Our hearts littering the topsoil. Tune in and we can get the last call. Our lives, our coal. Salt, sweat, sugar on the asphalt. Our hearts littering the topsoil. Sign up: the picket line or the parade. Our lives. I'm not alone because the TV's on, yeah. I'm not crazy 'cause I take the right pills every day and rest. Clean your conscience. Clear your thoughts with Speyside and with your brain. Clean your conscience. Clear your thoughts with Speyside. Salt, sweat, sugar on the asphalt. Our hearts littering the topsoil. Tune in and we can get the last call. Our lives, our coal. Salt, sweat, sugar on the asphalt. Our, our hearts yeah, littering the topsoil. Sign up: the picket line or the parade. Our lives. Bleed from my arm. Won't they give it a rest now? (Give it a rest now). Now, now, now. Salt, sweat, sugar on the asphalt. Our hearts littering the topsoil. Tune in and we can get the last call, call. Our lives, our coal. Salt, sweat, sugar on the asphalt (Oh!). Our hearts littering the topsoil (Oh!). Sign up: the picket line or the parade (Oh!). Our lives, our coal (Oh! Yeah!). 
662eef72-f432-4712-8cad-efe4e33c33f0;Do you like American music? I like American music. Don't you like American music, baby? I want you to hold me, I want your arms around me. I want you to hold me, baby. Did you do too many drugs? I did too many drugs. Did you do too many drugs, too, baby? You were born too late, I was born too soon,. But every time I look at that ugly moon, it reminds me of you. It reminds me of you. ooh-ooh-ooh. I need a date to the prom, would you like to come along? But nobody would go to the prom with me, baby. They didn't like American music, they never heard American music. They didn't know the music was in my soul, baby. You were born too soon, I was born too late,. But every time I look at that ugly lake, it reminds me of me. It reminds me of me. Do you like American music?. I like American music. . Do you like American music?. But I like American music best. baby. You were born too late, and I was born too late,. But every time I look at that ugly lake, it reminds me of me. 
9e31bcd1-d0c8-4dbc-815d-b5dceaf82222;The heart is a bloom. Shoots up through the story ground. There's no room. No space to rent in this town. You're out of luck. And the reason that you had to care. The traffic is stuck. And you're not moving anywhere. You thought you'd found a friend. To take you out of this place. Someone you could lend, a hand. In return for grace. It's a beautiful day. The sky falls. And you feel like. It's a beautiful day. Don't let it get away. You're on the road. But you've got no destination. You're in the mud. In the maze of her imagination. You love this town. Even if it doesn't ring true. You've been all over. And it's been all over you. It's a beautiful day. Don't let it get away. It's a beautiful day. Touch me. Take me to that other place. Teach me. I know I'm not a hopeless case. See the world in green and blue. See China right in front of you. See the canyons broken by cloud. See the tuna fleets clearing the sea out. See the Bedouin fires at night. See the oil fields at first light and. See the bird with a leaf in her mouth. After the flood all the colours came out. It was a beautiful day. Don't let it get away. Beautiful day. Touch me. Take me to that other place. Reach me. I know I'm not a hopeless case. What you don't have you don't need it now. What you don't know you can feel it somehow. What you don't have you don't need it now. Don't need it now. It's a beautiful day. 
021b3c57-3eac-4e8a-9690-643461c23a93;I'll fawn over photographs. that you never would get to see. swallow your own neglect. with your miserable company. your daughter forgot her memories. your daughter forgot her. remember these. I'm over the precedent. of a false security. no matter how I come back. can never be proud of me. it's too long. to stay gone. it's too long. to stay gone. I don't regret what words were said. deserved respect you never had. watching the world keep falling around you. I don't expect your hand in this. under duress and influence. watching the world keep falling around you. I'll fawn photographs. that you never would get to see. no matter how I come back. can never be proud of me. it's too long. to stay gone. it's too long. to stay gone. I don't regret what words were said. deserved respect you never had. watching the world keep falling around you. I don't expect your hand in this. under duress and influence. watching the world keep falling around you. (around you, around you). I don't regret what words were said. deserved respect you never had. watching the world keep falling around you. 
ca397586-9703-40eb-9b90-88469f0ce2fb;I'm feeling happy so highly evolved. My time's a riddle that will never be solved. Dreamin' for somethin' reachin' for somethin'. Just waitin' for the sun to carry me in. If you feel low. You can buy love. From a payphone. I don't feel low. My brother Bill he work for the market. Life is an arrow and now he's the target. Dreamin' for somethin' reachin' for somethin'. Just waitin' for the sun to carry me in. If you feel low. You can buy blow. From a payphone. I don't feel low. Highly evolved. I don't feel low. Highly evolved. 
ba0a796c-bd1f-4d4b-85a8-918f217a204a;I will stop. I will stop at nothing. Say the right things. When electioneering. I trust I can rely on. Your votes. When I go forwards you go backwards. And somewhere we will meet. When I go forwards you go backwards. And somewhere we will meet. Riot shields. Voodoo economics, it's just, it's just. It's just business. Cattle prods and the IMF. I trust I can rely on. Your votes. When I go forwards you go backwards. And somewhere we will meet. When I go forwards you go backwards. And somewhere we will meet. 
90b076a6-e2c7-4778-aa50-5e714556e241;I miss you. but I haven't met you yet. So special. but it hasn't happened yet. You are gorgeous. but I haven't met you yet. I remember. but it hasn't happened yet. And if you believe in dreams. or what is more important. that a dream can come true. I will meet you. I was peaking. but it hasn't happened yet. I haven't been given. my best souvenir. I miss you. but I haven't met you yet. I know your habits. but wouldn't recognize you yet. And if you believe in dreams. or what is more important. that a dream can come true. I will meet you. I'm so impatient. I can't stand the wait. When will i get my cuddle? Who are you? I know by now that you'll arrive. by the time I stop waiting. I miss you! 
36e956d7-f68b-4461-9766-d878be9281b2;Gimme the ring, kissed and told. Gimme something that I missed (Gimme the ring). A hand to hold, wild and what it seems(Gimme the ring). Kill the king with love is the law. And the wheel turn round. (Gimme the ring). Gimme dream child. And do you hear me call? (Gimme the ring). On the loan and on the level. Still on the floor (Gimme the ring). Sing dream child. And do you hear at all? (Sing). (Sing). Hey now, hey now now, sing This Corrosion to me. Hey now, hey now now, sing This Corrosion to me. Hey now, hey now now, sing This Corrosion to me. Hey now, hey now now, sing. Gimme siren, child and do you hear me? Gimme siren, child, and do you hear me call? Sing, child, of right and wrong. Gimme things that don't last long. Gimme siren, child, and do you hear me call? (Sing). (Sing). Hey now, hey now now, sing This Corrosion to me. Hey now, hey now now, sing This Corrosion to me. Hey now, hey now now, sing This Corrosion to me. Hey now, hey now now, sing. On days like this. In times like these. I feel an animal deep inside. Heel to haunch on bended knees. Living on if and if I tried. Somebody send me. please. Dream wars and a ticket to seem. Giving out and in. Selling the don't belong. Well, what do you say. D'you have a word for Giving Away? Got a song for me? (Sing). (Sing). Hey now, hey now now, sing This Corrosion to me. Hey now, hey now now, sing This Corrosion to me. Hey now, hey now now, sing This Corrosion to me. Hey now, hey now now, sing. I got nothing to say I ain't said before. I bled all I can, I won't bleed no more. I don't need no one to understand. Why the blood run hold. The hired hand. On heart. Hand of God. Floodland and Driven Apart. Run cold. Turn. Cold. Burn. Like a healing hand. Like a healing hand. Like a healing hand. Like a healing hand. 
3a0bb352-5a82-402a-86c2-9507f564f3cd;All the locals hide their tears of regret. Open fire, 'cause I love you to death. Sky-high with a heartache of stone. You'll never see me, 'cause I'm always alone. How to love without a trace of dissent. I'll buy the torture, 'cause you pay for the rent. Tied high with a broken command. You're all alone to the Promised Land. I'm in love with this malicious intent. You've been taken, but you don't know it yet. What you will know must never live to be found. 'Cause it's the subject of the eyes of the drowned. "What we are looking at. "Is good and evil,. "Right and wrong! "A New World Order". "We're not about to make that same mistake again. ". "A New World Order". 
1c7de8d1-a75b-40ec-b1ff-a091a5748f55;The sun shines and people forget. The spray flies as the speedboat glides, and people forget. Forget they're hiding. The girls smile and people forget. The snow packs as the skier tracks, and people forget. Forget they're hiding. Behind an eminence front. Eminence front, it's a put on. It's an eminence front. It's an eminence front, it's a put on. An eminence front. Eminence front, it's a put on, eminence front. It's an eminence front. It's an eminence front, it's a put on, it's a put on, it's a put on, it's a put on. Come and join the party, dressed to kill. Won't you come and join the party, dressed to kill. Dressed to kill. Drinks flow, people forget. That big wheel spins, the hair thins, people forget, forget they're hiding. The news slows, people forget. The shares crash, hopes are dashed, people forget. Forget they're hiding. Behind an eminence front. An eminence front, it's a put on. It's just an eminence front. An eminence front, it's a put on. An eminence front. An eminence front, it's a put on. Eminence front. It's an eminence front, it's a put on, it's a put on, it's a put on, it's a put on. Come and join the party, dressed to. Come and join the party, dressed to. Come on join the party, dressed to. Come on join the party, dressed to kill. Dress yourself to kill. 
3e627146-83e8-4ddb-bb0a-c9e885f03efb;NA
5684dee5-22fe-4697-8c52-6fed59fb5cbc;Sweat, baby, sweat, baby, sex is a Texas drought. Me and you do the kind of stuff that only Prince would sing about. So put your hands down my pants and I'll bet you'll feel nuts. Yes I'm Siskel, yes I'm Ebert, and you're getting two thumbs up. You've had enough of two-hand touch, you want it rough, you're out of bounds. I want you smothered, want you covered like my Waffle House hashbrowns. Come quicker than FedEx, never reach an apex just like Coca Cola stock. You are inclined too make me rise one hour early just like Daylight Savings Time. You and me baby ain't nothin' but mammals. So let's do it like they do on the Discovery Channel. You and me baby ain't nothin' but mammals. So let's do it like they do on the Discovery Channel. Love, the kind you clean up with a mop and bucket. Like the lost catacombs of Egypt, only God knows where we stuck it. Hieroglyphics? Let me be specific, I wanna be down in your South Seas. But I got this notion that the motion of your ocean means "Small Craft Advisory". So if I capsize on your thighs high tide, B-5 you sunk my battleship. Please turn me on, I'm Mister Coffee with an automatic drip. So show me yours, I'll show you mine, "Tool Time" you'll Lovett just like Lyle. And then we'll do it doggy style so we can both watch X-Files. You and me baby ain't nothin' but mammals. So let's do it like they do on the Discovery Channel. You and me baby ain't nothin' but mammals. So let's do it like they do on the Discovery Channel. You and me baby ain't nothin' but mammals. So let's do it like they do on the Discovery Channel. You and me baby ain't nothin' but mammals. So let's do it like they do on the Discovery Channel. You and me baby ain't nothin' but mammals. So let's do it like they do on the Discovery Channel. You and me baby ain't nothin' but mammals. So let's do it like they do on the Discovery Channel. 
34bfd80e-8d0f-4def-9690-397ed139b7ae;Beat's so lonely. I bet it's lonely at the top. She hesitates. But the beat will never stop. Wanting him only. But the people never see. Her heart burning. That's the secret that she keeps. Come on baby. You know there's something missing. Don't find nothing. No more coincidences. Pretty baby. Look in his eyes and you will see. Things will happen. But only if they're meant to be. Beat's so lonely. I bet it's lonely at the top. So lonely at the top. So lonely. She said. Beat's so lonely. If you let it be that way. She can't tell the difference anyway. She thinks hold me. But she's scared to say. She paid dearly for the answers of her days. Answers of her. Answers of her days. Beat's so lonely. As she waits so patiently. Her heart's yearning. How she'd love him to see. He's not hurting. But he wouldn't mind to be. She still sees him. She sees him interestingly. Come on baby. You know there's something missing. Don't find nothing. No more coincidences. Pretty baby. Before you give him all you got. Got to come closer. You got to give it one more shot. Beat's so lonely. I bet she's lonely at the top. So lonely at the top. So lonely. She said. Beat's so lonely. If you let it be that way. She can't tell the difference anyway. She thinks hold me. But she's scared to say. She paid dearly for the answers of her days. Answers of her days. Answers of her days. So lonely (x8). Come on baby. You know there's something missing. Don't find nothing. No more coincidences. Pretty baby. Before you give him all you got. You got to come closer. You got to give it one more shot. Beat's so lonely. I bet she's lonely at the top. So lonely at the top. So lonely. So lonely (x10). 
52cecbdb-7af9-4668-a77b-6b086ecc8338;All our times have come. Here but now they're gone. Seasons don't fear the reaper. Nor do the wind, the sun or the rain. We can be like they are. Come on baby. Don't fear the reaper baby take my hand. Don't fear the reaper well be able to fly. Don't fear the reaper baby I'm your man. Laaaa la laaa la la. Laaaa la laaa la la. Valentine is done. Here but now they're gone. Romeo and Juliet. Are together in eternity Romeo and Juliet. Forty thousand men and women everyday like Romeo and Juliet. Forty thousand men and women everyday redefine happiness. Another forty thousand coming everyday we can be like they are. Come on baby. Don't fear the reaper baby take my hand. Don't fear the reaper well be able to fly. Don't fear the reaper baby I'm your man. Laaaa la laaa la la. Laaaa la laaa la la. Love of two is one. Here but now they're gone. Came the last night of sadness. It's clear she couldn't go on. Door was open and the wind appeared. The candles blew then disappeared. The curtains flew then he appeared. Saying don't be afraid. Come on baby. And she had no fear. And she ran to him. Then she started to fly. They looked backward and said goodbye. She had become like they are. She had taken his hand. She had become like they are. Come on baby. Don't fear the reaper. Don't fear the reaper. Don't fear the reaper. Laaaa la laaa la la. Laaaa la laaa la la. 
60a2f38a-c012-45ef-ac0b-76ce48e5b923;When I was young, I was so full of fear. I hid behind anger, and held back the tears. It was me against the world, I was sure I would win. But the world fought back, punished me for my sins. Well, I felt so alone, so insecure. But I blamed you instead, made sure I was heard. They tried to warn me of my evil ways. But I couldn't hear what they had to say. I was wrong. Self-destruction's got me again. I was wrong. I realize now that I was wrong. And I think about my loves, well, I've had a few. I'm sorry that I hurt them, did I hurt you too? Well, I took what I wanted, put my heart on the shelf. But how can you love when you don't love yourself? It was me against the world, I was sure that I'd win. But the world fought back, punished me for my sins. They tried to warn me of my evil way. But I couldn't hear what they had to say. I was wrong. Self-destruction's got me again. I was wrong. I realize now that I was wrong. I was wrong. I was wrong. Well, I grew up fast, and I grew up hard. Something was wrong from the very start. I was fighting everybody, I was fighting everything. But the only one that I hurt was me. I got society's blood running down my face. Somebody help me get out of this place. How could someones bad luck last so long. Until I realized that I was wrong. 
390b9da7-d0d7-4e3c-9aab-afe22588c4e8;Well, I'm an axe grinder. Piledriver. Mama says that I never, never mind her. Got no brains. I'm insane. The teacher says that I'm one big pain. I'm like a laser. Six-string razor. I got a mouth like an alligator. I want it louder. More power. I'm gonna rock it 'til it strikes the hour. Bang your head. Metal health will drive you mad. Bang your head. Metal health will drive you mad, all right. Well, I'm frustrated. Outdated. I really want to be overrated. I'm a finder. And I'm a keeper. I'm not a loser and I ain't no weeper. I got the boys. To make the noise. Won't ever let up, hope it annoys you. Join the pack. Fill the crack. Well, now you're here, there's no way back. Bang your head. Metal health will drive you mad. Bang your head. Metal health will drive you mad. Metal health will cure your crazy. Metal health will cure your mad. Metal health is what we all need. It's like a heart attack. Bang your head. Wake the dead. We're all metal mad. It's all you have. So bang your head. And raise the dead, oh yeah. Metal health. It drives you mad, mad, mad, mad. Bang your head. Metal health will drive you mad. Bang your head. Metal health will drive you mad. Bang your head. Metal health will drive you mad. Bang your head. 
1c07ed06-eee8-4d32-8328-fa88213af557;NA
68dfa248-754a-4839-a86e-d6f17813f16a;Well you're dirty and sweet. Clad in black. Don't look back. And I love you. You're dirty and sweet oh yeah. Well you're slim and you're weak. You got the teeth. Of the hydra upon you. You're dirty sweet. And you're my girl. [Chorus:]. Get it on. Bang a gong. Get it on. Get it on. Bang a gong. Get it on. Well you're built like a car. You got a hubcap. Diamond star halo. You're built like a truck oh my. You're an untamed youth. That's the truth. With your cloak full of eagles. You're dirty sweet. And you're my girl. [Chorus:]. Well you're windy and wild. You got the blues. I'm your shoes and your stockings. You're windy and wild oh yeah. You're built like a car. You got a hubcap. Diamond star halo. You're dirty sweet. And you're my girl. [Chorus:]. Get it on. Bang a gong. 
67a27792-431c-4346-8dfb-ec26f155fbdb;You see 'em comin' at you every night. Strung on pretension, they fall for you at first sight. You know their business, you think it's a bore. They make you restless, it's nothing you ain't seen before. Get around town, spend your time on the run. You never let down, say you do it for fun. You never miss a play, though you make quite a few. You give it all away, everybody wants you, yeah. You crave attention, you can never say no. Throw your affections any way the wind blows. You always make it, you're on top of the scene. You sell the copy like the cover of a magazine, ooh. Putting on the eyes till there's nobody else. You never realize what you do to yourself. The things that they see make the daily reviews. You never get free, everybody wants you. Everybody knows you. Everybody snows you. Everybody leads you, needs you, bleeds you. Uh. Nights of confusion and impossible dreams. Days in the mirror, patching up around the seams. You got your glory, you paid for it all. You take your pension in loneliness and alcohol. Say goodbye to conventional ways. You can't escape the hours, you lose track of the days. The more you understand, seems the more like you do. You never get away, everybody wants you, ooh. 
588df122-5d99-4e49-ac12-0a3968a359de;NA
d4f8602d-cc05-41af-a730-208dda54ca1e;La, la, la la la, la, la, la la la. I wrote her off for the tenth time today. And practiced all the things I would say. But she came over, I lost my nerve. I took her back and made her dessert. Oh, I know I'm being used. That's okay, man, 'cause I like the abuse. I know she's playing with me. That's okay, 'cause I got no self esteem. Oh way oh, yeah, yeah. Oh, yeah, yeah. Oh, yeah, yeah. Oh, yeah, yeah. We make plans to go out at night. I wait till two, then I turn out the light. This rejection's got me so low. If she keeps it up I just might tell her so. Oh way oh, yeah, yeah. Oh, yeah, yeah. Oh, yeah, yeah. Oh, yeah, yeah. When she's saying, oh that she wants only me. Then I wonder why she sleeps with my friends. When she's saying, oh that I'm like a disease. Then I wonder how much more I can stand. Well, I guess I should stick up for myself. But I really think it's better this way. The more you suffer, the more it shows you really care. Right?. Yeah! Now, I'll relate this little bit. It happens more than I'd like to admit. Late at night she knocks on my door. She's drunk again and looking to score. Now, I know I should say no. But it's kind of hard when she's ready to go. I may be dumb, but I'm not a dweeb. I'm just a sucker with no self esteem. Oh way oh, yeah, yeah. Oh, yeah, yeah. Oh, yeah, yeah. Oh, yeah, yeah. When she's saying, oh that she wants only me. Then I wonder why she sleeps with my friends. When she's saying, oh that I'm like a disease. Then I wonder how much more I can stand. Well, I guess I should stick up for myself. But I really think it's better this way. The more you suffer, the more it shows you really care. Right?. Yeah!